1010110101010101
1001110011110011
1001110011110011
1001110011110011
1001110011110011
1001110011110011
1001110011110011
1001110011110011
1001110011110011
1010110101110101
1010110101010101
1010010100010100
1010010100010100
1010010100010100
1001110011110011
1001110011110011
1001110011110011
1001110011110011
1001110011110011
1011010110010110
1010010100010100
1001110011110011
1001110011110011
1001110011110011
1001110011110011
1001110011110011
1001110011110011
1001110011110011
1001110011110011
1011010110110110
1001110011110011
1001110011110011
1001110011110011
1001110011110011
1001110011110011
1001110011110011
1001110011110011
1001110011110011
1001110011110011
1011010110110110
1001110011110011
1010010100010100
1001110011110011
1001110011110011
1001110011110011
1001110011110011
1001110011110011
1001110011110011
1010010100010100
1011010110110110
1001110011110011
1001110011110011
1001110011110011
1001110011110011
1001110011110011
1001110011110011
1001110011110011
1001110011110011
1010010100010100
1011010110110110
1001110011110011
1001110011110011
1001110011110011
1001110011110011
1001110011110011
1001110011110011
1001110011110011
1001110011110011
1011010110010110
1010010100110100
1001110011110011
1010010100010100
1010010100010100
1010010100010100
1010010100010100
1010010100010100
1001110011110011
1001110011110011
1011010110010110
1010010100010100
1010010100010100
1001110011110011
1001110011110011
1001110011110011
1001110011110011
1001110011110011
1001110011110011
1001110011110011
1011010110110110
1001110011110011
1001110011110011
1001110011110011
1001110011110011
1001110011110011
1001110011110011
1001110011110011
1001110011110011
1001110011110011
1011010110110110
1001110011110011
1001110011110011
1001110011110011
1001110011110011
1001110011110011
1001110011110011
1001110011110011
1001110011110011
1010010100010100
1011010110110110
1001110011110011
1001110011110011
1001110011110011
1001110011110011
1001110011110011
1001110011110011
1001110011110011
1001110011110011
1010010100010100
1011010110010110
1001110011110011
1001110011110011
1001110011110011
1001110011110011
1001110011110011
1001110011110011
1001110011110011
1010010100010100
1010010100010100
1000110001110001
1000010000010000
1000010000010000
1000010000010000
1000010000010000
1000010000010000
1000010000010000
1000010000010000
1000010000010000
1001110011010011
1000110001110001
1000010000010000
1000010000010000
1000010000010000
1000010000010000
1000010000010000
1000010000010000
1000010000010000
1000010000010000
1001110011010011
1000010000110000
1000010000010000
1000010000010000
1000010000010000
1000010000010000
1000010000010000
1000010000010000
1000010000010000
0111101111101111
1010010100010100
1000010000010000
1000010000010000
1000010000010000
1000010000010000
1000010000010000
1000010000010000
1000010000010000
1000010000010000
1000010000010000
1010010100010100
0111101111101111
1000010000010000
1000010000010000
1000010000010000
1000010000010000
1000010000010000
1000010000010000
1000010000010000
1000010000010000
1010010100010100
1000010000010000
1000010000010000
1000010000010000
1000010000010000
1000010000010000
1000010000010000
1000010000010000
1000010000010000
1000010000010000
1001110011110011
1000010000010000
1000010000010000
1000010000010000
1000010000010000
1000010000010000
1000010000010000
1000010000010000
1000010000010000
1001110011010011
1000110001010001
1000010000010000
1000010000010000
1000010000010000
1000010000010000
1000010000010000
1000010000010000
1000010000010000
0111101111101111
1001110011110011
1000110001010001
1000010000010000
1000010000010000
1000010000010000
1000010000010000
1000010000010000
1000010000010000
1000010000010000
0111101111101111
1001110011110011
1000010000010000
1000010000010000
1000010000010000
1000010000010000
1000010000010000
1000010000010000
1000010000010000
1000010000010000
1000010000010000
1010010100010100
1000010000010000
1000010000010000
1000010000010000
1000010000010000
1000010000010000
1000010000010000
1000010000010000
1000010000010000
1000010000010000
1001110011110011
0111101111101111
1000010000010000
1000010000010000
1000010000010000
1000010000010000
1000010000010000
1000010000010000
1000010000010000
1000010000110000
1001110011110011
1000010000010000
1000010000010000
1000010000010000
1000010000010000
1000010000010000
1000010000010000
1000010000010000
1000010000010000
1000010000010000
1000110001110001
1000010000010000
1000010000010000
1000010000010000
1000010000010000
1000010000010000
1000010000010000
1000010000010000
0111101111101111
1001010010110010
1000110001010001
1000010000010000
1000010000010000
1000010000010000
1000010000010000
1000010000010000
1000010000010000
1000010000010000
0111101111101111
1001110011010011
1000010000110000
1000010000010000
1000010000010000
1000010000010000
1000010000010000
1000010000010000
1000010000010000
1000010000010000
0111101111101111
1010010100010100
1000010000010000
1000010000010000
1000010000010000
1000010000010000
1000010000010000
1000010000010000
1000010000010000
1000010000010000
1000010000010000
1010010100010100
0111101111101111
1000010000010000
1000010000010000
1000010000010000
1000010000010000
1000010000010000
1000010000010000
1000010000010000
1000010000010000
1010010100010100
0111101111101111
1000010000010000
1000010000010000
1000010000010000
1000010000010000
1000010000010000
1000010000010000
1000010000010000
1000010000010000
1001110011110011
1000010000010000
1000010000010000
1000010000010000
1000010000010000
1000010000010000
1000010000010000
1000010000010000
1000010000010000
1001110011010011
1000110001010001
1000010000010000
1000010000010000
1000010000010000
1000010000010000
1000010000010000
1000010000010000
1000010000010000
0111101111101111
1001110011110011
1000010000110000
1000010000010000
1000010000010000
1000010000010000
1000010000010000
1000010000010000
1000010000010000
1000010000010000
0111101111101111
1001110011110011
1000010000010000
1000010000010000
1000010000010000
1000010000010000
1000010000010000
1000010000010000
1000010000010000
1000010000010000
0111101111101111
1010010100010100
0111101111101111
1000010000010000
1000010000010000
1000010000010000
1000010000010000
1000010000010000
1000010000010000
1000010000010000
1000010000010000
1001110011110011
0111101111101111
1000010000010000
1000010000010000
1000010000010000
1000010000010000
1000010000010000
1000010000010000
1000010000010000
1000010000110000
1001110011110011
0111101111101111
1000010000010000
1000010000010000
1000010000010000
1000010000010000
1000010000010000
1000010000010000
1000010000010000
1000010000010000
1000110001110001
1000010000010000
1000010000010000
1000010000010000
1000010000010000
1000010000010000
1000010000010000
1000010000010000
0111101111101111
1001010010110010
1000110001010001
1000010000010000
1000010000010000
1000010000010000
1000010000010000
1000010000010000
1000010000010000
1000010000010000
0111101111101111
1001110011010011
1000010000110000
1000010000010000
1000010000010000
1000010000010000
1000010000010000
1000010000010000
1000010000010000
1000010000010000
0111101111101111
1010010100010100
1000010000010000
1000010000010000
1000010000010000
1000010000010000
1000010000010000
1000010000010000
1000010000010000
1000010000010000
1000010000010000
1010010100010100
0111101111101111
1000010000010000
1000010000010000
1000010000010000
1000010000010000
1000010000010000
1000010000010000
1000010000010000
1000010000010000
1010010100010100
0111101111101111
1000010000010000
1000010000010000
1000010000010000
1000010000010000
1000010000010000
1000010000010000
1000010000010000
1000010000010000
1010010100010100
1000010000010000
1000010000010000
1000010000010000
1000010000010000
1000010000010000
1000010000010000
1000010000010000
1000010000010000
1001110011010011
1000110001010001
1000010000010000
1000010000010000
1000010000010000
1000010000010000
1000010000010000
1000010000010000
1000010000010000
0111101111101111
1001110011110011
1000010000110000
1000010000010000
1000010000010000
1000010000010000
1000010000010000
1000010000010000
1000010000010000
1000010000010000
0111101111101111
1001110011110011
1000010000010000
1000010000010000
1000010000010000
1000010000010000
1000010000010000
1000010000010000
1000010000010000
1000010000010000
0111101111101111
1010010100010100
0111101111101111
1000010000010000
1000010000010000
1000010000010000
1000010000010000
1000010000010000
1000010000010000
1000010000010000
1000010000010000
1001110011110011
0111101111101111
1000010000010000
1000010000010000
1000010000010000
1000010000010000
1000010000010000
1000010000010000
1000010000010000
1000010000110000
1001110011110011
0111101111101111
1000010000010000
1000010000010000
1000010000010000
1000010000010000
1000010000010000
1000010000010000
1000010000010000
1000010000010000
1000110001110001
1000010000010000
1000010000010000
1000010000010000
1000010000010000
1000010000010000
1000010000010000
1000010000010000
0111101111101111
1001010010110010
1000110001010001
1000010000010000
1000010000010000
1000010000010000
1000010000010000
1000010000010000
1000010000010000
1000010000010000
0111101111101111
1001110011010011
1000010000110000
1000010000010000
1000010000010000
1000010000010000
1000010000010000
1000010000010000
1000010000010000
1000010000010000
0111101111101111
1010010100010100
1000010000010000
1000010000010000
1000010000010000
1000010000010000
1000010000010000
1000010000010000
1000010000010000
1000010000010000
1000010000010000
1010010100010100
0111101111101111
1000010000010000
1000010000010000
1000010000010000
1000010000010000
1000010000010000
1000010000010000
1000010000010000
1000010000010000
1010010100010100
0111101111101111
1000010000010000
1000010000010000
1000010000010000
1000010000010000
1000010000010000
1000010000010000
1000010000010000
1000010000010000
1001110011110011
1000010000010000
1000010000010000
1000010000110000
1000010000110000
1000010000110000
1000010000110000
1000010000010000
1000010000010000
1001110011010011
1000110001010001
1000010000010000
1000010000010000
1000010000010000
1000010000010000
0111101111101111
1000010000010000
1000010000010000
0111101111101111
1001110011110011
1000010000110000
1000010000010000
1000010000010000
1000010000010000
1000010000010000
1000010000010000
1000010000010000
1000010000010000
0111101111101111
1010010100010100
1000010000010000
1000010000010000
1000010000010000
1000010000010000
1000010000010000
1000010000010000
1000010000010000
1000010000010000
0111101111101111
1010010100010100
0111101111101111
1000010000010000
1000010000010000
1000010000010000
1000010000010000
1000010000010000
1000010000010000
1000010000010000
1000010000010000
1001110011110011
0111101111101111
1000010000010000
1000010000010000
1000010000010000
1000010000010000
1000010000010000
1000010000010000
1000010000010000
1000010000110000
1001110011110011
0111101111101111
1000010000010000
1000010000010000
1000010000010000
1000010000010000
1000010000010000
1000010000010000
1000010000010000
1000010000010000
1000110001110001
1000010000010000
1000010000010000
1000010000010000
1000010000010000
1000010000010000
1000010000010000
1000010000010000
0111101111101111
1001010010110010
1000110001010001
1000010000010000
1000010000010000
1000010000010000
1000010000010000
1000010000010000
1000010000010000
1000010000010000
0111101111101111
1001110011010011
1000010000110000
1000010000010000
1000010000010000
1000010000010000
1000010000010000
1000010000010000
1000010000010000
1000010000010000
0111101111101111
1010010100010100
1000010000010000
1000010000010000
1000010000010000
1000010000010000
1000010000010000
1000010000010000
1000010000010000
1000010000010000
1000010000010000
1010010100010100
0111101111101111
1000010000010000
1000010000010000
1000010000010000
1000010000010000
1000010000010000
1000010000010000
1000010000010000
1000010000010000
1010010100010100
0111101111101111
0111101111101111
0111101111101111
1000010000110000
1001010010010010
1001110011110011
1010110101110101
1100011000011000
1100111001111001
1110011100011100
1101111011111011
1110011100011100
1110011100111100
1110011100111100
1110011100111100
1110011100111100
1110011100111100
1110011100011100
1110011100011100
1101011010111010
1100011000111000
1011010110110110
1010010100110100
1001010010110010
1000110001010001
1000010000010000
0111101111101111
0111101111101111
1001110011010011
1000010000110000
1000010000010000
1000010000010000
1000010000010000
1000010000010000
1000010000010000
1000010000010000
1000010000010000
0111101111101111
1010010100010100
1000010000010000
1000010000010000
1000010000010000
1000010000010000
1000010000010000
1000010000010000
1000010000010000
1000010000010000
0111101111101111
1010010100010100
0111101111101111
1000010000010000
1000010000010000
1000010000010000
1000010000010000
1000010000010000
1000010000010000
1000010000010000
1000010000010000
1001110011110011
0111101111101111
1000010000010000
1000010000010000
1000010000010000
1000010000010000
1000010000010000
1000010000010000
1000010000010000
1000010000110000
1001110011110011
0111101111101111
1000010000010000
1000010000010000
1000010000010000
1000010000010000
1000010000010000
1000010000010000
1000010000010000
1000010000010000
1000110001110001
1000010000010000
1000010000010000
1000010000010000
1000010000010000
1000010000010000
1000010000010000
1000010000010000
0111101111101111
1001010010110010
1000110001010001
1000010000010000
1000010000010000
1000010000010000
1000010000010000
1000010000010000
1000010000010000
1000010000010000
0111101111101111
1001110011010011
1000010000110000
1000010000010000
1000010000010000
1000010000010000
1000010000010000
1000010000010000
1000010000010000
1000010000010000
0111101111101111
1010010100010100
1000010000010000
1000010000010000
1000010000010000
1000010000010000
1000010000010000
1000010000010000
1000010000010000
1000010000010000
1000010000010000
1010010100010100
0111101111101111
1000010000010000
1000010000010000
1000010000010000
1000010000010000
1000010000010000
1000010000010000
1000010000010000
1000010000010000
1010110101010101
1010010100010100
1100011000011000
1101111011111011
1110111101011101
1111111111011111
1111111111111111
1111111111111111
1111111111111111
1111111111111111
1111111111111111
1111111111111111
1111111111111111
1111111111111111
1111111111111111
1111111111111111
1111111111111111
1111111111111111
1111111111111111
1111111111111111
1111111111111111
1111111111111111
1111111111111111
1111111111111111
1111111111011111
1110111101111101
1110011100011100
1101011010011010
1010110101110101
1010110101110101
1000110001010001
1000010000010000
1000010000010000
0111101111101111
0111101111101111
0111101111101111
1000010000010000
1000010000010000
0111101111101111
1010010100010100
1000010000010000
1000010000010000
1000010000010000
1000010000010000
1000010000010000
1000010000010000
1000010000010000
1000010000010000
0111101111101111
1010010100010100
0111101111101111
1000010000010000
1000010000010000
1000010000010000
1000010000010000
1000010000010000
1000010000010000
1000010000010000
1000010000010000
1001110011110011
0111101111101111
1000010000010000
1000010000010000
1000010000010000
1000010000010000
1000010000010000
1000010000010000
1000010000010000
1000010000110000
1001110011110011
0111101111101111
1000010000010000
1000010000010000
1000010000010000
1000010000010000
1000010000010000
1000010000010000
1000010000010000
1000010000010000
1000110001110001
1000010000010000
1000010000010000
1000010000010000
1000010000010000
1000010000010000
1000010000010000
1000010000010000
1000010000001111
1001110010110010
1000110001010001
1000010000010000
1000010000010000
1000010000010000
1000010000010000
1000010000010000
1000010000010000
1000010000010000
0111101111101111
1001110011010011
1000010000110000
1000010000010000
1000010000010000
1000010000010000
1000010000010000
1000010000010000
1000010000010000
1000010000010000
0111101111101111
1010010100010100
1000010000010000
1000010000010000
1000010000010000
1000010000010000
1000010000010000
1000010000010000
1000010000010000
1000010000010000
1000010000010000
1010010100010100
0111101111101111
1000010000010000
1000010000010000
1000010000010000
0111101111101111
1000010000110000
1001110011010011
1011110111010111
1101111011111011
1111011110011110
1111111111111111
1111111111111111
1111111111111111
1111111111111111
1111111111111111
1111111111111111
1111111111111111
1111111111111111
1111111111111111
1111111111111111
1111111111111111
1111111111111111
1111111111111111
1111111111111111
1111111111111111
1111111111111111
1111111111111111
1111111111111111
1111111111111111
1111111111111111
1111111111111111
1111111111111111
1111111111111111
1111111111111111
1111111111111111
1111111111111111
1111111111111111
1111111111111111
1111111111011111
1110011100111100
1100111001111001
1010010100110100
1000110001010001
1000010000010000
1000010000010000
1000010000010000
1000010000010000
0111101111101111
1010010100010100
1000010000010000
1000010000010000
1000010000010000
1000010000010000
1000010000010000
1000010000010000
1000010000010000
1000010000010000
0111101111101111
1010010100010100
0111101111101111
1000010000010000
1000010000010000
1000010000010000
1000010000010000
1000010000010000
1000010000010000
1000010000010000
1000010000010000
1001110011110011
0111101111101111
1000010000010000
1000010000010000
1000010000010000
1000010000010000
1000010000010000
1000010000010000
1000010000010000
1000010000110000
1001110011110011
0111101111101111
1000010000010000
1000010000010000
1000010000010000
1000010000010000
1000010000010000
1000010000010000
1000010000010000
1000010000010000
1000110001110001
0111110000001111
1000010000001111
1000010000001111
1000010000001111
1000010000001111
1000010000001111
1000010000001111
1000010000001111
1001110010110010
1000110001010001
1000010000010000
1000010000010000
1000010000010000
1000010000010000
1000010000010000
1000010000010000
1000010000010000
0111101111101111
1001110011010011
1000010000110000
1000010000010000
1000010000010000
1000010000010000
1000010000010000
1000010000010000
1000010000010000
1000010000010000
0111101111101111
1010010100010100
1000010000010000
1000010000010000
1000010000010000
1000010000010000
1000010000010000
1000010000010000
1000010000010000
1000010000010000
1000010000010000
1010010100110100
0111101111101111
0111101111101111
1000010000010000
1001010010110010
1011110111110111
1110011100111100
1111111111011111
1111111111111111
1111111111111111
1111111111111111
1111111111111111
1111111111111111
1111111111111111
1111111111111111
1111111111111111
1111111111111111
1111111111111111
1111111111111111
1111111111111111
1111111111111111
1111111111111111
1111111111111111
1111111111111111
1111111111111111
1111111111111111
1111111111111111
1111111111111111
1111111111111111
1111111111111111
1111111111111111
1111111111111111
1111111111111111
1111111111111111
1111111111111111
1111111111111111
1111111111111111
1111111111111111
1111111111111111
1111111111111111
1111111111111111
1111111111111111
1111111111111111
1110111101111101
1101011010011010
1010010100110100
1000010000110000
0111101111101111
0111101111101111
1010010100010100
1000010000010000
1000010000010000
0111101111101111
0111101111101111
0111101111101111
0111101111101111
0111101111101111
0111101111101111
0111101111101111
1010010100010100
0111101111101111
0111101111101111
0111101111101111
0111101111101111
0111101111101111
0111101111101111
0111101111101111
0111101111101111
1000010000010000
1001110011110011
0111101111101111
0111101111101111
0111101111101111
0111101111101111
0111101111101111
0111101111101111
0111101111101111
0111101111101111
1000010000010000
1001110011110011
1000001111101111
1000001111101111
1000001111101111
1000001111101111
0111110000001111
0111110000001111
1000001111101111
1000010000001111
1000010000001111
1000110011010101
0111110001110100
0111110010010101
0111110010010101
0111110001110101
0111110001110101
0111110001110101
0111110001110101
0111110001110101
1001110100010110
1001010010110011
1000110001110001
1000110001110001
1000110001110001
1000110001110001
1000110001110001
1000110001110001
1000110001110001
1000110001010001
1010010100110100
1001010010010010
1000110001110001
1000110001110001
1000110001110001
1000110001110001
1000110001110001
1000110001110001
1000110001110001
1000110001110001
1010110101010101
1000110001110001
1000110001110001
1000110001110001
1000110001110001
1000110001110001
1000110001110001
1000110001110001
1000110001110001
1000110001110001
1010110101010101
1001010010010010
1010110101110101
1101111011111011
1111011110111110
1111011110011110
1110111101111101
1110111101111101
1110111101111101
1110111101111101
1110111101111101
1110111101111101
1110111101111101
1110111101111101
1110111101111101
1110111101111101
1110111101111101
1110111101111101
1110111101111101
1110111101111101
1110111101111101
1110111101111101
1110111101111101
1110111101111101
1110111101111101
1110111101111101
1110111101111101
1110111101111101
1110111101111101
1110111101111101
1110111101111101
1110111101111101
1110111101111101
1110111101111101
1110111101111101
1110111101111101
1110111101111101
1110111101111101
1110111101111101
1110111101111101
1110111101111101
1110111101111101
1110111101111101
1110111101111101
1111011110011110
1111111111011111
1110111101011101
1100011000011000
1001010010110010
1010110101010101
1000110001110001
1000110001110001
1000110001110001
1000110001110001
1000110001110001
1000110001110001
1000110001110001
1000110001110001
1000110001010001
1010110101010101
1000110001010001
1000110001110001
1000110001110001
1000110001110001
1000110001110001
1000110001110001
1000110001110001
1000110001110001
1000110001110001
1010110101010101
1000110001110001
1000110001110001
1000110001110001
1000110001110001
1000110001110001
1000110001110001
1000110001110001
1000110001110001
1001010010010010
1001110101010110
0111110001110101
0111110001110101
0111110001110101
0111110010010101
0111110010010100
0111110010010100
0111110010010100
0111110010010101
0111110010010101
0101010011011101
0100110010011101
0100010010011101
0100010010011101
0100010010011101
0100010010011101
0100010010011101
0100010010011101
0100010010011101
0110110100011100
1001010011110101
1001010010110010
1001010010110010
1001010010110010
1001010010110010
1001010010110010
1001010010010010
1001010010110010
1001010010010010
1010110101010101
1001110011010011
1001010010110010
1001010010010010
1001010010010010
1001010010010010
1001010010010010
1001010010010010
1001010010110010
1001010010010010
1010110101110101
1001010010010010
1001010010010010
1001010010010010
1001010010010010
1001010010010010
1001010010110010
1001010010010010
1001010010010010
1001110011010011
1101011010111010
1111011110011110
1111111111111111
1111111111111111
1111111111011111
1000010000010000
0001000010000010
0001000010100010
0001000010000010
0001000010000010
0001000010000010
0001000010000010
0001000010000010
0001000010000010
0001000010000010
0001000010000010
0001000010000010
0001000010000010
0001000010000010
0001000010000010
0001000010000010
0001000010000010
0001000010000010
0001000010000010
0001000010000010
0001000010000010
0001000010000010
0001000010000010
0001000010000010
0001000010000010
0001000010000010
0001000010000010
0001000010000010
0001000010000010
0001000010000010
0001000010000010
0001000010000010
0001000010000010
0001000010000010
0001000010000010
0001000010000010
0001000010000010
0001000010100010
0001000010100010
0110001100101100
1111011110011110
1111111111111111
1111111111111111
1111111111011111
1110011100111100
1010110101110101
1001010010010010
1001010010110010
1001010010010010
1001010010110010
1001010010110010
1001010010110010
1001010010110010
1001010010010010
1010110101110101
1001010010010010
1001010010010010
1001010010110010
1001010010010010
1001010010010010
1001010010010010
1001010010010010
1001010010010010
1001010010110010
1010110101110101
1001010010010010
1001010010110010
1001010010110010
1001010010110010
1001010010110010
1001010010110010
1001010010110010
1001010010110010
1001010011010011
0111110101111011
0100110010011100
0100010010111101
0100010010011110
0100010010011101
0100010010011101
0100010010011101
0100010010011101
0100010010011101
0100010010011101
0010010001111110
0000101111111110
0000001111111111
0000010000011111
0000010000011111
0000010000011111
0000010000011111
0000010000011111
0000001111111110
0101010010111101
1000010010010011
1000010000010000
1000010000010000
1000010000010000
1000010000010000
1000010000010000
1000010000010000
1000010000010000
1000010000010000
1001110011010011
1000010000110000
1000010000010000
1000010000010000
1000010000010000
1000010000010000
1000010000010000
1000010000010000
1000010000010000
1000010000010000
1010010100010100
1000010000010000
1000010000010000
1000010000010000
1000010000010000
1000010000010000
0111101111101111
1000110001010001
1011110111110111
1110111101111101
1111111111111111
1111111111111111
1111111111111111
1111111111111111
1111011110111110
0111101111101111
0000000000000000
0000000000000000
0000000000000000
0000000000000000
0000000000000000
0000000000000000
0000000000000000
0000000000000000
0000000000000000
0000000000000000
0000000000000000
0000000000000000
0000000000000000
0000000000000000
0000000000000000
0000000000000000
0000000000000000
0000000000000000
0000000000000000
0000000000000000
0000000000000000
0000000000000000
0000000000000000
0000000000000000
0000000000000000
0000000000000000
0000000000000000
0000000000000000
0000000000000000
0000000000000000
0000000000000000
0000000000000000
0000000000000000
0000000000000000
0000000000000000
0000000000000000
0000000000000000
0000000000000000
0110001100001100
1111011110011110
1111111111111111
1111111111111111
1111111111111111
1111111111111111
1111111111011111
1101111011011011
1001110011110011
0111101111101111
1000010000010000
1000010000010000
1000010000010000
1000010000010000
1000010000010000
1010010100010100
0111101111101111
1000010000010000
1000010000010000
1000010000010000
0111101111101111
0111101111101111
0111101111101111
1000010000010000
1000010000010000
1001110011110011
0111101111101111
1000010000010000
1000010000010000
1000010000010000
1000010000010000
1000010000010000
1000010000010000
1000010000010000
1000010001010010
0110010100011100
0000101111111110
0000010000011111
0000101111111111
0000001111111111
0000001111111111
0000001111111111
0000001111111111
0000001111111111
0000001111111111
0010010010011111
0000010000011111
0000001111111111
0000010000011111
0000001111111111
0000001111111111
0000001111111111
0000001111111111
0000010000011111
0101010010111101
1000010001110011
1000010000010000
0111101111101111
0111101111101111
1000010000010000
1000010000010000
1000010000010000
1000010000010000
0111101111101111
1001110011010011
1000010000110000
1000010000010000
1000010000010000
1000010000010000
1000010000010000
1000010000010000
1000010000010000
1000010000010000
0111101111101111
1010010100010100
1000010000010000
1000010000010000
1000010000010000
0111101111101111
1000010000110000
1011010110110110
1110111101011101
1111111111111111
1111111111111111
1111111111111111
1111111111111111
1111111111111111
1111111111111111
1111111111011111
0111101111101111
0000000000000000
0000000000000000
0000000000000000
0000000000000000
0000000000000000
0000000000000000
0000000000000000
0000000000000000
0000000000000000
0000000000000000
0000000000000000
0000000000000000
0000000000000000
0000000000000000
0000000000000000
0000000000000000
0000000000000000
0000000000000000
0000000000000000
0000000000000000
0000000000000000
0000000000000000
0000000000000000
0000000000000000
0000000000000000
0000000000000000
0000000000000000
0000000000000000
0000000000000000
0000000000000000
0000000000000000
0000000000000000
0000000000000000
0000000000000000
0000000000000000
0000000000000000
0000000000000000
0000000000000000
0110001100001100
1111011110011110
1111111111111111
1111111111111111
1111111111111111
1111111111111111
1111111111111111
1111111111111111
1111111111011111
1101011010011010
1001010010110010
1000010000010000
1000010000010000
0111101111101111
0111101111101111
1010010100010100
0111101111101111
1000010000010000
1000010000010000
1000010000010000
1000010000010000
1000010000010000
1000010000010000
1000010000010000
1000010000010000
1001110011110011
0111101111101111
1000010000010000
1000010000010000
1000010000010000
1000010000010000
0111110000010000
0111110000010000
1000010000001111
1000010000110001
0110010100011100
0000101111111110
0000001111111111
0000001111111111
0000001111111111
0000001111111111
0000001111111111
0000001111111111
0000001111111111
0000001111111111
0010010010011111
0000010000011111
0000001111111111
0000010000011111
0000001111111111
0000001111111111
0000001111111111
0000001111111111
0000010000011111
0101010010111101
1000010001110011
1000010000010000
0111101111101111
0111101111101111
1000010000010000
1000010000010000
1000010000010000
1000010000010000
0111101111101111
1001110011010011
1000010000110000
1000010000010000
1000010000010000
1000010000010000
1000010000010000
1000010000010000
1000010000010000
1000010000010000
0111101111101111
1010010100010100
1000010000010000
1000010000010000
1000010000010000
1010010100110100
1110011100011100
1111111111111111
1111111111111111
1111111111111111
1111111111111111
1111111111111111
1111111111111111
1111111111111111
1111111111111111
1111111111011111
0111101111101111
0000000000000000
0000000000000000
0000000000000000
0000000000000000
0000000000000000
0000000000000000
0000000000000000
0000000000000000
0000000000000000
0000000000000000
0000000000000000
0000000000000000
0000000000000000
0000000000000000
0000000000000000
0000000000000000
0000000000000000
0000000000000000
0000000000000000
0000000000000000
0000000000000000
0000000000000000
0000000000000000
0000000000000000
0000000000000000
0000000000000000
0000000000000000
0000000000000000
0000000000000000
0000000000000000
0000000000000000
0000000000000000
0000000000000000
0000000000000000
0000000000000000
0000000000000000
0000000000000000
0000000000000000
0110001100001100
1111011110011110
1111111111111111
1111111111111111
1111111111111111
1111111111111111
1111111111111111
1111111111111111
1111111111111111
1111111111111111
1111011110011110
1100011000011000
1000110001010001
0111101111101111
0111101111101111
1010010100010100
0111101111101111
1000010000010000
1000010000010000
1000010000010000
1000010000010000
1000010000010000
1000010000010000
1000010000010000
1000010000010000
1001110011110011
0111101111101111
1000010000010000
1000010000010000
1000010000010000
1000010000010000
0111110000010000
0111110000010000
1000010000001111
1000010000110001
0110010100011100
0000101111111110
0000001111111111
0000001111111111
0000001111111111
0000001111111111
0000001111111111
0000001111111111
0000001111111111
0000001111111111
0010010010011111
0000010000011111
0000001111111111
0000010000011111
0000001111111111
0000001111111111
0000001111111111
0000001111111111
0000010000011111
0101010010111101
1000010001110011
1000010000010000
1000010000010000
1000010000010000
1000010000010000
1000010000010000
1000010000010000
1000010000010000
0111101111101111
1001110011010011
1000010000110000
1000010000010000
1000010000010000
1000010000010000
1000010000010000
1000010000010000
1000010000010000
1000010000010000
0111101111101111
1010010100010100
1000010000010000
1000110001010001
1100111001011001
1111111111011111
1111111111111111
1111111111111111
1111111111111111
1111111111111111
1111111111111111
1111111111111111
1111111111111111
1111111111111111
1111111111111111
1111111111011111
0111101111101111
0000000000000000
0000000000000000
0000000000000000
0000000000000000
0000000000000000
0000000000000000
0000000000000000
0000000000000000
0000000000000000
0000000000000000
0000000000000000
0000000000000000
0000000000000000
0000000000000000
0000000000000000
0000000000000000
0000000000000000
0000000000000000
0000000000000000
0000000000000000
0000000000000000
0000000000000000
0000000000000000
0000000000000000
0000000000000000
0000000000000000
0000000000000000
0000000000000000
0000000000000000
0000000000000000
0000000000000000
0000000000000000
0000000000000000
0000000000000000
0000000000000000
0000000000000000
0000000000000000
0000000000000000
0110001100001100
1111011110011110
1111111111111111
1111111111111111
1111111111111111
1111111111111111
1111111111111111
1111111111111111
1111111111111111
1111111111111111
1111111111111111
1111111111111111
1110011100111100
1010010100110100
0111101111101111
1010010100010100
0111101111101111
0111101111101111
0111101111101111
1000010000010000
1000010000010000
1000010000010000
1000010000010000
1000010000010000
1000010000010000
1001110011110011
0111101111101111
1000010000010000
1000010000010000
1000010000010000
1000010000010000
0111110000010000
0111110000010000
1000010000001111
1000010000110001
0110010100011100
0000101111111110
0000001111111111
0000001111111111
0000001111111111
0000001111111111
0000001111111111
0000001111111111
0000001111111111
0000001111111111
0010010010011111
0000010000011111
0000001111111111
0000010000011111
0000001111111111
0000001111111111
0000001111111111
0000001111111111
0000010000011111
0101010010111101
1000010001110011
1000010000010000
1000010000010000
1000010000010000
1000010000010000
1000010000010000
1000010000010000
1000010000010000
0111101111101111
1001110011010011
1000010000110000
1000010000010000
1000010000010000
1000010000010000
1000010000010000
1000010000010000
1000010000010000
1000010000010000
1000010000010000
1001110011110011
1010010100110100
1110111101011101
1111111111111111
1111111111111111
1111111111111111
1111111111111111
1111111111111111
1111111111111111
1111111111111111
1111111111111111
1111111111111111
1111111111111111
1111111111111111
1111111111011111
0111101111101111
0000000000000000
0000000000000000
0000000000000000
0000000000000000
0000000000000000
0000000000000000
0000000000000000
0000000000000000
0000000000000000
0000000000000000
0000000000000000
0000000000000000
0000000000000000
0000000000000000
0000000000000000
0000000000000000
0000000000000000
0000000000000000
0000000000000000
0000000000000000
0000000000000000
0000000000000000
0000000000000000
0000000000000000
0000000000000000
0000000000000000
0000000000000000
0000000000000000
0000000000000000
0000000000000000
0000000000000000
0000000000000000
0000000000000000
0000000000000000
0000000000000000
0000000000000000
0000000000000000
0000000000000000
0110001100001100
1111011110011110
1111111111111111
1111111111111111
1111111111111111
1111111111111111
1111111111111111
1111111111111111
1111111111111111
1111111111111111
1111111111111111
1111111111111111
1111111111111111
1111111111011111
1100111001011001
1010010100110100
0111101111101111
0111101111101111
0111101111101111
1000010000010000
1000010000010000
1000010000010000
1000010000010000
1000010000010000
1000010000010000
1001110011110011
0111101111101111
1000010000010000
1000010000010000
1000010000010000
1000010000010000
0111110000010000
0111110000010000
1000010000001111
1000010000110001
0110010100011100
0000101111111110
0000001111111111
0000001111111111
0000001111111111
0000001111111111
0000001111111111
0000001111111111
0000001111111111
0000001111111111
0010010010011111
0000010000011111
0000001111111111
0000010000011111
0000001111111111
0000001111111111
0000001111111111
0000001111111111
0000010000011111
0101010010111101
1000010001110011
1000010000010000
1000010000010000
1000010000010000
1000010000010000
1000010000010000
1000010000010000
1000010000010000
0111101111101111
1001110011010011
1000010000110000
1000010000010000
1000010000010000
1000010000010000
1000010000010000
1000010000010000
1000010000010000
1000010000010000
1000010000110000
1101011010011010
1111111111011111
1111111111111111
1111111111111111
1111111111111111
1111111111111111
1111111111111111
1111111111111111
1111111111111111
1111111111111111
1111111111111111
1111111111111111
1111111111111111
1111111111111111
1111111111011111
0111101111101111
0000000000000000
0000000000000000
0000000000000000
0000000000000000
0000000000000000
0000000000000000
0000000000000000
0000000000000000
0000000000000000
0000000000000000
0000000000000000
0000000000000000
0000000000000000
0000000000000000
0000000000000000
0000000000000000
0000000000000000
0000000000000000
0000000000000000
0000000000000000
0000000000000000
0000000000000000
0000000000000000
0000000000000000
0000000000000000
0000000000000000
0000000000000000
0000000000000000
0000000000000000
0000000000000000
0000000000000000
0000000000000000
0000000000000000
0000000000000000
0000000000000000
0000000000000000
0000000000000000
0000000000000000
0110001100001100
1111011110011110
1111111111111111
1111111111111111
1111111111111111
1111111111111111
1111111111111111
1111111111111111
1111111111111111
1111111111111111
1111111111111111
1111111111111111
1111111111111111
1111111111111111
1111111111111111
1110111101011101
1001110011110011
0111101111101111
1000010000010000
1000010000010000
1000010000010000
1000010000010000
1000010000010000
1000010000010000
1000010000010000
1001110011110011
0111101111101111
1000010000010000
1000010000010000
1000010000010000
1000010000010000
1000010000010000
1000010000010000
1000010000001111
1000010000110001
0110010100011100
0000101111111110
0000001111111111
0000001111111111
0000001111111111
0000001111111111
0000001111111111
0000001111111111
0000010000011111
0000010000011111
0010010010011111
0000010000011111
0000001111111111
0000010000011111
0000001111111111
0000001111111111
0000001111111111
0000001111111111
0000001111111111
0100110010111101
1000010001110011
1000010000010000
1000010000010000
1000010000010000
1000010000010000
1000010000010000
1000010000010000
1000010000010000
0111101111101111
1001110011010011
1000010000110000
1000010000010000
1000010000010000
1000010000010000
1000010000010000
1000010000010000
0111101111101111
1001010010110010
1101111011111011
1111111111111111
1111111111111111
1111111111111111
1111111111111111
1111111111111111
1111111111111111
1111111111111111
1111111111111111
1111111111111111
1111111111111111
1111111111111111
1111111111111111
1111111111111111
1111111111111111
1111111111011111
0111101111101111
0000000000000000
0000000000000000
0000000000000000
0000000000000000
0000000000000000
0000000000000000
0000000000000000
0000000000000000
0000000000000000
0000000000000000
0000000000000000
0000000000000000
0000000000000000
0000000000000000
0000000000000000
0000000000000000
0000000000000000
0000000000000000
0000000000000000
0000000000000000
0000000000000000
0000000000000000
0000000000000000
0000000000000000
0000000000000000
0000000000000000
0000000000000000
0000000000000000
0000000000000000
0000000000000000
0000000000000000
0000000000000000
0000000000000000
0000000000000000
0000000000000000
0000000000000000
0000000000000000
0000000000000000
0110001100001100
1111011110011110
1111111111111111
1111111111111111
1111111111111111
1111111111111111
1111111111111111
1111111111111111
1111111111111111
1111111111111111
1111111111111111
1111111111111111
1111111111111111
1111111111111111
1111111111111111
1111111111111111
1111011110011110
1011010110110110
1000010000010000
1000010000010000
1000010000010000
1000010000010000
1000010000010000
1000010000010000
1000010000010000
1001110011110011
0111101111101111
1000010000010000
1000010000010000
1000010000010000
1000010000010000
1000010000010000
1000010000010000
1000010000001111
1000010001010001
0110010100011100
0000101111111110
0000001111111111
0000010000011111
0000010000011111
0000010000011111
0000010000011111
0000001111111111
0000010000011111
0000010000011111
0010010010011111
0000010000011111
0000001111111111
0000010000011111
0000010000011111
0000010000011111
0000010000011111
0000010000011111
0000001111111111
0100110010111101
1000010001110011
0111110000010000
1000010000010000
1000010000010000
1000010000010000
1000010000010000
1000010000010000
1000010000010000
0111101111101111
1001110011010011
1000010000110000
1000010000010000
1000010000010000
1000010000010000
1000010000010000
1000010000010000
1010010100110100
1110111101111101
1111111111111111
1111111111111111
1111111111111111
1111111111111111
1111111111111111
1111111111111111
1111111111111111
1111111111111111
1111111111111111
1111111111111111
1111111111111111
1111111111111111
1111111111111111
1111111111111111
1111111111111111
1111111111011111
0111101111101111
0000000000000000
0000000000000000
0000000000000000
0000000000000000
0000000000000000
0000000000000000
0000000000000000
0000000000000000
0000000000000000
0000000000000000
0000000000000000
0000000000000000
0000000000000000
0000000000000000
0000000000000000
0000000000000000
0000000000000000
0000000000000000
0000000000000000
0000000000000000
0000000000000000
0000000000000000
0000000000000000
0000000000000000
0000000000000000
0000000000000000
0000000000000000
0000000000000000
0000000000000000
0000000000000000
0000000000000000
0000000000000000
0000000000000000
0000000000000000
0000000000000000
0000000000000000
0000000000000000
0000000000000000
0110001100001100
1111011110011110
1111111111111111
1111111111111111
1111111111111111
1111111111111111
1111111111111111
1111111111111111
1111111111111111
1111111111111111
1111111111111111
1111111111111111
1111111111111111
1111111111111111
1111111111111111
1111111111111111
1111111111111111
1111111111011111
1100111001011001
1000010000110000
1000010000010000
1000010000010000
1000010000010000
1000010000010000
1000010000010000
1001110011110011
0111101111101111
1000010000010000
1000010000010000
1000010000010000
1000010000010000
1000010000010000
1000010000010000
1000010000001111
1000010001010001
0110010100011100
0000101111111110
0000001111111111
0000010000011111
0000010000011111
0000010000011111
0000010000011111
0000010000011111
0000010000011111
0000010000011111
0100010100111111
0011010011111111
0011010011011111
0011010011111111
0011010011111111
0011010011111111
0011010011111111
0011010011111111
0011010011011111
0110010101011110
1001110100010101
1001110011010011
1001110011010011
1001110011010011
1001110011010011
1001110011010011
1001110011010011
1001110011010011
1001010010110010
1010110101110101
1001110011110011
1001110011010011
1001110011010011
1001110011010011
1001110011010011
1000010000110000
1100011000111000
1100111001111001
1100111001111001
1100111001111001
1100111001111001
1100111001111001
1100111001111001
1100111001111001
1101011010111010
1111111111111111
1111111111111111
1111111111111111
1111111111011111
1101011010011010
1111111111011111
1111111111111111
1111111111111111
1111111111011111
1010010100010100
0111101111001111
0111101111001111
0111101111001111
0111101111001111
0111101111001111
0111101111001111
0111101111001111
0111101111001111
0111101111001111
0111101111001111
0111101111001111
0111101111001111
0111101111001111
0111101111001111
0111101111001111
0111101111001111
0111101111001111
0111101111001111
0111101111001111
0111101111001111
0111101111001111
0111101111001111
0111101111001111
0111101111001111
0111101111001111
0111101111001111
0111101111001111
0111101111001111
0111101111001111
0111101111001111
0111101111001111
0111101111001111
0111101111001111
0111101111001111
0111101111001111
0111101111001111
0111101111001111
0111101111001111
1001010010110010
1111011110111110
1111111111111111
1111111111111111
1111111111111111
1111111111111111
1111111111111111
1111111111111111
1111111111111111
1111111111111111
1110111101011101
1100111001111001
1100111001111001
1100111001111001
1100111001111001
1100111001111001
1100111001011001
1100111001111001
1100111001111001
1010010100010100
1000110001110001
1001110011010011
1001110011010011
1001110011010011
1001110011010011
1011010110010110
1001010010110010
1001110011010011
1001110011010011
1001110011010011
1001110011010011
1001110011010011
1001110011010011
1001110011010010
1001110011110100
0111110110111101
0011010011011110
0011010011011111
0011010011011111
0011010011011111
0011010011011111
0011010011011111
0011010011011111
0011010011011111
0011010011111111
0011110011011110
0010010001111101
0010010001111110
0010010001111110
0010010001111110
0010010001111110
0010010001111110
0010010001111110
0010110001111101
0110010100011100
1001010011010100
1000110001110001
1000110001110001
1000110001110001
1000110001110001
1000110001110001
1000110001110001
1000110001110001
1000110001010001
1010010100010100
1001010010010010
1000110001110001
1000110001110001
1000110001110001
0110101101101101
0001100011100011
0000000000000000
0000000000000000
0000000000000000
0000000000000000
0000000000000000
0000000000000000
0000000000000000
0000000000000000
0110101101001101
1111111111111111
1111111111111111
1111111111111111
1111011110011110
0101101011001011
1110111101111101
1111111111111111
1111111111111111
1111111111111111
1111111111011111
1111011110111110
1111111111011111
1111111111011111
1111111111011111
1111011110111110
1111011110111110
1111011110111110
1111011110111110
1111011110111110
1111011110111110
1111111111011111
1111111111011111
1111111111011111
1111111111011111
1111111111011111
1111111111011111
1111111111011111
1111111111011111
1111111111011111
1111011110111110
1111011110111110
1111011110111110
1111011110111110
1111011110111110
1111011110111110
1111111111011111
1111111111011111
1111111111011111
1111111111011111
1111111111011111
1111111111011111
1111111111011111
1111111111011111
1111111111011111
1111111111011111
1111111111011111
1111111111011111
1111111111011111
1111111111011111
1111111111111111
1111111111111111
1111111111111111
1111111111111111
1111111111111111
1111111111111111
1111111111111111
1111111111111111
1111111111111111
1100011000111000
0000000000000000
0000000000000000
0000000000000000
0000000000000000
0000000000000000
0000000000000000
0000000000000000
0000000000000000
0000000000000000
0101001010001010
1000010000110000
1000110001110001
1000110001110001
1000110001110001
1010110101010101
1000110001110001
1000110001110001
1000110001110001
1000110001110001
1000110001110001
1000110001110010
1000110001110001
1000110001110001
1000110010010010
0111010101011011
0010110001011100
0010010001111110
0010010001111110
0010010001111110
0010110001111110
0010110001111110
0010110001111110
0010110001111110
0010110001111110
0010010001111111
0000010000011111
0000001111111111
0000001111111111
0000010000011111
0000010000011111
0000010000011111
0000010000011111
0000010000011111
0101010010111101
1000010001110011
1000010000010000
1000010000010000
1000010000010000
1000010000010000
1000010000010000
1000010000010000
1000010000010000
0111101111101111
1001110011010011
1000010000110000
0111101111101111
1000010000010000
0101101011101011
0000100001100001
0000000000000000
0000000000000000
0000000000000000
0000000000000000
0000000000000000
0000000000000000
0000000000000000
0000000000000000
0000000000000000
0110101101001101
1111111111111111
1111111111111111
1111111111111111
1111011110011110
0101101011101011
1110111101111101
1111111111111111
1111111111111111
1111111111111111
1111111111111111
1111111111111111
1111111111111111
1111111111111111
1111111111111111
1111111111111111
1111111111111111
1111111111111111
1111111111111111
1111111111111111
1111111111111111
1111111111111111
1111111111111111
1111111111111111
1111111111111111
1111111111111111
1111111111111111
1111111111111111
1111111111111111
1111111111111111
1111111111111111
1111111111111111
1111111111111111
1111111111111111
1111111111111111
1111111111111111
1111111111111111
1111111111111111
1111111111111111
1111111111111111
1111111111111111
1111111111111111
1111111111111111
1111111111111111
1111111111111111
1111111111111111
1111111111111111
1111111111111111
1111111111111111
1111111111111111
1111111111111111
1111111111111111
1111111111111111
1111111111111111
1111111111111111
1111111111111111
1111111111111111
1111111111111111
1111111111111111
1100011000111000
0000100001100001
0000000000000000
0000000000000000
0000000000000000
0000000000000000
0000000000000000
0000000000000000
0000000000000000
0000000000000000
0000000000000000
0011000110100110
0111101111001111
1000010000010000
1000010000010000
1001110011110011
0111101111101111
0111110000010000
0111110000010000
0111110000010000
0111110000010000
0111110000010000
1000010000010000
1000001111101111
1000010001010001
0110010100111100
0000001111111110
0000010000011111
0000010000011111
0000010000011111
0000010000011111
0000010000011111
0000010000011111
0000010000011111
0000010000011111
0010010001111111
0000010000011111
0000001111111111
0000001111111111
0000001111111111
0000001111111111
0000001111111111
0000010000011111
0000010000011111
0100110010111101
1000010001110011
1000010000010000
1000010000010000
1000010000010000
1000010000010000
1000010000010000
1000010000010000
1000010000010000
0111101111101111
1001110011010011
1000010000110000
1000010000010000
0101101011001011
0000100001000001
0000000000000000
0000000000000000
0000000000000000
0000000000000000
0000000000000000
0000000000000000
0000000000000000
0000000000000000
0000000000000000
0000000000000000
0110101101001101
1111111111111111
1111111111111111
1111111111111111
1111011110011110
0101101011101011
1110111101111101
1111111111111111
1111111111111111
1111111111111111
1111111111111111
1111111111111111
1111111111111111
1111111111111111
1111111111111111
1111111111111111
1111111111111111
1111111111111111
1111111111111111
1111111111111111
1111111111111111
1111111111111111
1111111111111111
1111111111111111
1111111111111111
1111111111111111
1111111111111111
1111111111111111
1111111111111111
1111111111111111
1111111111111111
1111111111111111
1111111111111111
1111111111111111
1111111111111111
1111111111111111
1111111111111111
1111111111111111
1111111111111111
1111111111111111
1111111111111111
1111111111111111
1111111111111111
1111111111111111
1111111111111111
1111111111111111
1111111111111111
1111111111111111
1111111111111111
1111111111111111
1111111111111111
1111111111111111
1111111111111111
1111111111111111
1111111111111111
1111111111111111
1111111111111111
1111111111111111
1111111111111111
1100011000111000
0000100001100001
0000000000000000
0000000000000000
0000000000000000
0000000000000000
0000000000000000
0000000000000000
0000000000000000
0000000000000000
0000000000000000
0000000000000000
0011000110100110
0111101111001111
1000010000010000
1001110011110011
1000001111101111
0111110000010000
0111110000010000
0111110000010000
0111110000010000
1000010000010000
1000010000010000
1000001111101111
1000010000110001
0110010100011100
0000001111111110
0000001111111111
0000010000011111
0000001111111111
0000001111111111
0000001111111111
0000001111111111
0000001111111111
0000001111111111
0010010001111111
0000010000011111
0000001111111111
0000001111111111
0000001111111111
0000001111111111
0000001111111111
0000010000011111
0000010000011111
0101010010111101
1000010001110011
1000010000010000
1000010000010000
1000010000010000
1000010000010000
1000010000010000
1000010000010000
1000010000010000
0111101111101111
1001110011010011
1000110001010001
0101101011001011
0000100001000001
0000000000000000
0000000000000000
0000000000000000
0000000000000000
0000000000000000
0000000000000000
0000000000000000
0000000000000000
0000000000000000
0000000000000000
0000000000000000
0110101101001101
1111111111111111
1111111111111111
1111111111111111
1111011110011110
0101101011101011
1110111101111101
1111111111111111
1111111111111111
1111111111111111
1111111111111111
1111111111111111
1111111111111111
1111111111111111
1111111111111111
1111111111111111
1111111111111111
1111111111111111
1111111111111111
1111111111111111
1111111111111111
1111111111111111
1111111111111111
1111111111111111
1111111111111111
1111111111111111
1111111111111111
1111111111111111
1111111111111111
1111111111111111
1111111111111111
1111111111111111
1111111111111111
1111111111111111
1111111111111111
1111111111111111
1111111111111111
1111111111111111
1111111111111111
1111111111111111
1111111111111111
1111111111111111
1111111111111111
1111111111111111
1111111111111111
1111111111111111
1111111111111111
1111111111111111
1111111111111111
1111111111111111
1111111111111111
1111111111111111
1111111111111111
1111111111111111
1111111111111111
1111111111111111
1111111111111111
1111111111111111
1111111111111111
1100011000111000
0000100001100001
0000000000000000
0000000000000000
0000000000000000
0000000000000000
0000000000000000
0000000000000000
0000000000000000
0000000000000000
0000000000000000
0000000000000000
0000000000000000
0011000110100110
0111101111001111
1001110011110011
0111101111101111
0111110000010000
0111110000010000
0111110000010000
0111110000010000
1000010000010000
1000010000010000
1000010000001111
1000010000110001
0110010100011100
0000101111111110
0000001111111111
0000001111111111
0000001111111111
0000001111111111
0000001111111111
0000001111111111
0000001111111111
0000001111111111
0010010001111111
0000010000011111
0000001111111111
0000010000011111
0000001111111111
0000001111111111
0000001111111111
0000001111111111
0000001111111111
0101010010111101
1000010001110011
1000010000010000
1000010000010000
1000010000010000
1000010000010000
1000010000010000
1000010000010000
1000010000010000
0111101111101111
1001110011010011
0110101101001101
0000100001100001
0000000000000000
0000000000000000
0000000000000000
0000000000000000
0000000000000000
0000000000000000
0000000000000000
0000000000000000
0000000000000000
0000000000000000
0000000000000000
0000000000000000
0110101101001101
1111111111111111
1111111111111111
1111111111111111
1111011110011110
0101101011101011
1110111101111101
1111111111111111
1111111111111111
1111111111111111
1111111111111111
1111111111111111
1111111111111111
1111111111111111
1111111111111111
1111111111111111
1111111111111111
1111111111111111
1111111111111111
1111111111111111
1111111111111111
1111111111111111
1111111111111111
1111111111111111
1111111111111111
1111111111111111
1111111111111111
1111111111111111
1111111111111111
1111111111111111
1111111111111111
1111111111111111
1111111111111111
1111111111111111
1111111111111111
1111111111111111
1111111111111111
1111111111111111
1111111111111111
1111111111111111
1111111111111111
1111111111111111
1111111111111111
1111111111111111
1111111111111111
1111111111111111
1111111111111111
1111111111111111
1111111111111111
1111111111111111
1111111111111111
1111111111111111
1111111111111111
1111111111111111
1111111111111111
1111111111111111
1111111111111111
1111111111111111
1111111111111111
1100011000111000
0000100001100001
0000000000000000
0000000000000000
0000000000000000
0000000000000000
0000000000000000
0000000000000000
0000000000000000
0000000000000000
0000000000000000
0000000000000000
0000000000000000
0000000000000000
0100001000001000
1001110011010011
0111101111101111
1000010000010000
1000010000010000
1000010000010000
1000010000010000
1000010000010000
1000010000010000
1000010000010000
1000010000110001
0110010100011100
0000101111111110
0000001111111111
0000010000011111
0000001111111111
0000001111111111
0000001111111111
0000001111111111
0000001111111111
0000001111111111
0010010001111111
0000010000011111
0000001111111111
0000010000011111
0000001111111111
0000001111111111
0000001111111111
0000001111111111
0000001111111111
0101010010111101
1000010001110011
1000010000010000
1000010000010000
1000010000010000
1000010000010000
1000010000010000
1000010000010000
1000010000010000
0111101111101111
0111001110001110
0001100011100011
0000000000000000
0000000000000000
0000000000000000
0000000000000000
0000000000000000
0000000000000000
0000000000000000
0000000000000000
0000000000000000
0000000000000000
0000000000000000
0000000000000000
0000000000000000
0110101101001101
1111111111111111
1111111111111111
1111111111111111
1111011110011110
0101101011101011
1110111101111101
1111111111111111
1111111111111111
1111111111111111
1111111111111111
1111111111111111
1111111111111111
1111111111111111
1111111111111111
1111111111111111
1111111111111111
1111111111111111
1111111111111111
1111111111111111
1111111111111111
1111111111111111
1111111111111111
1111111111111111
1111111111111111
1111111111111111
1111111111111111
1111111111111111
1111111111111111
1111111111111111
1111111111111111
1111111111111111
1111111111111111
1111111111111111
1111111111111111
1111111111111111
1111111111111111
1111111111111111
1111111111111111
1111111111111111
1111111111111111
1111111111111111
1111111111111111
1111111111111111
1111111111111111
1111111111111111
1111111111111111
1111111111111111
1111111111111111
1111111111111111
1111111111111111
1111111111111111
1111111111111111
1111111111111111
1111111111111111
1111111111111111
1111111111111111
1111111111111111
1111111111111111
1100011000111000
0000100001100001
0000000000000000
0000000000000000
0000000000000000
0000000000000000
0000000000000000
0000000000000000
0000000000000000
0000000000000000
0000000000000000
0000000000000000
0000000000000000
0000000000000000
0000000000000000
0100101001101001
0111101111101111
1000010000010000
1000010000010000
1000010000010000
1000010000010000
1000010000010000
1000010000010000
1000010000010000
1000010000110001
0110010100011100
0000101111111110
0000001111111111
0000010000011111
0000001111111111
0000001111111111
0000001111111111
0000001111111111
0000001111111111
0000001111111111
0010010001111111
0000010000011111
0000001111111111
0000010000011111
0000001111111111
0000001111111111
0000001111111111
0000001111111111
0000001111111111
0101010010111101
1000010001110011
1000010000010000
1000010000010000
1000010000010000
1000010000010000
1000010000010000
1000010000010000
1000010000010000
0111001110001110
0001100011100011
0000000000000000
0000000000000000
0000000000000000
0000000000000000
0000000000000000
0000000000000000
0000000000000000
0000000000000000
0000000000000000
0000000000000000
0000000000000000
0000000000000000
0000000000000000
0000000000000000
0110101101001101
1111111111111111
1111111111111111
1111111111111111
1111011110011110
0101101011101011
1110111101111101
1111111111111111
1111111111111111
1111111111111111
1111111111111111
1111111111111111
1111111111111111
1111111111111111
1111111111111111
1111111111111111
1111111111111111
1111111111111111
1111111111111111
1111111111111111
1111111111111111
1111111111111111
1111111111111111
1111111111111111
1111111111111111
1111111111111111
1111111111111111
1111111111111111
1111111111111111
1111111111111111
1111111111111111
1111111111111111
1111111111111111
1111111111111111
1111111111111111
1111111111111111
1111111111111111
1111111111111111
1111111111111111
1111111111111111
1111111111111111
1111111111111111
1111111111111111
1111111111111111
1111111111111111
1111111111111111
1111111111111111
1111111111111111
1111111111111111
1111111111111111
1111111111111111
1111111111111111
1111111111111111
1111111111111111
1111111111111111
1111111111111111
1111111111111111
1111111111111111
1111111111111111
1100011000111000
0000100001100001
0000000000000000
0000000000000000
0000000000000000
0000000000000000
0000000000000000
0000000000000000
0000000000000000
0000000000000000
0000000000000000
0000000000000000
0000000000000000
0000000000000000
0000000000000000
0000000000000000
0101001010001010
1000010000010000
1000010000010000
1000010000010000
1000010000010000
1000010000010000
1000010000010000
1000010000010000
1000010000110010
0110010100011100
0000101111111110
0000001111111111
0000010000011111
0000001111111111
0000001111111111
0000001111111111
0000001111111111
0000001111111111
0000001111111111
0010010001111111
0000010000011111
0000001111111111
0000010000011111
0000001111111111
0000001111111111
0000001111111111
0000001111111111
0000010000011111
0100110010111101
1000010001110011
1000010000010000
1000010000010000
1000010000010000
1000010000010000
0111110000010000
0111110000010000
0111101111001111
0011000101100110
0000000000000000
0000000000000000
0000000000000000
0000000000000000
0000000000000000
0000000000000000
0000000000000000
0000000000000000
0000000000000000
0000000000000000
0000000000000000
0000000000000000
0000000000000000
0000000000000000
0000000000000000
0110101101001101
1111111111111111
1111111111111111
1111111111111111
1111011110011110
0101101011101011
1110111101111101
1111111111111111
1111111111111111
1111111111111111
1111111111111111
1111111111111111
1111111111111111
1111111111111111
1111111111111111
1111111111111111
1111111111111111
1111111111111111
1111111111111111
1111111111111111
1111111111111111
1111111111111111
1111111111111111
1111111111111111
1111111111111111
1111111111111111
1111111111111111
1111111111111111
1111111111111111
1111111111111111
1111111111111111
1111111111111111
1111111111111111
1111111111111111
1111111111111111
1111111111111111
1111111111111111
1111111111111111
1111111111111111
1111111111111111
1111111111111111
1111111111111111
1111111111111111
1111111111111111
1111111111111111
1111111111111111
1111111111111111
1111111111111111
1111111111111111
1111111111111111
1111111111111111
1111111111111111
1111111111111111
1111111111111111
1111111111111111
1111111111111111
1111111111111111
1111111111111111
1111111111111111
1100011000111001
0000100001100001
0000000000000000
0000000000000000
0000000000000000
0000000000000000
0000000000000000
0000000000000000
0000000000000000
0000000000000000
0000000000000000
0000000000000000
0000000000000000
0000000000000000
0000000000000000
0000000000000000
0000100001000001
0110001100001100
1000010000010000
0111101111101111
1000010000010000
1000010000001111
1000010000001111
1000010000001111
1000010001010001
0110010100011100
0000101111111110
0000010000011111
0000010000011111
0000001111111111
0000001111111111
0000001111111111
0000001111111111
0000001111111111
0000001111111111
0010010010011110
0000110000011111
0000010000011111
0000010000011111
0000001111111111
0000001111111111
0000001111111111
0000001111111111
0000010000011111
0100110011011101
1000010001110011
0111110000010000
0111110000010000
1000010000010000
1000010000010000
0111110000010000
1000010000001111
0100101000101000
0000000000000000
0000000000000000
0000000000000000
0000000000000000
0000000000000000
0000000000000000
0000000000000000
0000000000000000
0000000000000000
0000000000000000
0000000000000000
0000000000000000
0000000000000000
0000000000000000
0000000000000000
0000000000000000
0110101101001100
1111111111111110
1111111111111111
1111111111111111
1111011110011110
0101101011101011
1110111101111101
1111111111111111
1111111111111111
1111111111111111
1111111111111111
1111111111111111
1111111111111111
1111111111111110
1111111111111110
1111111111111111
1111111111111111
1111111111111111
1111111111111111
1111111111111111
1111111111111111
1111111111111111
1111111111111111
1111111111111111
1111111111111111
1111111111111111
1111111111111111
1111111111111111
1111111111111111
1111111111111111
1111111111111111
1111111111111111
1111111111111111
1111111111111111
1111111111111111
1111111111111111
1111111111111111
1111111111111111
1111011111111111
1111111111111111
1111111111111111
1111111111111111
1111111111111111
1111111111111111
1111111111111111
1111111111111111
1111111111111111
1111111111111111
1111111111111111
1111111111111111
1111111111111111
1111111111011111
1111111111111111
1111111111011111
1111111111011111
1111111111111111
1111111111111111
1111111111111111
1111111111111111
1100011000111000
0000100001100001
0000000000000000
0000000000000000
0000000000000000
0000000000000000
0000000000000000
0000000000000000
0000000000000000
0000000000000000
0000000000000001
0000000000000000
0000000000000000
0000000000000000
0000000000000000
0000000000000000
0000000000000000
0001100011000011
0111001110001110
1000010000010000
1000010000010000
1000010000001111
1000010000001111
1000010000001111
1000010001010001
0110010100011100
0000001111111110
0000001111111111
0000001111111111
0000001111111111
0000001111111111
0000001111111111
0000001111111111
0000001111111111
0000001111111111
0111010100111100
0110010011011100
0110010011011100
0110010011111100
0110010011111100
0110010011011100
0110010011011100
0110010011011100
0110110011011011
1000010101111011
1001110100110101
1001110011110011
1001110011010011
1001110011010011
1001110011010011
1001110011010011
0111001100101100
0111100010000001
1001000001000001
1001000001000001
1001000001000001
1001000001000001
1001000001000001
0110100001000001
0000100000000000
0000000000000000
0000000000000000
0000000000000000
0000000000000000
0000000000000000
0110000111100010
1001101011000010
1001101011000010
1001101011000010
1011001111001000
1111011001110100
1111011001110100
1100010111010101
1011010110010110
0100001000000111
1010110101110101
1011010110010110
1011010110110110
1011110111110101
1111011110010100
1111111111110011
1111111111110011
1111111111110011
1111111111110011
1111111111110100
1110011100110101
1011010110110101
1011010110110110
1011010110010110
1011010110010110
1011010110010110
1011010110110110
1010111010110101
1010011110010100
1010011110110100
1010011110110100
1010011110110100
1010011110110100
1010111110010101
1010110111110101
1011010110010110
1011010110010110
1011010110010110
1011010110010110
1011010110010110
1010110111010111
1010011110011110
1001111111011110
1001111111011110
1010011111011110
1010011111011111
1010011110111110
1010111011111011
1011010110010110
1011010110010110
1011010110010110
1011010110110110
1011010110110110
1011010110010110
1011010110011001
1010110101111101
1011010110011101
1011010101111101
1010110110011101
1010110110011101
1010110110011100
1010110110011000
1011010110010110
1000110001110001
0000000000100001
0000000000000000
0000000000000000
0011000000000110
1000100011010001
1001100001110010
1001100001010010
1001000001010010
1001100001010011
1001100001110010
0110000001101100
0000100000000001
0000000000000000
0000000000000000
0000000000000000
0000000000000000
0000000000000000
0110101101101101
1001110011110011
1001110011010011
1001110011010011
1001110011010011
1001110011010011
1001110100010100
1001010110111011
0110010011011011
0110010011011100
0110010011011100
0110010011011100
0110010011011100
0110010011011100
0110010011011100
0110010011011100
0110010011011100
1000110010010011
0111110000110010
0111110000110011
0111110000110010
0111110000110010
0111110000110010
0111110000110010
0111110000110010
0111110001010010
1001010011010100
1001010010010010
1000010000110000
1000010000110000
1000010000110000
1000010000110000
0111001110101110
0100000011100011
1100100001100001
1111000000000000
1111000000000000
1111000000000000
1111000000000000
1111000000000000
1011000001000001
0001000000000000
0000000000000000
0000000000000000
0000000000000000
0000000000000000
0000000000000000
1001101011000010
1111010000000001
1111110000000000
1111110000100000
1111110000000000
1111101111100000
1110101111100010
0110100110100000
0000000000000000
0000000000000000
0000000000000000
0000000000000000
0000000000000000
0100101001000010
1110111100100110
1111111111100000
1111111111100001
1111111111100001
1111111111100001
1111111111100010
1100011001000111
0000000000000000
0000000000000000
0000000000000000
0000000000000000
0000000000000000
0000000001000000
0001110100100011
0001011110100010
0000011111100000
0000011111100000
0000011111100001
0000011111100001
0001111101100011
0000101011000001
0000000000000000
0000000000000000
0000000000000000
0000000000000000
0000000000000000
0000001001001001
0001111101011101
0000111111111111
0000011111111111
0000011111111111
0000111111111111
0001011111011111
0001010111010111
0000000000000000
0000000000000000
0000000000000000
0000000000000000
0000000000000000
0000000000000010
0000000000010010
0000000000011110
0000000000011111
0000000000011111
0000000000011111
0000000000011111
0000000000111010
0000000000001011
0000000000000000
0000000000000000
0000000000000000
0000000000000000
0000000000000000
0101000000001010
1101100011011011
1111100000111111
1111100000111111
1111100000111111
1111100000111111
1111100001011111
1010000010010100
0001000000000001
0000000000000000
0000000000000000
0000000000000000
0000000000000000
0000000000000000
1001110011010011
1010110101110101
1000010000110000
1000010000110000
1000010000110000
1000010000110000
1000110001010001
1001110100010101
0111110000110010
0111110000110010
0111110000110010
0111110000110010
0111110000110010
0111110000110010
0111110000110010
0111110000110010
0111110000110010
1000110001110001
0111101111110000
1000010000010000
1000010000010000
1000010000010000
1000010000010000
1000010000010000
0111110000010000
0111101111101111
1001010010110011
1000110001010001
1000010000010000
1000010000010000
1000010000010000
0111101111101111
0011000110100110
0100000000000000
1101000001100001
1111100000000000
1111100000000000
1111100000000000
1111100000000000
1111100000000000
1011100001000001
0001100000000000
0000000000000000
0000000000000000
0000000000000000
0000000000000000
0000000000000000
1010001011000010
1111110000000000
1111110000000000
1111110000000000
1111110000000000
1111110000000000
1110110000000010
0110100110100000
0000000000000000
0000000000000000
0000000000000000
0000000000000000
0000000000000000
0100101001000010
1110011101000100
1111111111100000
1111111111100000
1111111111100000
1111111111100000
1111111111100001
1100111001000110
0000000000000000
0000000000000000
0000000000000000
0000000000000000
0000000000000000
0000000001000000
0001010100100010
0001011110100001
0000011111100000
0000011111100000
0000011111100000
0000011111100000
0001011110000010
0000101011000001
0000000000100000
0000000000000000
0000000000000000
0000000000000000
0000000000000000
0000001001001001
0001011101011101
0000011111111111
0000011111111111
0000011111111111
0000011111111111
0000111111111111
0001010111110111
0000000000000000
0000000000000000
0000000000000000
0000000000000000
0000000000000000
0000000000000010
0000000000010010
0000000000011110
0000000000011111
0000000000011111
0000000000011111
0000000000011111
0000000000111010
0000000000001011
0000000000000000
0000000000000000
0000000000000000
0000000000000000
0000000000000000
0101000000001010
1101100010111100
1111100000011111
1111100000011111
1111100000011111
1111100000011111
1111100000011111
1010000001110100
0000100000000010
0000000000000000
0000000000000000
0000000000000000
0000000000000000
0000000000000000
1001010010110010
1100011000011000
1001010010110010
1000010000010000
1000010000010000
1000010000010000
1000010000110000
1001110011110011
0111110000010000
1000001111110000
1000001111110000
0111101111110000
0111101111110000
0111101111110000
0111101111110000
0111101111110000
0111101111110000
1000110001110001
1000010000001111
1000010000001111
1000010000001111
1000010000010000
1000010000010000
1000010000010000
1000010000010000
0111101111101111
1001010010110010
1000110001010001
0111101111101111
1000010000010000
1000010000010000
0101101011001011
0000000000000000
0100000000000000
1101000001000001
1111100000000000
1111100000000000
1111100000000000
1111100000000000
1111100000000000
1011100001000001
0001100000000000
0000000000000000
0000000000000000
0000000000000000
0000000000000000
0000000000000000
1010001011000010
1111110000000000
1111110000000000
1111110000000000
1111110000000000
1111110000000000
1110110000000010
0110100110100000
0000000000000000
0000000000000000
0000000000000000
0000000000000000
0000000000000000
0100101001100010
1110111101000100
1111111111100000
1111111111100000
1111111111100000
1111111111100000
1111111111100001
1100111001000110
0000000000000000
0000000000000000
0000000000000000
0000000000000000
0000000000000000
0000000001000000
0001010100100010
0001011110100001
0000011111100000
0000011111100000
0000011111100000
0000011111100000
0001011101100010
0000101011000001
0000000000100000
0000000000000000
0000000000000000
0000000000000000
0000000000000000
0000001001001001
0001011101011101
0000011111111111
0000011111111111
0000011111111111
0000011111111111
0000011111111111
0000110111111000
0000000000000000
0000000000000000
0000000000000000
0000000000000000
0000000000000000
0000000000000010
0000000000110010
0000000000011110
0000000000011111
0000000000011111
0000000000011111
0000000000011111
0000000000111011
0000000000001100
0000000000000000
0000000000000000
0000000000000000
0000000000000000
0000000000000000
0101000000001010
1110000010111011
1111100000011111
1111100000011111
1111100000011111
1111100000011111
1111100000011111
1010000001110100
0000100000000010
0000000000000000
0000000000000000
0000000000000000
0000000000000000
0000000000000000
1001010010110010
1100011000011000
1011010110110110
1000010000110000
1000010000010000
1000010000010000
1000010000010000
1001110011110011
0111101111101111
1000010000010000
1000010000010000
1000010000010000
1000010000010000
1000010000010000
1000010000010000
1000010000010000
1000010000010000
1000110001110001
1000010000001111
1000010000001111
1000010000001111
1000010000010000
1000010000010000
1000010000010000
1000010000010000
0111101111101111
1001010010110010
1000110001010001
0111101111101111
1000010000010000
0111001110001110
0001100011000011
0000000000000000
0100000000000000
1101000001000001
1111100000000000
1111100000000000
1111100000000000
1111100000000000
1111100000000000
1011100001000001
0001100000000000
0000000000000000
0000000000000000
0000000000000000
0000000000000000
0000000000000000
1010001011000010
1111110000000000
1111110000000000
1111110000000000
1111110000000000
1111110000000000
1110110000000010
0110100110100000
0000000000000000
0000000000000000
0000000000000000
0000000000000000
0000000000000000
0100101001100010
1110111101000100
1111111111100000
1111111111100000
1111111111100000
1111111111100000
1111111111100001
1100111001000110
0000000000000000
0000000000000000
0000000000000000
0000000000000000
0000000000000000
0000000001000000
0001010100100010
0001011110100001
0000011111100000
0000011111100000
0000011111100000
0000011111100000
0001011101100010
0000101011000001
0000000000000000
0000000000000000
0000000000000000
0000000000000000
0000000000000000
0000001001001001
0001011101011101
0000011111111111
0000011111111111
0000011111111111
0000011111111111
0000011111111111
0000110111111000
0000000000000000
0000000000000000
0000000000000000
0000000000000000
0000000000000000
0000000000000010
0000000000110010
0000000000011110
0000000000011111
0000000000011111
0000000000011111
0000000000011111
0000000000111011
0000000000001100
0000000000000000
0000000000000000
0000000000000000
0000000000000000
0000000000000000
0101000000001010
1110000010111011
1111100000011111
1111100000011111
1111100000011111
1111100000011111
1111100000011111
1010000001110100
0000100000000001
0000000000000000
0000000000000000
0000000000000000
0000000000000000
0000000000000000
1001010010110010
1100011000011000
1100011000011000
1010010100010100
0111101111101111
1000010000010000
1000010000110000
1001110011110011
0111101111101111
1000010000010000
1000010000010000
1000010000010000
1000010000010000
1000010000010000
1000010000010000
1000010000010000
1000010000010000
1000110001110001
1000010000001111
1000010000001111
1000010000001111
1000010000010000
1000010000010000
1000010000010000
1000010000010000
0111101111101111
1001010010110010
1000110001010001
0111101111101111
1000010000010000
0100001000101000
0000000000000000
0000000000000000
0100000000000000
1101000001000001
1111100000000000
1111100000000000
1111100000000000
1111100000000000
1111100000000000
1011100001000001
0001100000000000
0000000000000000
0000000000000000
0000000000000000
0000000000000000
0000000000000000
1010001011000010
1111110000000000
1111110000000000
1111110000000000
1111110000000000
1111110000000000
1110110000000010
0110100110100000
0000000000000000
0000000000000000
0000000000000000
0000000000000000
0000000000000000
0100101001100010
1110111101000100
1111111111100000
1111111111100000
1111111111100000
1111111111100000
1111111111100001
1100111001000110
0000000000000000
0000000000000000
0000000000000000
0000000000000000
0000000000000000
0000000001000000
0001010100100010
0001011110100001
0000011111100000
0000011111100000
0000011111100000
0000011111100000
0001011101100010
0000101011000001
0000000000000000
0000000000000000
0000000000000000
0000000000000000
0000000000000000
0000001001001001
0001011101011101
0000011111111111
0000011111111111
0000011111111111
0000011111111111
0000111111111111
0000110111111000
0000000000000000
0000000000000000
0000000000000000
0000000000000000
0000000000000000
0000000000000010
0000000000110010
0000000000011110
0000000000011111
0000000000011111
0000000000011111
0000000000011111
0000000000111011
0000000000001100
0000000000000000
0000000000000000
0000000000000000
0000000000000000
0000000000000000
0101000000001010
1110000010111011
1111100000011111
1111100000011111
1111100000011111
1111100000011111
1111100000011111
1010000001110100
0000100000000001
0000000000000000
0000000000000000
0000000000000000
0000000000000000
0000000000000000
1001010010110010
1100011000011000
1100011000011000
1011110111110111
1000110001110001
1000010000010000
1000010000110000
1001110011110011
0111101111101111
1000010000010000
1000010000010000
1000010000010000
1000010000010000
1000010000010000
1000010000010000
1000010000010000
1000010000010000
1000110001110001
1000010000001111
1000010000001111
1000010000001111
1000010000010000
1000010000010000
1000010000010000
1000010000010000
0111101111101111
1001010010110010
1000110001010001
1000010000010000
0110101101001101
0000000000100000
0000000000000000
0000000000000000
0100000000000000
1101000001000001
1111100000000000
1111100000000000
1111100000000000
1111100000000000
1111100000000000
1011100001000000
0001100000000000
0000000000000000
0000000000000000
0000000000000000
0000000000000000
0000000000000000
1010001011000010
1111110000000000
1111110000000000
1111110000000000
1111110000000000
1111110000000000
1110110000000010
0110100110100000
0000000000000000
0000000000000000
0000000000000000
0000000000000000
0000000000000000
0100101001000010
1110111101000101
1111111111100000
1111111111100000
1111111111100000
1111111111100000
1111111111100001
1100111001000110
0000000000000000
0000000000000000
0000000000000000
0000000000000000
0000000000000000
0000000001000000
0001010100100010
0001011110100001
0000011111100000
0000011111100000
0000011111100000
0000011111100000
0001011101100010
0000101011000001
0000000000000000
0000000000000000
0000000000000000
0000000000000000
0000000000000000
0000001001001001
0001011101011101
0000011111111111
0000011111111111
0000011111111111
0000011111111111
0000111111111111
0000110111111000
0000000000000000
0000000000000000
0000000000000000
0000000000000000
0000000000000000
0000000000000010
0000000000010010
0000000000011111
0000000000011111
0000000000011111
0000000000011111
0000000000011111
0000000000111010
0000000000001011
0000000000000000
0000000000000000
0000000000000000
0000000000000000
0000000000000000
0101000000001010
1110000010111011
1111100000011111
1111100000011111
1111100000011111
1111100000011111
1111100000011111
1010000001110100
0000100000000001
0000000000000000
0000000000000000
0000000000000000
0000000000000000
0000000000000000
1001010010110010
1100011000011000
1100011000011000
1100011000011000
1010110101110101
1000010000010000
1000010000110000
1001110011110011
0111101111101111
1000010000010000
1000010000010000
1000010000010000
1000010000010000
1000010000010000
1000010000010000
1000010000010000
1000010000010000
1000110001110001
1000010000010000
1000010000010000
1000010000010000
1000010000010000
1000010000010000
1000010000010000
1000010000010000
0111101111101111
1001010010110010
1000110001010001
0111101111001111
0011100111000111
0000000000000000
0000000000000000
0000000000000000
0100000000000000
1101000001000001
1111100000000000
1111100000000000
1111100000000000
1111100000000000
1111100000000000
1011100001000000
0001000000000000
0000000000000000
0000000000000000
0000000000000000
0000000000000000
0000000000000000
1010001011000010
1111110000000000
1111110000000000
1111110000000000
1111110000000000
1111110000000000
1110101111100010
0110100110100000
0000000000000000
0000000000000000
0000000000000000
0000000000000000
0000000000000000
0100101001000010
1110111100100101
1111111111100000
1111111111100000
1111111111100000
1111111111100000
1111111111100001
1100111001000110
0000000000000000
0000000000000000
0000000000000000
0000000000000000
0000000000000000
0000000001000000
0001010100100010
0001011110100001
0000011111100000
0000011111100000
0000011111100000
0000011111100000
0001011101100010
0000101011000001
0000000000000000
0000000000000000
0000000000000000
0000000000000000
0000000000000000
0000001001001001
0001011101011101
0000011111111111
0000011111111111
0000011111111111
0000011111111111
0000011111111111
0000110111110111
0000000000000000
0000000000000000
0000000000000000
0000000000000000
0000000000000000
0000000000000010
0000000000010010
0000000000011111
0000000000011111
0000000000011111
0000000000011111
0000000000011111
0000000000111010
0000000000001011
0000000000000000
0000000000000000
0000000000000000
0000000000000000
0000000000000000
0101000000001010
1110000010111011
1111100000011111
1111100000011111
1111100000011111
1111100000011111
1111100000011111
1010000001110100
0000100000000001
0000000000000000
0000000000000000
0000000000000000
0000000000000000
0000000000000000
1001010010110010
1100011000011000
1100011000011000
1100011000011000
1011110111110111
1001010010010010
1000010000110000
1001110011110011
0111101111101111
1000010000010000
1000010000010000
1000010000010000
1000010000010000
1000010000010000
1000010000010000
1000010000010000
1000010000010000
1000110001110001
1000010000010000
1000010000010000
1000010000010000
1000010000010000
1000010000010000
1000010000010000
1000010000010000
0111101111101111
1001010010110010
1000110001110001
0110101101001101
0000000000000000
0000000000000000
0000000000000000
0000000000000000
0100000000000000
1100100001000001
1111100000000000
1111100000000000
1111100000000000
1111100000000000
1111100000000000
1011100001000000
0001000000000000
0000000000000000
0000000000000000
0000000000000000
0000000000000000
0000000000000000
1010001011100010
1111110000000000
1111110000000000
1111110000000000
1111110000000000
1111110000000000
1110110000000010
0110100110100000
0000000000000000
0000000000000000
0000000000000000
0000000000000000
0000000000000000
0100101001000010
1110111100100101
1111111111100000
1111111111100000
1111111111100000
1111111111100000
1111111111100001
1100111001000110
0000000000000000
0000000000000000
0000000000000000
0000000000000000
0000000000000000
0000000001000000
0001010100100010
0001011110100001
0000011111100000
0000011111100000
0000011111100000
0000011111100000
0001011110000010
0000101011000001
0000000000000000
0000000000000000
0000000000000000
0000000000000000
0000000000000000
0000001001001001
0001011101011101
0000011111111111
0000011111111111
0000011111111111
0000011111111111
0000111111111111
0000110111110111
0000000000000000
0000000000000000
0000000000000000
0000000000000000
0000000000000000
0000000000000010
0000000000010001
0000000000011110
0000000000011111
0000000000011111
0000000000011111
0000000000011111
0000000000111010
0000000000001011
0000000000000000
0000000000000000
0000000000000000
0000000000000000
0000000000000000
0101000000001010
1110000010111011
1111100000011111
1111100000011111
1111100000011111
1111100000011111
1111100000111111
1010000001110100
0000100000000001
0000000000000000
0000000000000000
0000000000000000
0000000000000000
0000000000000000
1001010010110010
1100011000011000
1011110111110111
1011110111110111
1011110111110111
1011010110010110
1000010000110000
1001110011110011
0111101111101111
1000010000010000
1000010000010000
1000010000010000
1000010000010000
1000010000010000
1000010000010000
1000010000010000
1000010000010000
1000110001110001
1000010000010000
1000010000010000
1000010000010000
1000010000010000
1000010000010000
1000010000010000
1000010000010000
1000010000010000
1001110011010011
1000110001110001
0011000110100110
0000000000000000
0000000000000000
0000000000000000
0000000000000000
0011100000000000
1100100001100001
1111000000000000
1111000000000000
1111000000000000
1111000000000000
1111000000000000
1011000001000000
0001000000000000
0000000000000000
0000000000000000
0000000000000000
0000000000000000
0000000000000000
1001101011100010
1111010000100010
1111010000100010
1111010000100010
1111010000100010
1111010000100010
1110010000100011
0110000111000000
0000000000000000
0000000000000000
0000000000000000
0000000000000000
0000000000000000
0100001001000010
1110011101000101
1111011111100000
1111011111100000
1111011111100000
1111011111100000
1111011111100001
1100011001000110
0000000000000000
0000000000000000
0000000000000000
0000000000000000
0000000000000000
0000000001000000
0001010101000010
0001011111000001
0000011111100000
0000011111100000
0000011111100000
0000011111100000
0001011110000011
0000101011000001
0000000000000000
0000000000000000
0000000000000000
0000000000000000
0000000000000000
0000101001001001
0010011100111101
0001111111011111
0001111110111111
0001111110111111
0001111110111111
0001111110111111
0010010111011000
0000000000000000
0000000000000000
0000000000000000
0000000000000000
0000000000000000
0000000000000010
0000100000010001
0000100000011101
0001000000011101
0001000000011110
0001000000011110
0001000000011110
0001000000111001
0000000000001011
0000000000000000
0000000000000000
0000000000000000
0000000000000000
0000100000000000
0101000000001001
1110000011011011
1111100000011110
1111100000011110
1111100000011110
1111100000011110
1111100000111110
1010000010010100
0000100000000011
0000000000000001
0000000000000001
0000000000000001
0000000000000001
0000000000000000
1001010010110011
1100011000011001
1011110111111000
1011110111111000
1011110111111000
1100011000011000
1001110011010011
1001110011110100
1000010000010000
1000010000010000
1000010000010000
1000010000010000
1000010000010000
1000010000010000
1000010000010000
1000010000010000
1000010000010000
1010110101010101
1001110011110011
1001110011110011
1001110011110011
1001110011110011
1001110011110011
1001110011110011
1001110011110011
1001110011110011
1011010110010100
1011110111001111
1100011000000110
1100011000000100
1100011000000100
1100011000000100
1100011000000100
1100111000000100
1110110111100011
1111010111000011
1111010111000011
1111010111000011
1111010111000011
1111010111000011
1110010111100011
1001111000101010
0011110111010011
0001110111110111
0001110111110111
0001110111010111
0010010111110111
0101011000110111
0111111001110101
0111111001110101
0111111001110101
0111111001110101
1000011001110101
0111111010010110
0011111000010110
0001110111110111
0001110111110111
0001110111110111
0001110111110111
0001110111110111
0010111000010110
0111111110001101
1000111111000001
1000111111000001
1000111110100001
1000111111000001
1000011110100001
0110111100100100
0001110111000010
0001110111000011
0001110111000011
0001110111000011
0001110111000011
0001110111100011
0001011011100010
0000111111100001
0000011111100000
0000011111100000
0000011111100000
0000011111100000
0010111101000101
1000001011010000
1010100010110110
1011000010010110
1011000010010110
1011000010010110
1011000010010110
1010100101011000
1010110000011110
1010010001011111
1010010001011111
1010010001011111
1010010001011111
1010010001011110
1010101100111100
1011000010010111
1011000010010111
1011000010010111
1011000010010111
1011000010010111
1011000010110010
1010100001101010
1010100001101111
1011000001101111
1010100001001111
1010100001001111
1011000001101111
1011000001101101
1011000001100110
1011000001100010
1010100001100010
1011000010000010
1011000010000010
1011000010000010
1100000001000101
1111000010001111
1111100000110000
1111100000110000
1111100000110000
1111100000110001
1100000001111000
0101100001111010
0000100001010110
0000100001110101
0000100001110101
0000100001110101
0000100001110101
0000000000110101
0101101011011001
0111001110111100
0111001110111100
0111001110111100
0111001110111100
0111001110111100
0111101111111010
1010110101111001
1001110011010011
1001110011010011
1001110011010011
1001110011010011
1001110011010011
1001110011010011
1001110011010011
1001110011110011
1001110011110011
1000110001010001
0111101111101111
0111101111101111
0111101111101111
0111101111101111
0111101111101111
0111101111101111
0111101111101111
0111101111101111
1001110011101110
1110011011101000
1111111111100010
1111111111100001
1111111111100000
1111111111100000
1111111111100000
1111111111100000
1111111111100000
1111111111100000
1111111111100000
1111111111100000
1111111111100000
1111111111100000
1111111111100000
1100011111101100
0011011110111001
0000111111011111
0000011111111111
0000011111111111
0000011111111111
0000011111011111
0000011111011111
0000011111011111
0000011111011111
0000011111011111
0000011111011111
0000011111011111
0000011111111111
0000011111111111
0000011111111111
0000011111111111
0000011111111111
0000011111111111
0000011111111111
0000111111110001
0000011111000010
0000011111100000
0000011111100000
0000011111100000
0000011111100000
0000011111100000
0000011111100000
0000011111100000
0000011111100000
0000011111100000
0000011111100000
0000011111100000
0000011111100000
0000011111100000
0000011111100000
0000011111100000
0000011111100000
0000011111100000
0011011100100110
1011101010110111
1111000001011110
1111100000011111
1111100000011111
1111100000011111
1111100000011111
1111100000011111
1111100000011111
1111100000011111
1111100000011111
1111100000011111
1111100000011111
1111100000011111
1111100000011111
1111100000011111
1111100000011111
1111100000011111
1111100000011111
1111100000011111
1111100000111000
1111100000000101
1111100000000000
1111100000000000
1111100000000000
1111100000000000
1111100000000000
1111100000000000
1111100000000000
1111100000000000
1111100000000000
1111100000000000
1111100000000000
1111100000000000
1111100000000000
1111100000000000
1111100000000000
1111100000000000
1111100000000000
1111100000000010
1001000000110011
0000100000011101
0000000000011111
0000000000011111
0000000000011111
0000000000011111
0000000000011111
0000000000011111
0000000000011111
0000000000011111
0000000000011111
0000000000011111
0000000000011111
0000000000011111
0001000010111100
1000010000111001
0111101111110000
0111101111101111
0111101111101111
0111101111101111
0111101111101111
0111101111101111
0111101111101111
0111101111101111
0111101111101111
1000110001110001
1000010000010000
1000010000010000
1000010000010000
1000010000010000
1000010000010000
1000010000010000
1000010000010000
0111101111101111
1010110101001011
1111111111000110
1111111111100000
1111111111100000
1111111111100000
1111111111100000
1111111111100000
1111111111100000
1111111111100000
1111111111100000
1111111111100000
1111111111100000
1111111111100000
1111111111100000
1111111111100000
1100011111101100
0011011110111001
0000011111011111
0000011111111111
0000011111111111
0000011111011111
0000011111011111
0000011111011111
0000011111011111
0000011111111111
0000011111111111
0000011111111111
0000011111111111
0000011111111111
0000011111111111
0000011111111111
0000011111111111
0000011111111111
0000011111111111
0000011111111110
0000011111110001
0000011111100010
0000011111100000
0000011111100000
0000011111100000
0000011111100000
0000011111100000
0000011111100000
0000011111100000
0000011111100000
0000011111100000
0000011111100000
0000011111100000
0000011111100000
0000011111100000
0000011111100000
0000011111100000
0000011111100000
0000011111100000
0011011100100110
1011101010110111
1111000001011110
1111100000011111
1111100000011111
1111100000011111
1111100000011111
1111100000011111
1111100000011111
1111100000011111
1111100000011111
1111100000011111
1111100000011111
1111100000011111
1111100000011111
1111100000011111
1111100000011111
1111100000011111
1111100000011111
1111100000011111
1111100000011000
1111100000000101
1111100000000000
1111100000000000
1111100000000000
1111100000000000
1111100000000000
1111100000000000
1111100000000000
1111100000000000
1111100000000000
1111100000000000
1111100000000000
1111100000000000
1111100000000000
1111100000000000
1111100000000000
1111100000000000
1111100000000000
1111100000000010
1001000000110010
0000100000011101
0000000000011111
0000000000011111
0000000000011111
0000000000011111
0000000000011111
0000000000011111
0000000000011111
0000000000011111
0000000000011111
0000000000011111
0000000000011111
0000000000011111
0000000000011110
0100101001111000
0111101111110010
1000001111101111
0111110000001111
0111101111101111
0111101111101111
0111101111101111
0111101111101111
1000010000010000
1000010000010000
1000110001110001
1000010000010000
1000010000010000
1000010000010000
1000010000010000
1000010000010000
1000010000010000
1000010000010000
0111110000001101
1100111001001000
1111111111100010
1111111111100000
1111111111100000
1111111111100000
1111111111100000
1111111111100000
1111111111100000
1111111111100000
1111111111100000
1111111111100000
1111111111100000
1111111111100000
1111111111100000
1111111111100000
1011111111101100
0011011111011001
0000011111111111
0000011111111111
0000011111111111
0000011111011111
0000011111011111
0000011111011111
0000011111111111
0000011111111111
0000011111111111
0000011111111111
0000011111111111
0000011111111111
0000011111111111
0000011111111111
0000011111111111
0000011111111111
0000011111111111
0000011111111110
0000011111110001
0000011111100010
0000011111100000
0000011111100000
0000011111100000
0000011111100000
0000011111100000
0000011111100000
0000011111100000
0000011111100000
0000011111100000
0000011111100000
0000011111100000
0000011111100000
0000011111100000
0000011111100000
0000011111100000
0000011111100000
0000011111100000
0011011101000110
1011101010110111
1111000000111110
1111100000011111
1111100000011111
1111100000011111
1111100000011111
1111100000011111
1111100000011111
1111100000011111
1111100000011111
1111100000011111
1111100000011111
1111100000011111
1111100000011111
1111100000011111
1111100000011111
1111100000011111
1111100000011111
1111100000011111
1111100000011000
1111100000000100
1111100000000000
1111100000000000
1111100000000000
1111100000000000
1111100000000000
1111100000000000
1111100000000000
1111100000000000
1111100000000000
1111100000000000
1111100000000000
1111100000000000
1111100000000000
1111100000000000
1111100000000000
1111100000000000
1111100000000000
1111100000000001
1001000000110010
0000100000011101
0000000000011111
0000000000011111
0000000000011111
0000000000011111
0000000000011111
0000000000011111
0000000000011111
0000000000011111
0000000000011111
0000000000011111
0000000000011111
0000000000011111
0000000000011111
0001100011111011
0111001110110100
1000001111101111
0111110000001111
0111101111101111
0111101111101111
0111101111101111
0111101111101111
1000010000010000
1000010000010000
1000110001110001
1000010000010000
1000010000010000
1000010000010000
1000010000010000
1000010000010000
1000010000010000
1000010000010000
1000110001101100
1110111101000101
1111111111100000
1111111111100000
1111111111100000
1111111111100000
1111111111100000
1111111111100000
1111111111100000
1111111111100000
1111111111100000
1111111111100000
1111111111100000
1111111111100000
1111111111100000
1111111111100000
1011111111101100
0011011111011001
0000011111111111
0000011111111111
0000011111111111
0000011111111111
0000011111011111
0000011111111111
0000011111111111
0000011111111111
0000011111111111
0000011111111111
0000011111111111
0000011111111111
0000011111111111
0000011111111111
0000011111111111
0000011111111111
0000011111111111
0000011111111110
0000011111110001
0000011111100010
0000011111100000
0000011111100000
0000011111100000
0000011111100000
0000011111100000
0000011111100000
0000011111100000
0000011111100000
0000011111100000
0000011111100000
0000011111100000
0000011111100000
0000011111100000
0000011111100000
0000011111100000
0000011111100000
0000011111100000
0011011101000110
1011101010110111
1111000000111110
1111100000011111
1111100000011111
1111100000011111
1111100000011111
1111100000011111
1111100000011111
1111100000011111
1111100000011111
1111100000011111
1111100000011111
1111100000011111
1111100000011111
1111100000011111
1111100000011111
1111100000011111
1111100000011111
1111100000011111
1111100000011000
1111100000000100
1111100000000000
1111100000000000
1111100000000000
1111100000000000
1111100000000000
1111100000000000
1111100000000000
1111100000000000
1111100000000000
1111100000000000
1111100000000000
1111100000000000
1111100000000000
1111100000000000
1111100000000000
1111100000000000
1111100000000000
1111100000000001
1001000000110010
0000100000011101
0000000000011111
0000000000011111
0000000000011111
0000000000011111
0000000000011111
0000000000011111
0000000000011111
0000000000011111
0000000000011111
0000000000011111
0000000000011111
0000000000011111
0000000000011111
0000000000011101
0101101100010110
1000001111110001
0111101111101111
0111101111101111
0111101111101111
0111101111101111
0111101111101111
0111110000010000
0111110000010000
1000110001110001
1000010000010000
1000010000010000
1000010000010000
1000010000010000
1000010000010000
1000010000010000
0111110000001111
1010110101101010
1111111111100100
1111111111100000
1111111111100000
1111111111100000
1111111111100000
1111111111100000
1111111111100000
1111111111100000
1111111111100000
1111111111100000
1111111111100000
1111111111100000
1111111111100000
1111111111100000
1111111111100000
1011111111101100
0011011111011001
0000011111111111
0000011111111111
0000011111111111
0000011111111111
0000011111111111
0000011111111111
0000011111111111
0000011111111111
0000011111111111
0000011111111111
0000011111111111
0000011111111111
0000011111111111
0000011111111111
0000011111111111
0000011111111111
0000011111111111
0000011111111110
0000011111110001
0000011111100010
0000011111100000
0000011111100000
0000011111100000
0000011111100000
0000011111100000
0000011111100000
0000011111100000
0000011111100000
0000011111100000
0000011111100000
0000011111100000
0000011111100000
0000011111100000
0000011111100000
0000011111100000
0000011111100000
0000011111100000
0011011101000110
1011101010110111
1111000000111110
1111100000011111
1111100000011111
1111100000011111
1111100000011111
1111100000011111
1111100000011111
1111100000011111
1111100000011111
1111100000011111
1111100000011111
1111100000011111
1111100000011111
1111100000011111
1111100000011111
1111100000011111
1111100000011111
1111100000011111
1111100000011000
1111100000000100
1111100000000000
1111100000000000
1111100000000000
1111100000000000
1111100000000000
1111100000000000
1111100000000000
1111100000000000
1111100000000000
1111100000000000
1111100000000000
1111100000000000
1111100000000000
1111100000000000
1111100000000000
1111100000000000
1111100000000000
1111100000000010
1001000000110010
0000100000011101
0000000000011111
0000000000011111
0000000000011111
0000000000011111
0000000000011111
0000000000011111
0000000000011111
0000000000011111
0000000000011111
0000000000011111
0000000000011111
0000000000011111
0000000000011111
0000000000011110
0011100111011001
0111101111010010
1000001111101111
0111101111101111
0111101111101111
0111101111101111
0111101111101111
0111110000010000
0111110000010000
1000110001110001
1000010000010000
1000010000010000
1000010000010000
1000010000010000
1000010000010000
1000010000010000
1000010000101101
1101011010001000
1111111111100010
1111111111100000
1111111111100000
1111111111100000
1111111111100000
1111111111100000
1111111111100000
1111111111100000
1111111111100000
1111111111100000
1111111111100000
1111111111100000
1111111111100000
1111111111100000
1111111111100000
1011111111101100
0011011111011001
0000011111111111
0000011111111111
0000011111111111
0000011111111111
0000011111111111
0000011111111111
0000011111111111
0000011111111111
0000011111111111
0000011111111111
0000011111111111
0000011111111111
0000011111111111
0000011111111111
0000011111111111
0000011111111111
0000011111111111
0000011111111110
0000011111110001
0000011111100010
0000011111100000
0000011111100000
0000011111100000
0000011111100000
0000011111100000
0000011111100000
0000011111100000
0000011111100000
0000011111100000
0000011111100000
0000011111100000
0000011111100000
0000011111100000
0000011111100000
0000011111100000
0000011111100000
0000011111100000
0011011100100110
1011101010110111
1111000000111110
1111100000011111
1111100000011111
1111100000011111
1111100000011111
1111100000011111
1111100000011111
1111100000011111
1111100000011111
1111100000011111
1111100000011111
1111100000011111
1111100000011111
1111100000011111
1111100000011111
1111100000011111
1111100000011111
1111100000011111
1111100000011000
1111100000000100
1111100000000000
1111100000000000
1111100000000000
1111100000000000
1111100000000000
1111100000000000
1111100000000000
1111100000000000
1111100000000000
1111100000000000
1111100000000000
1111100000000000
1111100000000000
1111100000000000
1111100000000000
1111100000000000
1111100000000000
1111100000000010
1001000000110010
0000100000011101
0000000000011111
0000000000011111
0000000000011111
0000000000011111
0000000000011111
0000000000011111
0000000000011111
0000000000011111
0000000000011111
0000000000011111
0000000000011111
0000000000011111
0000000000011111
0000000000011111
0001000010011100
0111001110110100
1000001111110000
0111101111101111
0111101111101111
0111101111101111
0111101111101111
0111110000010000
0111110000010000
1000110001110001
1000010000010000
1000010000010000
1000010000010000
0111110000010000
1000010000001111
1000010000010000
1001010010001100
1110111101100101
1111111111100000
1111111111100000
1111111111100000
1111111111100000
1111111111100000
1111111111100000
1111111111100000
1111111111100000
1111111111100000
1111111111100000
1111111111100000
1111111111100000
1111111111100000
1111111111100000
1111111111100000
1100011111101100
0011011111011001
0000011111111111
0000011111111111
0000011111111111
0000011111111111
0000011111111111
0000011111111111
0000011111111111
0000011111111111
0000011111111111
0000011111111111
0000011111111111
0000011111111111
0000011111111111
0000011111111111
0000011111111111
0000011111111111
0000011111111111
0000011111111110
0000011111110001
0000011111100010
0000011111100000
0000011111100000
0000011111100000
0000011111100000
0000011111100000
0000011111100000
0000011111100000
0000011111100000
0000011111100000
0000011111100000
0000011111100000
0000011111100000
0000011111100000
0000011111100000
0000011111100000
0000011111100000
0000011111100000
0011011100100110
1011101010110111
1111000000111110
1111100000011111
1111100000011111
1111100000011111
1111100000011111
1111100000011111
1111100000011111
1111100000011111
1111100000011111
1111100000011111
1111100000011111
1111100000011111
1111100000011111
1111100000011111
1111100000011111
1111100000011111
1111100000011111
1111100000011111
1111100000011000
1111100000000100
1111100000000000
1111100000000000
1111100000000000
1111100000000000
1111100000000000
1111100000000000
1111100000000000
1111100000000000
1111100000000000
1111100000000000
1111100000000000
1111100000000000
1111100000000000
1111100000000000
1111100000000000
1111100000000000
1111100000000000
1111100000000010
1001000000110010
0000100000011101
0000000000011111
0000000000011111
0000000000011111
0000000000011111
0000000000011111
0000000000011111
0000000000011111
0000000000011111
0000000000011111
0000000000011111
0000000000011111
0000000000011111
0000000000011111
0000000000011111
0000000000011101
0101101011110110
1000001111110001
1000001111101111
0111101111101111
0111101111101111
0111101111101111
0111110000010000
0111110000010000
1000110001110001
1000010000010000
1000010000010000
1000010000010000
0111110000010000
1000010000001111
1000010000001111
1010010100101010
1111111111000011
1111111111100000
1111111111100000
1111111111100000
1111111111100000
1111111111100000
1111111111100000
1111111111100000
1111111111100000
1111111111100000
1111111111100000
1111111111100000
1111111111100000
1111111111100000
1111111111100000
1111111111100000
1100011111101100
0011011111011001
0000011111111111
0000011111111111
0000011111111111
0000011111111111
0000011111111111
0000011111111111
0000011111111111
0000011111111111
0000011111111111
0000011111111111
0000011111111111
0000011111111111
0000011111111111
0000011111111111
0000011111111111
0000011111111111
0000011111111111
0000011111111111
0000011111110001
0000011111100010
0000011111100000
0000011111100000
0000011111100000
0000011111100000
0000011111100000
0000011111100000
0000011111100000
0000011111100000
0000011111100000
0000011111100000
0000011111100000
0000011111100000
0000011111100000
0000011111100000
0000011111100000
0000011111100000
0000011111100000
0011011100100110
1011101010110111
1111000000111110
1111100000011111
1111100000011111
1111100000011111
1111100000011111
1111100000011111
1111100000011111
1111100000011111
1111100000011111
1111100000011111
1111100000011111
1111100000011111
1111100000011111
1111100000011111
1111100000011111
1111100000011111
1111100000011111
1111100000011111
1111100000011000
1111100000000100
1111100000000000
1111100000000000
1111100000000000
1111100000000000
1111100000000000
1111100000000000
1111100000000000
1111100000000000
1111100000000000
1111100000000000
1111100000000000
1111100000000000
1111100000000000
1111100000000000
1111100000000000
1111100000000000
1111100000000000
1111100000000010
1001000000110010
0000100000011101
0000000000011111
0000000000011111
0000000000011111
0000000000011111
0000000000011111
0000000000011111
0000000000011111
0000000000011111
0000000000011111
0000000000011111
0000000000011111
0000000000011111
0000000000011111
0000000000011111
0000000000011110
0100000111111001
0111101111010011
1000001111101111
0111101111101111
0111101111101111
1000010000010000
1000010000010000
1000010000010000
1001010010010010
1000010000110000
1000110001010001
1000110001010001
1000010001010001
1000110001010001
1000110001001111
1100111001101001
1111111111100010
1111111111100000
1111111111100000
1111111111100000
1111111111100000
1111111111100000
1111111111100000
1111111111100000
1111111111100000
1111111111100000
1111111111100000
1111111111100000
1111111111100000
1111111111100000
1111111111100000
1111111111100000
1100011111101100
0011011111011001
0000011111111111
0000011111111111
0000011111111111
0000011111111111
0000011111111111
0000011111111111
0000011111111111
0000011111111111
0000011111111111
0000011111111111
0000011111111111
0000011111111111
0000011111111111
0000011111111111
0000011111111111
0000011111111111
0000011111111111
0000011111111111
0000011111110001
0000011111100010
0000011111100000
0000011111100000
0000011111100000
0000011111100000
0000011111100000
0000011111100000
0000011111100000
0000011111100000
0000011111100000
0000011111100000
0000011111100000
0000011111100000
0000011111100000
0000011111100000
0000011111100000
0000011111100000
0000011111100000
0011011101000110
1011101010110111
1111000000111110
1111100000011111
1111100000011111
1111100000011111
1111100000011111
1111100000011111
1111100000011111
1111100000011111
1111100000011111
1111100000011111
1111100000011111
1111100000011111
1111100000011111
1111100000011111
1111100000011111
1111100000011111
1111100000011111
1111100000011111
1111100000011000
1111100000000100
1111100000000000
1111100000000000
1111100000000000
1111100000000000
1111100000000000
1111100000000000
1111100000000000
1111100000000000
1111100000000000
1111100000000000
1111100000000000
1111100000000000
1111100000000000
1111100000000000
1111100000000000
1111100000000000
1111100000000000
1111100000000010
1001000000110010
0000100000011101
0000000000011111
0000000000011111
0000000000011111
0000000000011111
0000000000011111
0000000000011111
0000000000011111
0000000000011111
0000000000011111
0000000000011111
0000000000011111
0000000000011111
0000000000011111
0000000000011111
0000000000011111
0001100011011011
1000010000010101
1000110001010001
1000110001010001
1000110001010001
1000110001010001
1000110001010001
1000110001010001
1010010100110100
1001110011010011
1001110011010011
1001110011010011
1001010011010011
1001110011010011
1001110011110000
1110011100100110
1111111111100000
1111111111100000
1111111111100000
1111111111100000
1111111111100000
1111111111100000
1111111111100000
1111111111100000
1111111111100000
1111111111100000
1111111111100000
1111111111100000
1111111111100000
1111111111100000
1111111111100000
1111111111100000
1100011111101100
0011011111011001
0000011111111111
0000011111111111
0000011111111111
0000011111111111
0000011111111111
0000011111111111
0000011111111111
0000011111111111
0000011111111111
0000011111111111
0000011111111111
0000011111111111
0000011111111111
0000011111111111
0000011111111111
0000011111111111
0000011111111111
0000011111111110
0000011111110001
0000011111100010
0000011111100000
0000011111100000
0000011111100000
0000011111100000
0000011111100000
0000011111100000
0000011111100000
0000011111100000
0000011111100000
0000011111100000
0000011111100000
0000011111100000
0000011111100000
0000011111100000
0000011111100000
0000011111100000
0000011111100000
0011011101000110
1011101010110111
1111000000111110
1111100000011111
1111100000011111
1111100000011111
1111100000011111
1111100000011111
1111100000011111
1111100000011111
1111100000011111
1111100000011111
1111100000011111
1111100000011111
1111100000011111
1111100000011111
1111100000011111
1111100000011111
1111100000011111
1111100000011111
1111100000011000
1111100000000100
1111100000000000
1111100000000000
1111100000000000
1111100000000000
1111100000000000
1111100000000000
1111100000000000
1111100000000000
1111100000000000
1111100000000000
1111100000000000
1111100000000000
1111100000000000
1111100000000000
1111100000000000
1111100000000000
1111100000000000
1111100000000010
1001000000110010
0000100000011101
0000000000011111
0000000000011111
0000000000011111
0000000000011111
0000000000011111
0000000000011111
0000000000011111
0000000000011111
0000000000011111
0000000000011111
0000000000011111
0000000000011111
0000000000011111
0000000000011111
0000000000011111
0000000000111101
1000010000011000
1001110011010100
1001110011010011
1001110011010011
1001110011010011
1001110011010011
1001110011010011
1000110001010001
0111101111101111
0111101111101111
0111101111101111
0111101111101111
0111101111101111
1001010010001100
1111011110000100
1111111111100000
1111111111100000
1111111111100000
1111111111100000
1111111111100000
1111111111100000
1111111111100000
1111111111100000
1111111111100000
1111111111100000
1111111111100000
1111111111100000
1111111111100000
1111111111100000
1111111111100000
1111111111100000
1100011111101100
0011011111011001
0000011111111111
0000011111111111
0000011111111111
0000011111111111
0000011111111111
0000011111111111
0000011111111111
0000011111111111
0000011111111111
0000011111111111
0000011111111111
0000011111111111
0000011111111111
0000011111111111
0000011111111111
0000011111111111
0000011111111111
0000011111111110
0000011111110001
0000011111100010
0000011111100000
0000011111100000
0000011111100000
0000011111100000
0000011111100000
0000011111100000
0000011111100000
0000011111100000
0000011111100000
0000011111100000
0000011111100000
0000011111100000
0000011111100000
0000011111100000
0000011111100000
0000011111100000
0000011111100000
0011011101000110
1011101010110111
1111000000111110
1111100000011111
1111100000011111
1111100000011111
1111100000011111
1111100000011111
1111100000011111
1111100000011111
1111100000011111
1111100000011111
1111100000011111
1111100000011111
1111100000011111
1111100000011111
1111100000011111
1111100000011111
1111100000011111
1111100000011111
1111100000011000
1111100000000100
1111100000000000
1111100000000000
1111100000000000
1111100000000000
1111100000000000
1111100000000000
1111100000000000
1111100000000000
1111100000000000
1111100000000000
1111100000000000
1111100000000000
1111100000000000
1111100000000000
1111100000000000
1111100000000000
1111100000000000
1111100000000010
1001000000110010
0000100000011101
0000000000011111
0000000000011111
0000000000011111
0000000000011111
0000000000011111
0000000000011111
0000000000011111
0000000000011111
0000000000011111
0000000000011111
0000000000011111
0000000000011111
0000000000011111
0000000000011111
0000000000011111
0000000000011110
0101001010110111
0111101111110010
0111101111101111
0111101111101111
0111101111101111
0111101111101111
0111101111101111
1000110001110001
1000010000010000
1000010000010000
1000010000010000
1000010000001111
1000010000001110
1010110101001010
1111111111000100
1111111111100000
1111111111100000
1111111111100000
1111111111100000
1111111111100000
1111111111100000
1111111111100000
1111111111100000
1111111111100000
1111111111100000
1111111111100000
1111111111100000
1111111111100000
1111111111100000
1111111111100000
1111111111100000
1100011111101100
0011011111011001
0000011111111111
0000011111111111
0000011111111111
0000011111111111
0000011111111111
0000011111111111
0000011111111111
0000011111111111
0000011111111111
0000011111111111
0000011111111111
0000011111111111
0000011111111111
0000011111111111
0000011111111111
0000011111111111
0000011111111111
0000011111111110
0000011111110001
0000011111100010
0000011111100000
0000011111100000
0000011111100000
0000011111100000
0000011111100000
0000011111100000
0000011111100000
0000011111100000
0000011111100000
0000011111100000
0000011111100000
0000011111100000
0000011111100000
0000011111100000
0000011111100000
0000011111100000
0000011111100000
0011011100100110
1011101010110111
1111000000111110
1111100000011111
1111100000011111
1111100000011111
1111100000011111
1111100000011111
1111100000011111
1111100000011111
1111100000011111
1111100000011111
1111100000011111
1111100000011111
1111100000011111
1111100000011111
1111100000011111
1111100000011111
1111100000011111
1111100000011111
1111100000011000
1111100000000100
1111100000000000
1111100000000000
1111100000000000
1111100000000000
1111100000000000
1111100000000000
1111100000000000
1111100000000000
1111100000000000
1111100000000000
1111100000000000
1111100000000000
1111100000000000
1111100000000000
1111100000000000
1111100000000000
1111100000000000
1111100000000010
1001000000110010
0000100000011101
0000000000011111
0000000000011111
0000000000011111
0000000000011111
0000000000011111
0000000000011111
0000000000011111
0000000000011111
0000000000011111
0000000000011111
0000000000011111
0000000000011111
0000000000011111
0000000000011111
0000000000011111
0000000000111110
0011100111111001
0111101111110011
0111101111101111
1000010000001111
1000010000001111
1000010000010000
1000010000010000
1000110001110001
1000010000010000
1000010000010000
1000010000010000
1000010000001111
1000010000001110
1011111000001000
1111111111000010
1111111111100000
1111111111100000
1111111111100000
1111111111100000
1111111111100000
1111111111100000
1111111111100000
1111111111100000
1111111111100000
1111111111100000
1111111111100000
1111111111100000
1111111111100000
1111111111100000
1111111111100000
1111111111100000
1100011111101100
0011011111011001
0000011111111111
0000011111111111
0000011111111111
0000011111111111
0000011111111111
0000011111111111
0000011111111111
0000011111111111
0000011111111111
0000011111111111
0000011111111111
0000011111111111
0000011111111111
0000011111111111
0000011111111111
0000011111111111
0000011111111111
0000011111111111
0000011111110001
0000011111100010
0000011111100000
0000011111100000
0000011111100000
0000011111100000
0000011111100000
0000011111100000
0000011111100000
0000011111100000
0000011111100000
0000011111100000
0000011111100000
0000011111100000
0000011111100000
0000011111100000
0000011111100000
0000011111100000
0000011111100000
0011011100100110
1011101010110111
1111000000111110
1111100000011111
1111100000011111
1111100000011111
1111100000011111
1111100000011111
1111100000011111
1111100000011111
1111100000011111
1111100000011111
1111100000011111
1111100000011111
1111100000011111
1111100000011111
1111100000011111
1111100000011111
1111100000011111
1111100000011111
1111100000011000
1111100000000100
1111100000000000
1111100000000000
1111100000000000
1111100000000000
1111100000000000
1111100000000000
1111100000000000
1111100000000000
1111100000000000
1111100000000000
1111100000000000
1111100000000000
1111100000000000
1111100000000000
1111100000000000
1111100000000000
1111100000000000
1111100000000010
1001000000110010
0000100000011101
0000000000011111
0000000000011111
0000000000011111
0000000000011111
0000000000011111
0000000000011111
0000000000011111
0000000000011111
0000000000011111
0000000000011111
0000000000011111
0000000000011111
0000000000011111
0000000000011111
0000000000011111
0000000000011111
0001100100011011
0111101111010100
0111101111101111
1000010000010000
1000010000010000
1000010000010000
1000010000010000
1000110001110001
1000010000010000
1000010000010000
1000010000010000
1000010000010000
1000010000001101
1101011011000111
1111111111100001
1111111111100000
1111111111100000
1111111111100000
1111111111100000
1111111111100000
1111111111100000
1111111111100000
1111111111100000
1111111111100000
1111111111100000
1111111111100000
1111111111100000
1111111111100000
1111111111100000
1111111111100000
1111111111100000
1100011111101100
0011011111011001
0000011111111111
0000011111111111
0000011111111111
0000011111111111
0000011111111111
0000011111111111
0000011111111111
0000011111111111
0000011111111111
0000011111111111
0000011111111111
0000011111111111
0000011111111111
0000011111111111
0000011111111111
0000011111111111
0000011111111111
0000011111111110
0000011111110001
0000011111100010
0000011111100000
0000011111100000
0000011111100000
0000011111100000
0000011111100000
0000011111100000
0000011111100000
0000011111100000
0000011111100000
0000011111100000
0000011111100000
0000011111100000
0000011111100000
0000011111100000
0000011111100000
0000011111100000
0000011111100000
0011011100100110
1011101010110111
1111000000111110
1111100000011111
1111100000011111
1111100000011111
1111100000011111
1111100000011111
1111100000011111
1111100000011111
1111100000011111
1111100000011111
1111100000011111
1111100000011111
1111100000011111
1111100000011111
1111100000011111
1111100000011111
1111100000011111
1111100000011111
1111100000011000
1111100000000100
1111100000000000
1111100000000000
1111100000000000
1111100000000000
1111100000000000
1111100000000000
1111100000000000
1111100000000000
1111100000000000
1111100000000000
1111100000000000
1111100000000000
1111100000000000
1111100000000000
1111100000000000
1111100000000000
1111100000000000
1111100000000010
1001000000110010
0000100000011101
0000000000011111
0000000000011111
0000000000011111
0000000000011111
0000000000011111
0000000000011111
0000000000011111
0000000000011111
0000000000011111
0000000000011111
0000000000011111
0000000000011111
0000000000011111
0000000000011111
0000000000011111
0000000000011111
0000100001011101
0111001110010101
0111101111110000
0111110000010000
1000001111110000
1000010000010000
1000010000010000
1000110001110001
1000010000010000
1000010000010000
1000010000010000
1000010000010000
1000110001001101
1110011100100101
1111111111100000
1111111111100000
1111111111100000
1111111111100000
1111111111100000
1111111111100000
1111111111100000
1111111111100000
1111111111100000
1111111111100000
1111111111100000
1111111111100000
1111111111100000
1111111111100000
1111111111100000
1111111111100000
1111111111100000
1100011111101100
0011011111011001
0000011111111111
0000011111111111
0000011111111111
0000011111111111
0000011111111111
0000011111111111
0000011111111111
0000011111111111
0000011111111111
0000011111111111
0000011111111111
0000011111111111
0000011111111111
0000011111111111
0000011111111111
0000011111111111
0000011111111111
0000011111111110
0000011111110001
0000011111100010
0000011111100000
0000011111100000
0000011111100000
0000011111100000
0000011111100000
0000011111100000
0000011111100000
0000011111100000
0000011111100000
0000011111100000
0000011111100000
0000011111100000
0000011111100000
0000011111100000
0000011111100000
0000011111100000
0000011111100000
0011011100100110
1011101010110111
1111000000111110
1111100000011111
1111100000011111
1111100000011111
1111100000011111
1111100000011111
1111100000011111
1111100000011111
1111100000011111
1111100000011111
1111100000011111
1111100000011111
1111100000011111
1111100000011111
1111100000011111
1111100000011111
1111100000011111
1111100000011111
1111100000011000
1111100000000100
1111100000000000
1111100000000000
1111100000000000
1111100000000000
1111100000000000
1111100000000000
1111100000000000
1111100000000000
1111100000000000
1111100000000000
1111100000000000
1111100000000000
1111100000000000
1111100000000000
1111100000000000
1111100000000000
1111100000000000
1111100000000010
1001000000110010
0000100000011101
0000000000011111
0000000000011111
0000000000011111
0000000000011111
0000000000011111
0000000000011111
0000000000011111
0000000000011111
0000000000011111
0000000000011111
0000000000011111
0000000000011111
0000000000011111
0000000000011111
0000000000011111
0000000000011111
0000000000111101
0110101100110101
1000001111110001
0111110000001111
1000010000010000
1000010000010000
1000010000010000
1000110001110001
0111110000001111
0111110000001111
0111110000001111
1000010000010000
1001010001101101
1110111110000100
1111111111100000
1111111111100000
1111111111100000
1111111111100000
1111111111100000
1111111111100000
1111111111100000
1111111111100000
1111111111100000
1111111111100000
1111111111100000
1111111111100000
1111111111100000
1111111111100000
1111111111100000
1111111111100000
1111111111100000
1100011111101100
0011011110111001
0000011111111111
0000011111111111
0000011111111111
0000011111111111
0000011111111111
0000011111111111
0000011111111111
0000011111111111
0000011111111111
0000011111111111
0000011111111111
0000011111111111
0000011111111111
0000011111111111
0000011111111111
0000011111111111
0000011111111111
0000011111111110
0000011111110001
0000011111100010
0000011111100000
0000011111100000
0000011111100000
0000011111100000
0000011111100000
0000011111100000
0000011111100000
0000011111100000
0000011111100000
0000011111100000
0000011111100000
0000011111100000
0000011111100000
0000011111100000
0000011111100000
0000011111100000
0000011111100000
0011011100100110
1011101010110111
1111000000111110
1111100000011111
1111100000011111
1111100000011111
1111100000011111
1111100000011111
1111100000011111
1111100000011111
1111100000011111
1111100000011111
1111100000011111
1111100000011111
1111100000011111
1111100000011111
1111100000011111
1111100000011111
1111100000011111
1111100000011111
1111100000010111
1111100000000100
1111100000000000
1111100000000000
1111100000000000
1111100000000000
1111100000000000
1111100000000000
1111100000000000
1111100000000000
1111100000000000
1111100000000000
1111100000000000
1111100000000000
1111100000000000
1111100000000000
1111100000000000
1111100000000000
1111100000000000
1111100000000010
1001000000110010
0000100000011101
0000000000011111
0000000000011111
0000000000011111
0000000000011111
0000000000011111
0000000000011111
0000000000011111
0000000000011111
0000000000011111
0000000000011111
0000000000011111
0000000000011111
0000000000011111
0000000000011111
0000000000011111
0000000000011111
0000000000011101
0101001011010111
0111110000010010
0111110000001111
1000010000001111
1000010000010000
1000010000010000
1000110001110001
0111110000001111
0111110000001111
0111110000001111
1000010000010000
1001110011001100
1111011111000100
1111111111100000
1111111111100000
1111111111100000
1111111111100000
1111111111100000
1111111111100000
1111111111100000
1111111111100000
1111111111100000
1111111111100000
1111111111100000
1111111111100000
1111111111100000
1111111111100000
1111111111100000
1111111111100000
1111111111100000
1100011111101100
0011011110111001
0000011111111111
0000011111111111
0000011111111111
0000011111111111
0000011111111111
0000011111111111
0000011111111111
0000011111111111
0000011111111111
0000011111111111
0000011111111111
0000011111111111
0000011111111111
0000011111111111
0000011111111111
0000011111111111
0000011111111111
0000011111111110
0000011111110001
0000011111100010
0000011111100000
0000011111100000
0000011111100000
0000011111100000
0000011111100000
0000011111100000
0000011111100000
0000011111100000
0000011111100000
0000011111100000
0000011111100000
0000011111100000
0000011111100000
0000011111100000
0000011111100000
0000011111100000
0000011111100000
0011011100100110
1011101010110111
1111000000111110
1111100000011111
1111100000011111
1111100000011111
1111100000011111
1111100000011111
1111100000011111
1111100000011111
1111100000011111
1111100000011111
1111100000011111
1111100000011111
1111100000011111
1111100000011111
1111100000011111
1111100000011111
1111100000011111
1111100000011111
1111100000010111
1111100000000100
1111100000000000
1111100000000000
1111100000000000
1111100000000000
1111100000000000
1111100000000000
1111100000000000
1111100000000000
1111100000000000
1111100000000000
1111100000000000
1111100000000000
1111100000000000
1111100000000000
1111100000000000
1111100000000000
1111100000000000
1111100000000010
1001000000110010
0000100000011101
0000000000011111
0000000000011111
0000000000011111
0000000000011111
0000000000011111
0000000000011111
0000000000011111
0000000000011111
0000000000011111
0000000000011111
0000000000011111
0000000000011111
0000000000011111
0000000000011111
0000000000011111
0000000000011111
0000000000011110
0100101001111000
0111101111110010
0111110000001111
1000010000001111
1000010000010000
1000010000010000
1000110001110001
1000010000010000
1000010000010000
0111110000001111
1000010000001111
1010010100101010
1111111111100100
1111111111100000
1111111111100000
1111111111100000
1111111111100000
1111111111100000
1111111111100000
1111111111100000
1111111111100000
1111111111100000
1111111111100000
1111111111100000
1111111111100000
1111111111100000
1111111111100000
1111111111100000
1111111111100000
1111111111100000
1100011111101100
0011011110111001
0000011111011111
0000011111111111
0000011111011111
0000011111011111
0000011111011111
0000011111111111
0000011111111111
0000011111111111
0000011111111111
0000011111111111
0000011111011111
0000011111011111
0000011111011111
0000011111011111
0000011111011111
0000011111011111
0000011111011111
0000011111111110
0000011111110001
0000011111000010
0000011111100000
0000011111100000
0000011111100000
0000011111100000
0000011111100000
0000011111100000
0000011111100000
0000011111100000
0000011111100000
0000011111100000
0000011111100000
0000011111100000
0000011111100000
0000011111100000
0000011111100000
0000011111100000
0000011111100000
0011011100100110
1011101010110111
1111000000111110
1111100000011111
1111100000011111
1111100000011111
1111100000011111
1111100000011111
1111100000011111
1111100000011111
1111100000011111
1111100000011111
1111100000011111
1111100000011111
1111100000011111
1111100000011111
1111100000011111
1111100000011111
1111100000011111
1111100000011111
1111100000010111
1111100000000100
1111100000000000
1111100000000000
1111100000000000
1111100000000000
1111100000000000
1111100000000000
1111100000000000
1111100000000000
1111100000000000
1111100000000000
1111100000000000
1111100000000000
1111100000000000
1111100000000000
1111100000000000
1111100000000000
1111100000000000
1111100000000010
1001000000110010
0000100000011101
0000000000011111
0000000000011111
0000000000011111
0000000000011111
0000000000011111
0000000000011111
0000000000011111
0000000000011111
0000000000011111
0000000000011111
0000000000011111
0000000000011111
0000000000011111
0000000000011111
0000000000011111
0000000000011111
0000000000011110
0011100111111001
0111101111110011
0111110000001111
1000001111101111
1000010000010000
1000010000010000
1001010010110010
1000110001010001
1000110001010001
1000010001010000
1000110001110000
1010110110001011
1111011110100101
1111011110100011
1111011110100011
1111011110100011
1111011110100011
1111011110100011
1111011110100100
1111011110100100
1111011110100100
1111011110100100
1111011110100011
1111011110100011
1111011110100011
1111011110100100
1111011110100011
1111011110100011
1111011110100011
1111011110100011
1100011111001100
0011111101111000
0001011110011110
0001011110011110
0001011110011110
0001011110011110
0001011110011110
0001011110011110
0001011110011110
0001011110011110
0001011110011110
0001011110011110
0001011110011110
0001011110011110
0001011110011110
0001011110011110
0001011110011110
0001011110011110
0001011110011110
0001011110011101
0001011110010001
0000111101100011
0000111110000010
0001011110000010
0001011110000010
0001011110000010
0001011110000010
0001011110000010
0001011110000010
0001011110000010
0001011110000010
0001011110000010
0001011110000010
0001011110000010
0001011110000010
0001011110000010
0001011110000010
0001011110000010
0001011110000010
0011111011100111
1011001011010110
1110000010011101
1110100001111101
1110100001111101
1110100001111101
1110100010011101
1110100001111101
1110100001111101
1110100001111101
1110100001111101
1110100001111101
1110100001111101
1110100001111101
1110100001111101
1110100001111101
1110100001111101
1110100001111101
1110100001111101
1110100001111101
1110100001110110
1110000000100101
1110100000100001
1110100000100000
1110100000100000
1110100001100001
1110100001100001
1110100001000000
1110100001000001
1110100001000001
1110100001000001
1110100001000000
1110100001000000
1110100001000000
1110100001000000
1110100001100001
1110100001000001
1110100001000001
1110100001000001
1110000001000010
1000100001010001
0000100000011011
0000000000011101
0000000000011100
0000000000111100
0000100001011100
0000000000111100
0000000000011100
0000000000011100
0000000000011100
0000000000011100
0000000000011101
0000000000011101
0000000000011101
0000000000011101
0000100001011101
0000000000011101
0000000000011101
0000000000011100
0011000110110111
1000010001010100
1000110001010000
1000110001010001
1000110001010001
1000110001010001
1010010100010100
1001010010110010
1001110011010011
1001110011010011
1001010011010010
0111101111101101
0100101010000001
0101001010000001
0101001010000001
0111001111001001
1001010010101100
0101001010000001
0101001010000001
0101001010000001
0101001010000001
0101001010000001
0101001010000001
0101001010000001
0101001010000001
1001010010001100
0111101111001001
0101001010000001
0101001010000001
0101001010000001
0011101010000011
0001001001100111
0000001001101001
0000001001101001
0000001001101001
0111010100010100
0010101100001100
0000001001101001
0000001001101001
0000001001101001
0000001001101001
0000001001101001
0000001001101001
0000001001101001
0000001001101001
0111110101110101
0000001010001010
0000001001101001
0000001001101001
0000001001101001
0000001010000101
0000001001100000
0000001001100000
0000001010000000
0000001010000000
1000010110010000
0000001001100000
0000001010000000
0000001010000000
0000001010000000
0000001010000000
0000001010000000
0000001010000000
0000001010000000
0001001011000010
0111110101101111
0000001010000000
0000001010000000
0000001010000000
0011001010100110
1001110001110011
0100100000101001
0100100000001001
0100100000001001
0110000110101100
1010001110110100
0100100000001001
0100100000001001
0100100000001001
0100100000001001
0100100000001001
0100100000001001
0100100000001001
0100100000001001
1000001010010000
1001001100010010
0100100000001001
0100100000001010
0100100000001001
0100100000000111
0100100000000001
0100100000000000
0100100000000000
0100100000000000
1001101101101110
1000001001101010
0100100000000000
0100100000000000
0100100000000000
0100100000000000
0100100000000000
0100100000000000
0100100000000000
0100100000000000
1010001111001111
0110100110000110
0100100000000000
0100100000000000
0100100000000000
0010100000000101
0000000000001001
0000000000001001
0000000000001001
0000000000001001
1000001111110101
0010000011101011
0000000000001001
0000000000001001
0000000000001001
0000000000001001
0000000000001001
0000000000001001
0000000000001001
0000000000001001
1000010000010110
0000100001101010
0000000000001001
0000000000001001
0010100101101010
1001010010010011
1001010010110010
1001010010110010
1001010010110010
1001010010110010
1000110001110001
1000010000010000
1000010000010000
1000010000010000
0111101111101111
0101001011001010
0000000000000000
0000000000000000
0000000000000000
0101101011101011
1000010000010000
0000000000000000
0000000000000000
0000000000000000
0000000000000000
0000000000000000
0000000000000000
0000000000000000
0000000000000000
0111101111101111
0110001100001100
0000000000000000
0000000000000000
0000000000000000
0000000000000000
0000000000000000
0000000000000000
0000000000000000
0000000000000000
1001010010010010
0011000110100111
0000000000000000
0000000000000000
0000000000000000
0000000000000000
0000000000000000
0000000000000000
0000000000000000
0000000000000000
1001110011110011
0000000000100000
0000000000000000
0000000000000000
0000000000000000
0000000000000000
0000000000000000
0000000000000000
0000000000000000
0000000000000000
1001110100010011
0000000000000000
0000000000000000
0000000000000000
0000000000000000
0000000000000000
0000000000000000
0000000000000000
0000000000000000
0001100011100011
1001010011010010
0000000000000000
0000000000000000
0000000000000000
0010100101100101
1001110010110011
0000100000000000
0000000000000000
0000000000000000
0011100111100111
1000110001010001
0000000000000000
0000000000000000
0000000000000000
0000000000000000
0000000000000000
0000000000000000
0000000000000000
0000000000000000
0110001100001100
0111001110001110
0000000000000000
0000000000000000
0000000000000000
0000000000000000
0000000000000000
0000000000000000
0000000000000000
0000000000000000
0111101111101111
0101101011101011
0000000000000000
0000000000000000
0000000000000000
0000000000000000
0000000000000000
0000000000000000
0000000000000000
0000000000000000
1000110001010001
0100000111100111
0000000000000000
0000000000000000
0000000000000000
0000000000000000
0000000000000000
0000000000000000
0000000000000000
0000000000000000
1001010010010010
0010000100000100
0000000000000000
0000000000000000
0000000000000000
0000000000000000
0000000000000000
0000000000000000
0000000000000000
0000000000000000
1001010010010010
0001000010000010
0000000000000000
0000000000000000
0001100011000011
0111101111110000
0111110000010000
0111101111110000
1000010000010000
0111101111101111
1001010001110010
1000010000010000
1000001111110000
1000010000010000
0111110000001111
0101001010001010
0000000000000000
0000000000000000
0000000000000000
0101101011101011
1000010000010000
0000000000000000
0000000000000000
0000000000000000
0000000000000000
0000000000000000
0000000000000000
0000000000000000
0000000000000000
0111101111101111
0110001100001100
0000000000000000
0000000000000000
0000000000000000
0000000000000000
0000000000000000
0000000000000000
0000000000000000
0000000000000000
1001010010010010
0011100110100111
0000000000000000
0000000000000000
0000000000000000
0000000000000000
0000000000000000
0000000000000000
0000000000000000
0000000000000000
1001110011010011
0000100000100000
0000000000000000
0000000000000000
0000000000000000
0000000000000000
0000000000000000
0000000000000000
0000000000000000
0000000000000000
1010010011110100
0000000000000000
0000000000000000
0000000000000000
0000000000000000
0000000000000000
0000000000000000
0000000000000000
0000000000000000
0001100011100011
1001110010110011
0000000000000000
0000000000000000
0000000000000000
0010100101100110
1001110011010011
0000000000100000
0000000000000000
0000000000000000
0011100111100111
1000110001010001
0000000000100000
0000000000000000
0000000000000000
0000000000000000
0000000000000000
0000000000000000
0000000000000000
0000000000000000
0110001100101100
0111001110101110
0000000000000000
0000000000000000
0000000000000000
0000000000000000
0000000000000000
0000000000000000
0000000000000000
0000000000000000
0111101111101111
0101101011101011
0000000000000000
0000000000000000
0000000000000000
0000000000000000
0000000000000000
0000000000000000
0000000000000000
0000000000000000
1000110001110001
0011100111101000
0000000000000000
0000000000000000
0000000000000000
0000000000000000
0000000000000000
0000000000000000
0000000000000000
0000000000000000
1001010010010010
0010000100100100
0000000000000000
0000000000000000
0000000000000000
0000000000000000
0000000000000000
0000000000000000
0000000000000000
0000000000000000
1001010010010010
0001000010000010
0000000000000000
0000000000000000
0001000010100010
0111101111101111
1000010000010000
1000010000010000
1000010000010000
1000010000010000
1000110001110001
1000010000010000
1000001111110000
1000010000010000
1000010000001111
0101001010001001
0000000000000000
0000000000000000
0000000000000000
0101101011101011
1000010000010000
0000000000000000
0000000000000000
0000000000000000
0000000000000000
0000000000000000
0000000000000000
0000000000000000
0000000000000000
0111101111101111
0110001100101100
0000000000000000
0000000000000000
0000000000000000
0000000000000000
0000000000000000
0000000000000000
0000000000000000
0000000000000000
1001010010010010
0011100110100111
0000000000000000
0000000000000000
0000000000000000
0000000000000000
0000000000000000
0000000000000000
0000000000000000
0000000000000000
1001110011110011
0000000000100000
0000000000000000
0000000000000000
0000000000000000
0000000000000000
0000000000000000
0000000000000000
0000000000000000
0000000000000000
1001110011110011
0000000000000000
0000000000000000
0000000000000000
0000000000000000
0000000000000000
0000000000000000
0000000000000000
0000000000000000
0001100011100011
1001010011010011
0000000000000000
0000000000000000
0000000000000000
0010100110000110
1001010011010011
0000000000100000
0000000000000000
0000000000000000
0011100111100111
1000110001010001
0000000000000000
0000000000000000
0000000000000000
0000000000000000
0000000000000000
0000000000000000
0000000000000000
0000000000000000
0110001100101100
0111001110101110
0000000000000000
0000000000000000
0000000000000000
0000000000000000
0000000000000000
0000000000000000
0000000000000000
0000000000000000
0111101111101111
0101101011101011
0000000000000000
0000000000000000
0000000000000000
0000000000000000
0000000000000000
0000000000000000
0000000000000000
0000000000000000
1000110001010001
0011100111100111
0000000000000000
0000000000000000
0000000000000000
0000000000000000
0000000000000000
0000000000000000
0000000000000000
0000000000000000
1001010010010010
0010000100100100
0000000000000000
0000000000000000
0000000000000000
0000000000000000
0000000000000000
0000000000000000
0000000000000000
0000000000000000
1001010010010010
0001000010000010
0000000000000000
0000000000000000
0001000001100010
0111101111001111
1000010000010000
1000010000010000
1000010000010000
1000010000010000
1000110001110001
1000010000010000
1000010000010000
1000010000010000
1000010000010000
0101101011101011
0100001000001000
0100001000001000
0100001000001000
0111001110001110
1001010010010010
0100001000001000
0100001000001000
0100001000001000
0100001000001000
0100001000001000
0100001000001000
0100001000001000
0100001000101000
1000110001110001
0111001110101110
0100001000101000
0100001000001000
0100001000001000
0100001000001000
0100001000001000
0100001000001000
0100001000001000
0100001000001000
1001110011110011
0101001010101010
0100001000101000
0100001000101000
0100001000101000
0100001000101000
0100001000101000
0100001000101000
0100001000101000
0100001000101000
1010110101010101
0100001000101000
0100001000101000
0100001000001000
0100001000001000
0100001000001000
0100001000001000
0100001000001000
0100001000101000
0100001000101000
1010110101010101
0100001000001000
0100001000101000
0100001000101000
0100001000001000
0100001000001000
0100001000001000
0100001000001000
0100001000001000
0100101001101001
1010010100010100
0100001000001000
0100001000001000
0100001000001000
0101001010001010
1010010101010100
0100001000001000
0100001000001000
0100001000101000
0101101011001011
1001110011010011
0100001000001000
0100001000101000
0100001000101000
0100001000101000
0100001000101000
0100001000101000
0100001000101000
0100001000101000
0111001110101110
1000010000110000
0100001000001000
0100001000001000
0100001000001000
0100001000001000
0100001000001000
0100001000001000
0100001000001000
0100001000101000
1000110001110001
0111001110101110
0100001000001000
0100001000001000
0100001000001000
0100001000001000
0100001000001000
0100001000001000
0100001000001000
0100001000001000
1001010010110010
0101101011101011
0100001000101000
0100001000001000
0100001000001000
0100001000001000
0100001000001000
0100001000001000
0100001000001000
0100001000001000
1001110011110011
0100101001101001
0100001000001000
0100001000001000
0100001000001000
0100001000001000
0100001000001000
0100001000001000
0100001000001000
0100001000001000
1010010100010100
0100001000101000
0100001000101000
0100001000101000
0100001000101000
0111101111001111
1000010000010000
1000010000010000
1000010000010000
1000010000010000
1000110001110001
1000010000010000
1000010000010000
1000010000010000
1000010000010000
1001010010110010
1010010100110100
1010010100110100
1010010100110100
1011010110010110
1100011000011000
1010010100110100
1010010100110100
1010010100110100
1010010100110100
1010010100110100
1010010100110100
1010010100110100
1010010100110100
1011110111110111
1011010110110110
1010010100010100
1010010100110100
1010010100110100
1010010100110100
1010010100110100
1010010100110100
1010010100110100
1010010100110100
1100111001011001
1010110101010101
1010010100110100
1010010100110100
1010010100110100
1010010100110100
1010010100110100
1010010100110100
1010010100110100
1010010100110100
1100111001111001
1010010100110100
1010010100110100
1010010100110100
1010010100110100
1010010100110100
1010010100110100
1010010100110100
1010010100110100
1010010100110100
1100111001111001
1010010100110100
1010010100110100
1010010100110100
1010010100110100
1010010100110100
1010010100110100
1010010100110100
1010010100110100
1010010100110100
1100111001011001
1010010100010100
1010010100110100
1010010100110100
1010110101010101
1100111001011001
1010010100110100
1010010100110100
1010010100110100
1010110101110101
1100011000111000
1010010100110100
1010010100110100
1010010100110100
1010010100110100
1010010100110100
1010010100110100
1010010100110100
1010010100110100
1011010110110110
1011110111010111
1010010100110100
1010010100110100
1010010100110100
1010010100110100
1010010100110100
1010010100110100
1010010100110100
1010010100110100
1011110111110111
1011010110010110
1010010100110100
1010010100110100
1010010100110100
1010010100110100
1010010100110100
1010010100110100
1010010100110100
1010010100110100
1100011000011000
1010110101010101
1010010100110100
1010010100110100
1010010100110100
1010010100110100
1010010100110100
1010010100110100
1010010100110100
1010010100110100
1100011000111000
1010010100110100
1010010100110100
1010010100110100
1010010100110100
1010010100110100
1010010100110100
1010010100110100
1010010100110100
1010010100110100
1100111001011001
1010010100110100
1010110101010101
1010110101010101
1010010100110100
1000010000010000
1000010000010000
1000010000010000
1000010000010000
1000010000010000
1000110001110001
1000010000010000
1000010000010000
1000010000010000
1000010000010000
0101001010001010
0000000000000000
0000000000000000
0000000000000000
0101101011101011
1000010000110000
0000000000000000
0000000000000000
0000000000000000
0000000000000000
0000000000000000
0000000000000000
0000000000000000
0000000000000000
0111101111101111
0110001100101100
0000000000000000
0000000000000000
0000000000000000
0000000000000000
0000000000000000
0000000000000000
0000000000000000
0000000000000000
1001010010010010
0011100111000111
0000000000000000
0000000000000000
0000000000000000
0000000000000000
0000000000000000
0000000000000000
0000000000000000
0000000000000000
1001110011010011
0000000000100000
0000000000000000
0000000000000000
0000000000000000
0000000000000000
0000000000000000
0000000000000000
0000000000000000
0000000000000000
1010010100010100
0000000000000000
0000000000000000
0000000000000000
0000000000000000
0000000000000000
0000000000000000
0000000000000000
0000000000000000
0001100011100011
1001010010110010
0000000000000000
0000000000000000
0000000000000000
0010100101100101
1001110011010011
0000000000000000
0000000000000000
0000000000000000
0011100111100111
1000110001010001
0000000000000000
0000000000000000
0000000000000000
0000000000000000
0000000000000000
0000000000000000
0000000000000000
0000000000000000
0110001100001100
0111001110101110
0000000000000000
0000000000000000
0000000000000000
0000000000000000
0000000000000000
0000000000000000
0000000000000000
0000000000000000
1000010000010000
0101101011101011
0000000000000000
0000000000000000
0000000000000000
0000000000000000
0000000000000000
0000000000000000
0000000000000000
0000000000000000
1000110001010001
0011100111100111
0000000000000000
0000000000000000
0000000000000000
0000000000000000
0000000000000000
0000000000000000
0000000000000000
0000000000000000
1001010010010010
0010000100000100
0000000000000000
0000000000000000
0000000000000000
0000000000000000
0000000000000000
0000000000000000
0000000000000000
0000000000000000
1001010010010010
0001000010100010
0000000000000000
0000000000000000
0000100001100001
0111101111001111
1000010000010000
1000010000010000
1000010000010000
1000010000010000
1000110001110001
1000010000010000
1000010000010000
1000010000010000
1000010000010000
0101001010101010
0000000000000000
0000000000000000
0000000000000000
0101101011101011
1000010000110000
0000000000000000
0000000000000000
0000000000000000
0000000000000000
0000000000000000
0000000000000000
0000000000000000
0000000000000000
0111101111101111
0110001100001100
0000000000000000
0000000000000000
0000000000000000
0000000000000000
0000000000000000
0000000000000000
0000000000000000
0000000000000000
1001010010010010
0011100111000111
0000000000000000
0000000000000000
0000000000000000
0000000000000000
0000000000000000
0000000000000000
0000000000000000
0000000000000000
1001110011010011
0000000000100000
0000000000000000
0000000000000000
0000000000000000
0000000000000000
0000000000000000
0000000000000000
0000000000000000
0000000000000000
1010010100010100
0000000000000000
0000000000000000
0000000000000000
0000000000000000
0000000000000000
0000000000000000
0000000000000000
0000000000000000
0001100011100011
1001010010110010
0000000000000000
0000000000000000
0000000000000000
0010100101100101
1001110011010011
0000000000000000
0000000000000000
0000000000000000
0011100111100111
1000110001010001
0000000000000000
0000000000000000
0000000000000000
0000000000000000
0000000000000000
0000000000000000
0000000000000000
0000000000000000
0110001100001100
0111001110101110
0000000000000000
0000000000000000
0000000000000000
0000000000000000
0000000000000000
0000000000000000
0000000000000000
0000000000000000
1000010000010000
0101101011101011
0000000000000000
0000000000000000
0000000000000000
0000000000000000
0000000000000000
0000000000000000
0000000000000000
0000000000000000
1000110001010001
0011100111100111
0000000000000000
0000000000000000
0000000000000000
0000000000000000
0000000000000000
0000000000000000
0000000000000000
0000000000000000
1001010010010010
0010000100000100
0000000000000000
0000000000000000
0000000000000000
0000000000000000
0000000000000000
0000000000000000
0000000000000000
0000000000000000
1001010010010010
0001000010100010
0000000000000000
0000000000000000
0001000010100010
0111101111101111
1000010000010000
1000010000010000
1000010000010000
1000010000010000
1000110001110001
1000010000010000
0111101111101111
0111101111101111
1000010000010000
0101101011001011
0000000000000000
0000000000000000
0000000000000000
0101101011101011
1000010000110000
0000000000000000
0000000000000000
0000000000000000
0000000000000000
0000000000000000
0000000000000000
0000000000000000
0000000000000000
0111101111101111
0110001100001100
0000000000000000
0000000000000000
0000000000000000
0000000000000000
0000000000000000
0000000000000000
0000000000000000
0000000000000000
1001010010010010
0011100111000111
0000000000000000
0000000000000000
0000000000000000
0000000000000000
0000000000000000
0000000000000000
0000000000000000
0000000000000000
1001110011010011
0000000000100000
0000000000000000
0000000000000000
0000000000000000
0000000000000000
0000000000000000
0000000000000000
0000000000000000
0000000000000000
1010010100010100
0000000000000000
0000000000000000
0000000000000000
0000000000000000
0000000000000000
0000000000000000
0000000000000000
0000000000000000
0001100011100011
1001110011010011
0000000000000000
0000000000000000
0000000000000000
0011000110000110
1001110011010011
0000000000000000
0000000000000000
0000000000000000
0011100111100111
1000110001010001
0000000000000000
0000000000000000
0000000000000000
0000000000000000
0000000000000000
0000000000000000
0000000000000000
0000000000000000
0110001100001100
0111001110101110
0000000000000000
0000000000000000
0000000000000000
0000000000000000
0000000000000000
0000000000000000
0000000000000000
0000000000000000
1000010000010000
0101101011101011
0000000000000000
0000000000000000
0000000000000000
0000000000000000
0000000000000000
0000000000000000
0000000000000000
0000000000000000
1000110001010001
0011100111100111
0000000000000000
0000000000000000
0000000000000000
0000000000000000
0000000000000000
0000000000000000
0000000000000000
0000000000000000
1001010010010010
0010000100000100
0000000000000000
0000000000000000
0000000000000000
0000000000000000
0000000000000000
0000000000000000
0000000000000000
0000000000000000
1001010010010010
0001000010100010
0000000000000000
0000000000000000
0001100011000011
0111101111101111
0111101111101111
0111101111101111
0111110000001111
1000010000001111
1001110011110011
1001010010010010
1001010010010010
1001010010010010
1001010010010010
0110101101001101
0000000000000000
0000000000000000
0000000000000000
0101101011001011
1000010000010000
0000000000000000
0000000000000000
0000000000000000
0000000000000000
0000000000000000
0000100001000001
0000100001000001
0000000000000000
0111101111101111
0110001100101100
0000000000000000
0000000000100000
0000100001100001
0000000000000000
0000000000100000
0000100001100001
0000000000000000
0000000000000000
1001010010110010
0011100111000111
0000000000000000
0000100001100001
0000000000100000
0000000000000000
0000100001100001
0000000000000000
0000000000100000
0000000000000000
1001010010110010
0000100001100001
0000000000100000
0000000000000000
0000000000100000
0000000000100000
0000000000000000
0000000000100000
0000100001000001
0000000000000000
1001110011110011
0000000000000000
0000000000100000
0000000000000000
0000000000100000
0000000000100000
0000000000100000
0000000000000000
0000000000100000
0001100011100011
1001010010110010
0000000000000000
0000000000000000
0000000000000000
0010100101100101
1001110011010011
0000000000000000
0000000000000000
0000000000000000
0011100111100111
1000110001010001
0000000000100000
0000000000000000
0000000000000000
0000000000000000
0000000000100000
0000000000000000
0000000000000000
0000000000000000
0110001100001100
0111001110001110
0000000000000000
0000000000000000
0000000000000000
0000000000000000
0000000000000000
0000000000000000
0000000000000000
0000000000000000
0111101111101111
0101101011101011
0000000000100000
0000000000000000
0000100001000001
0000100001100001
0000100001100001
0000100001100001
0000100001100001
0000100001100001
1000110001110001
0100001000001000
0001000010000010
0000100001100001
0000100001100001
0000100001100001
0000100001100001
0000100001100001
0000100001100001
0000000000000000
1001010010110010
0010100101000101
0001000010000010
0000100001100001
0000100001100001
0000000000000000
0000000000000000
0000000000000000
0000000000000000
0000000000000000
1000110001110001
0001000010000010
0000000000000000
0000000000000000
0010100101100101
1001010010010010
1001010010010010
1001010010010010
1001010010010001
1001010010010001
1001110011110011
1001010010010010
1001010010010010
1001010010010010
1001010010010010
0111001110001110
0000000000000000
0000000000000000
0000000000000000
0010100101000101
0011100111100111
0000000000000000
0000000000000000
0000000000000000
0000000000000000
0000000000000000
1010110101110101
1010010100110100
0000000000000000
1010010100110100
1011110111110111
0001100011000011
1000010000010000
1011110111110111
0011100111000111
0110001100101100
1100111001011001
0100101001001001
0011000110100110
1101111011011011
0111001110001110
0010000100000100
1011110111010111
1001010010010010
0001000010000010
1001110011110011
0100101001101001
0111001110001110
0111101111101111
0110101101001101
0111001110001110
1000010000110000
0101001010001010
0110101101101101
1000110001010001
0101101011001011
0110001100001100
1001110011010011
0110001100001100
0111001110101110
1000110001010001
0110101101101101
0101101011001011
1000010000010000
0111101111001111
0101101011101011
0100101001101001
0100101001001001
0100001000101000
0101001010101010
0000000000000000
0000000000000000
0000000000000000
0001000010100010
0100101001101001
0000000000000000
0000000000000000
0000000000000000
0001100011100011
0101101011001011
0101001010101010
0100001000101000
0100101001001001
0100101001001001
0101101011001011
0100001000101000
0100101001001001
0100001000101000
0101001010101010
0101101011101011
0100101001001001
0100001000101000
0100001000101000
0100001000101000
0100001000101000
0100101001001001
0100001000101000
0100101001001001
0110001100001100
0101101011001011
0100001000101000
0100001000101000
1010010100010100
1100111001011001
1100111001111001
1100111001111001
1100111001111001
1100111001111001
1101111011111011
1101011010011010
1100111001111001
1100111001111001
1100111001111001
1100111001111001
1100111001111001
1100111001111001
1100111001111001
1100111001111001
1110011100011100
1100111001111001
1100111001111001
1100111001111001
1100011000011000
0100001000101000
0000000000000000
0000000000000000
0000000000000000
0000000000000000
0100001000001000
0000000000100000
0000000000000000
0000000000000000
0011100111000111
1001010010010010
1001010010010010
1001010010010010
1001010010010010
1001010010010010
1000110001110001
0111101111101111
0111101111101111
0111101111101111
1000010000010000
0110101101001101
0000000000000000
0000000000000000
0000000000000000
0000000000000000
0000000000000000
0000000000000000
0000000000000000
0000000000000000
0000000000000000
0000000000000000
1101011010111010
1100111001111001
0000000000000000
1011010110010110
1101111011111011
0010000100000100
1001110011110011
1110111101011101
0100001000101000
0111101111101111
1111111111011111
0101101011101011
0100001000001000
1111011110111110
1000010000110000
0010100101100101
1110011100111100
1011010110110110
0001000010100010
1100011000011000
0110001100001100
1000110001110001
1001110011110011
0110001100001100
1000110001010001
1010010100010100
0110001100101100
1000010000110000
1010010100110100
0110101101101101
0111101111001111
1011110111010111
0111101111001111
0111001110001110
1010110101010101
1000110001010001
0110101101101101
1001110011110011
1001110011010011
0111001110101110
0101101011101011
0101101011101011
0101001010101010
0011000110000110
0000000000000000
0000000000000000
0000000000000000
0000000000100000
0001000010000010
0000000000000000
0000000000000000
0000000000000000
0000000000100000
0100101001001001
0110001100101100
0101001010101010
0101101011001011
0101101011001011
0110101101001101
0101001010101010
0101101011001011
0101001010101010
0101001010001010
0101001010101010
0101101011001011
0101001010101010
0101001010101010
0101001010101010
0101001010101010
0101101011001011
0101001010101010
0101001010101010
0101001010001010
0101101011001011
0101001010001010
0101001010101010
1100011000111000
1111111111111111
1111111111111111
1111111111111111
1111111111111111
1111111111111111
1111111111111111
1111111111111111
1111111111111111
1111111111111111
1111111111111111
1111111111111111
1111111111111111
1111111111111111
1111111111111111
1111111111111111
1111111111111111
1111111111111111
1111111111111111
1111111111111111
1111011110011110
0101101011001011
0000000000000000
0000000000000000
0000000000000000
0000000000000000
0000000000000000
0000000000000000
0000000000000000
0000000000000000
0100001000101000
1000010000010000
1000010000010000
1000010000010000
1000010000001111
1000010000001111
1000110001110001
1000010000010000
1000010000010000
1000010000010000
1000010000010000
0111001110101110
0000000000100000
0000000000000000
0000000000000000
0000000000000000
0000000000000000
0000000000000000
0000000000000000
0000000000000000
0000000000000000
0000000000000000
1101011010111010
1100111001111001
0000000000000000
1011010110010110
1101111011111011
0001100011100011
1001110011110011
1110111101011101
0100001000101000
0111101111101111
1111111111011111
0101101011101011
0100001000001000
1111011110111110
1000010000110000
0010100101100101
1110011100111100
1011010110110110
0001100011000011
1100011000011000
0110001100001100
1000110001110001
1001110011110011
0110001100001100
1000110001010001
1001110011110011
0110001100101100
1000010000110000
1010110101010101
0110101101101101
0111101111101111
1011110111110111
0111101111001111
0111001110001110
1010010100110100
1000010000110000
0110101101101101
1001110011110011
1001110011010011
0111001110101110
0101101011101011
0101101011101011
0101001010101010
0011000110000110
0000000000000000
0000000000000000
0000000000000000
0000000000100000
0001000010000010
0000000000000000
0000000000000000
0000000000000000
0000000000100000
0100101001001001
0110101101001101
0101001010101010
0101101011001011
0101101011001011
0110101101001101
0101001010001010
0101101011001011
0101001010101010
0101001010001010
0101001010101010
0101001010101010
0101001010101010
0101001010101010
0101001010101010
0101001010101010
0101001010101010
0101001010101010
0101001010101010
0101001010001010
0101101011001011
0101001010001010
0101001010101010
1100111001011001
1111111111111111
1111111111111111
1111111111111111
1111111111111111
1111111111111111
1111111111111111
1111111111111111
1111111111111111
1111111111111111
1111111111111111
1111111111111111
1111111111111111
1111111111111111
1111111111111111
1111111111111111
1111111111111111
1111111111111111
1111111111111111
1111111111111111
1111011110011110
0101101011001011
0000000000000000
0000000000000000
0000000000000000
0000000000000000
0000000000000000
0000000000000000
0000000000000000
0000000000000000
0101001010001010
1000010000010000
1000010000010000
1000010000010000
1000010000010000
1000010000010000
1000110001110001
1000010000010000
1000010000010000
1000010000010000
0111101111101111
0111101111101111
0001000010100010
0000000000000000
0000000000000000
0000000000000000
0000000000000000
0000000000000000
0000000000000000
0000000000000000
0000000000000000
0000000000000000
1101011010111010
1100111001111001
0000000000000000
1011010110110110
1101111011111011
0001100011100011
1001110011110011
1110111101011101
0100001000101000
0111101111101111
1111111111011111
0101101011101011
0100001000001000
1111011110111110
1000010000110000
0010100101100101
1110011100111100
1011010110110110
0001100011000011
1100011000011000
0110001100001100
1000110001110001
1001110011110011
0110001100001100
1000110001010001
1001110011110011
0110001100101100
1000010000110000
1010110101010101
0110101101101101
0111101111101111
1011110111110111
0111101111001111
0111001110001110
1010010100110100
1000010000110000
0110101101101101
1001110011110011
1001110011010011
0111001110101110
0101101011101011
0101101011101011
0101001010101010
0011000110000110
0000000000000000
0000000000000000
0000000000000000
0000000000100000
0001000010000010
0000000000000000
0000000000000000
0000000000000000
0000000000100000
0100101001001001
0110101101001101
0101001010101010
0101101011001011
0101101011001011
0110101101001101
0101001010001010
0101101011001011
0101001010101010
0101001010001010
0101001010101010
0101001010101010
0101001010101010
0101001010101010
0101001010101010
0101001010101010
0101001010101010
0101001010101010
0101001010101010
0101001010001010
0101101011001011
0101001010001010
0101001010101010
1100111001011001
1111111111111111
1111111111111111
1111111111111111
1111111111111111
1111111111111111
1111111111111111
1111111111111111
1111111111111111
1111111111111111
1111111111111111
1111111111111111
1111111111111111
1111111111111111
1111111111111111
1111111111111111
1111111111111111
1111111111111111
1111111111111111
1111111111111111
1111011110011110
0101101011001011
0000000000000000
0000000000000000
0000000000000000
0000000000000000
0000000000000000
0000000000000000
0000000000000000
0000000000000000
0101101011101011
1000010000010000
1000010000010000
1000010000010000
1000010000010000
1000010000010000
1000110001110001
1000010000010000
1000010000010000
1000010000010000
1000010000010000
0111101111101111
0010100101100101
0000000000000000
0000000000000000
0000000000000000
0000000000000000
0000000000000000
0000000000000000
0000000000000000
0000000000000000
0000000000000000
1101011010111010
1100111001111001
0000000000000000
1011010110010110
1101111011111011
0001100011100011
1001110011110011
1110111101011101
0100001000101000
0111101111101111
1111111111011111
0101101011101011
0100001000001000
1111011110111110
1000010000110000
0010100101100101
1110011100111100
1011010110110110
0001100011000011
1100011000011000
0110001100001100
1000110001110001
1001110011110011
0110001100001100
1000110001010001
1001110011110011
0110001100101100
1000010000110000
1010110101010101
0110101101101101
0111101111101111
1011110111110111
0111101111001111
0111001110001110
1010010100110100
1000010000110000
0110101101101101
1001110011110011
1001110011010011
0111001110101110
0101101011101011
0101101011101011
0101001010101010
0011000110000110
0000000000000000
0000000000000000
0000000000000000
0000000000100000
0001000010000010
0000000000000000
0000000000000000
0000000000000000
0000000000100000
0100101001001001
0110101101001101
0101001010101010
0101101011001011
0101101011001011
0110101101001101
0101001010001010
0101101011001011
0101001010101010
0101001010001010
0101001010101010
0101001010101010
0101001010101010
0101001010101010
0101001010101010
0101001010101010
0101001010101010
0101001010101010
0101001010101010
0101001010001010
0101101011001011
0101001010001010
0101001010101010
1100111001011001
1111111111111111
1111111111111111
1111111111111111
1111111111111111
1111111111111111
1111111111111111
1111111111111111
1111111111111111
1111111111111111
1111111111111111
1111111111111111
1111111111111111
1111111111111111
1111111111111111
1111111111111111
1111111111111111
1111111111111111
1111111111111111
1111111111111111
1111011110011110
0101101011001011
0000000000000000
0000000000000000
0000000000000000
0000000000000000
0000000000000000
0000000000000000
0000000000000000
0000000000100000
0110101101001101
1000010000010000
1000010000010000
1000010000010000
1000010000010000
1000010000010000
1000110001110001
1000010000010000
1000010000010000
1000010000010000
1000010000010000
1000010000010000
0100001000101000
0000000000000000
0000000000000000
0000000000000000
0000000000000000
0000000000000000
0000000000000000
0000000000000000
0000000000000000
0000000000000000
1101011010111010
1100111001111001
0000000000000000
1011010110010110
1101111011111011
0001100011100011
1001110011110011
1110111101011101
0100001000101000
0111101111101111
1111111111011111
0101101011101011
0100001000001000
1111011110111110
1000010000110000
0010100101100101
1110011100111100
1011010110110110
0001100011000011
1100011000011000
0110001100001100
1000110001110001
1001110011110011
0110001100001100
1000110001010001
1001110011110011
0110001100101100
1000010000110000
1010110101010101
0110101101101101
0111101111101111
1011110111110111
0111101111001111
0111001110001110
1010010100110100
1000010000110000
0110101101101101
1001110011110011
1001110011010011
0111001110101110
0101101011101011
0101101011101011
0101001010101010
0011000110000110
0000000000000000
0000000000000000
0000000000000000
0000000000100000
0001000010000010
0000000000000000
0000000000000000
0000000000000000
0000000000100000
0100101001001001
0110101101001101
0101001010101010
0101101011001011
0101101011001011
0110101101001101
0101001010001010
0101101011001011
0101001010101010
0101001010001010
0101001010101010
0101001010101010
0101001010101010
0101001010101010
0101001010101010
0101001010101010
0101001010101010
0101001010101010
0101001010101010
0101001010001010
0101101011001011
0101001010001010
0101001010101010
1100111001011001
1111111111111111
1111111111111111
1111111111111111
1111111111111111
1111111111111111
1111111111111111
1111111111111111
1111111111111111
1111111111111111
1111111111111111
1111111111111111
1111111111111111
1111111111111111
1111111111111111
1111111111111111
1111111111111111
1111111111111111
1111111111111111
1111111111111111
1111011110011110
0101101011001011
0000000000000000
0000000000000000
0000000000000000
0000000000000000
0000000000000000
0000000000000000
0000000000000000
0000100001000001
0111001110101110
0111101111101111
1000010000010000
1000010000010000
1000010000010000
1000010000010000
1000110001110001
1000010000010000
1000010000010000
1000010000010000
1000010000010000
1000010000010000
0101101011001011
0000000000000000
0000000000000000
0000000000000000
0000000000000000
0000000000000000
0000000000000000
0000000000000000
0000000000000000
0000000000000000
1101011010111010
1100111001111001
0000000000000000
1011010110010110
1101111011111011
0001100011100011
1001110011110011
1110111101011101
0100001000101000
0111101111101111
1111111111011111
0101101011101011
0100001000001000
1111011110111110
1000010000110000
0010100101100101
1110011100111100
1011010110110110
0001100011000011
1100011000011000
0110001100001100
1000110001110001
1001110011110011
0110001100001100
1000110001010001
1001110011110011
0110001100101100
1000010000110000
1010110101010101
0110101101101101
0111101111101111
1011110111110111
0111101111001111
0111001110001110
1010010100110100
1000010000110000
0110101101101101
1001110011110011
1001110011010011
0111001110101110
0101101011101011
0101101011101011
0101001010101010
0011000110000110
0000000000000000
0000000000000000
0000000000000000
0000000000100000
0001000010000010
0000000000000000
0000000000000000
0000000000000000
0000000000100000
0100101001001001
0110101101001101
0101001010101010
0101101011001011
0101101011001011
0110101101001101
0101001010001010
0101101011001011
0101001010101010
0101001010001010
0101001010101010
0101001010101010
0101001010101010
0101001010101010
0101001010101010
0101001010101010
0101001010101010
0101001010101010
0101001010101010
0101001010001010
0101101011001011
0101001010001010
0101001010101010
1100111001011001
1111111111111111
1111111111111111
1111111111111111
1111111111111111
1111111111111111
1111111111111111
1111111111111111
1111111111111111
1111111111111111
1111111111111111
1111111111111111
1111111111111111
1111111111111111
1111111111111111
1111111111111111
1111111111111111
1111111111111111
1111111111111111
1111111111111111
1111011110011110
0101101011001011
0000000000000000
0000000000000000
0000000000000000
0000000000000000
0000000000000000
0000000000000000
0000000000000000
0010000100000100
0111101111101111
1000010000010000
1000010000010000
1000010000010000
0111110000010000
0111110000010000
1000110001110001
1000010000010000
1000010000010000
1000010000010000
1000010000010000
1000010000010000
0110101101101101
0000000000000000
0000000000000000
0000000000000000
0000000000000000
0000000000000000
0000000000000000
0000000000000000
0000000000000000
0000000000000000
1101011010111010
1100111001111001
0000000000000000
1011010110010110
1101111011111011
0001100011100011
1001110011110011
1110111101011101
0100001000101000
0111101111101111
1111111111011111
0101101011101011
0100001000001000
1111011110111110
1000010000110000
0010100101100101
1110011100111100
1011010110110110
0001100011000011
1100011000011000
0110001100001100
1000110001110001
1001110011110011
0110001100001100
1000110001010001
1001110011110011
0110001100101100
1000010000110000
1010110101010101
0110101101101101
0111101111101111
1011110111110111
0111101111001111
0111001110001110
1010010100110100
1000010000110000
0110101101101101
1001110011110011
1001110011010011
0111001110101110
0101101011101011
0101101011101011
0101001010101010
0011000110000110
0000000000000000
0000000000000000
0000000000000000
0000000000100000
0001000010000010
0000000000000000
0000000000000000
0000000000000000
0000000000100000
0100101001001001
0110101101001101
0101001010101010
0101101011001011
0101101011001011
0110101101001101
0101001010001010
0101101011001011
0101001010101010
0101001010001010
0101001010101010
0101001010101010
0101001010101010
0101001010101010
0101001010101010
0101001010101010
0101001010101010
0101001010101010
0101001010101010
0101001010001010
0101101011001011
0101001010001010
0101001010101010
1100111001011001
1111111111111111
1111111111111111
1111111111111111
1111111111111111
1111111111111111
1111111111111111
1111111111111111
1111111111111111
1111111111111111
1111111111111111
1111111111111111
1111111111111111
1111111111111111
1111111111111111
1111111111111111
1111111111111111
1111111111111111
1111111111111111
1111111111111111
1111011110011110
0101101011001011
0000000000000000
0000000000000000
0000000000000000
0000000000000000
0000000000000000
0000000000000000
0000000000000000
0100001000001000
1000010000010000
1000010000010000
1000010000010000
1000010000010000
0111110000010000
0111110000010000
1000110001110001
0111101111101111
0111101111101111
0111101111101111
0111101111101111
0111101111101111
0111101111001111
0001000010000010
0000000000000000
0000000000000000
0000000000000000
0000000000000000
0000000000000000
0000000000000000
0000000000000000
0000000000000000
1101011010111010
1100111001111001
0000000000000000
1011010110010110
1101111011111011
0001100011100011
1001110011110011
1110111101011101
0100001000101000
0111101111101111
1111111111011111
0101101011101011
0100001000001000
1111011110111110
1000010000110000
0010100101100101
1110011100111100
1011010110110110
0001100011000011
1100011000011000
0110001100001100
1000110001110001
1001110011110011
0110001100001100
1000110001010001
1001110011110011
0110001100101100
1000010000110000
1010110101010101
0110101101101101
0111101111101111
1011110111110111
0111101111001111
0111001110001110
1010010100110100
1000010000110000
0110101101101101
1001110011110011
1001110011010011
0111001110101110
0101101011101011
0101101011101011
0101001010101010
0011000110000110
0000000000000000
0000000000000000
0000000000000000
0000000000100000
0001000010000010
0000000000000000
0000000000000000
0000000000000000
0000000000100000
0100101001001001
0110101101001101
0101001010101010
0101101011001011
0101101011001011
0110101101001101
0101001010001010
0101101011001011
0101001010101010
0101001010001010
0101001010101010
0101001010101010
0101001010101010
0101001010101010
0101001010101010
0101001010101010
0101001010101010
0101001010101010
0101001010101010
0101001010001010
0101101011001011
0101001010001010
0101001010101010
1100111001011001
1111111111111111
1111111111111111
1111111111111111
1111111111111111
1111111111111111
1111111111111111
1111111111111111
1111111111111111
1111111111111111
1111111111111111
1111111111111111
1111111111111111
1111111111111111
1111111111111111
1111111111111111
1111111111111111
1111111111111111
1111111111111111
1111111111111111
1111011110011110
0101101011001011
0000000000000000
0000000000000000
0000000000000000
0000000000000000
0000000000000000
0000000000000000
0000000000000000
0101101011001011
1000010000010000
0111101111101111
0111101111101111
0111101111101111
0111110000001111
0111110000001111
1010010100010100
1001010010110010
1001010010110010
1001010010110010
1001010010110010
1001010010110010
1001010010110010
0100001000001000
0000000000000000
0000000000000000
0000000000000000
0000000000000000
0000000000000000
0000000000000000
0000000000000000
0000000000000000
1101011010111010
1100111001111001
0000000000000000
1011010110010110
1101111011111011
0001100011100011
1001110011110011
1110111101011101
0100001000101000
0111101111101111
1111111111011111
0101101011101011
0100001000001000
1111011110111110
1000010000110000
0010100101100101
1110011100111100
1011010110110110
0001100011000011
1100011000011000
0110001100001100
1000110001110001
1001110011110011
0110001100001100
1000110001010001
1001110011110011
0110001100101100
1000010000110000
1010110101010101
0110101101101101
0111101111101111
1011110111110111
0111101111001111
0111001110001110
1010010100110100
1000010000110000
0110101101101101
1001110011110011
1001110011010011
0111001110101110
0101101011101011
0101101011101011
0101001010001010
0011100111000111
0010000100000100
0001100011100011
0001100011000011
0010000100000100
0010000100100100
0001100011100011
0001100011000011
0001100011000011
0001100011100011
0100101001101001
0110101101001101
0101001010101010
0101101011001011
0101101011001011
0110101101001101
0101001010001010
0101101011001011
0101001010101010
0101001010001010
0101001010101010
0101001010101010
0101001010101010
0101001010101010
0101001010101010
0101001010101010
0101001010101010
0101001010101010
0101001010101010
0101001010001010
0101101011001011
0101001010001010
0101001010101010
1100111001011001
1111111111111111
1111111111111111
1111111111111111
1111111111111111
1111111111111111
1111111111111111
1111111111111111
1111111111111111
1111111111111111
1111111111111111
1111111111111111
1111111111111111
1111111111111111
1111111111111111
1111111111111111
1111111111111111
1111111111111111
1111111111111111
1111111111111111
1111011110011110
0101101011001011
0000000000000000
0000000000000000
0000000000000000
0000000000000000
0000000000000000
0000000000000000
0000000000000000
1000010000010000
1001010010110010
1001010010110010
1001010010110010
1001010010110010
1001010010110010
1001010010110010
1001110011010011
1000110001110001
1000110001110001
1000110001110001
1000110001110001
1000110001110001
1000110001110001
0101101011001011
0000000000000000
0000000000000000
0000000000000000
0000000000000000
0000000000000000
0000000000000000
0000000000000000
0000000000000000
1101011010111010
1100111001111001
0000000000000000
1011010110010110
1101111011111011
0001100011100011
1001110011110011
1110111101011101
0100001000101000
0111101111101111
1111111111011111
0101101011101011
0100001000001000
1111011110111110
1000010000110000
0010100101100101
1110011100111100
1011010110110110
0001100011000011
1100011000011000
0110001100001100
1000110001110001
1001110011110011
0110001100001100
1000110001010001
1001110011110011
0110001100101100
1000010000110000
1010110101010101
0110101101101101
0111101111101111
1011110111110111
0111101111001111
0111001110001110
1010010100110100
1000010000110000
0110101101101101
1001110011110011
1001110011010011
0111001110101110
0101101011101011
0101101011101011
0101001010001010
0101001010101010
0110001100001100
0101101011101011
0101001010101010
0101101011001011
0101101011001011
0101001010101010
0101001010001010
0101001010001010
0101001010001010
0101101011001011
0110101101001101
0101001010101010
0101101011001011
0101101011001011
0110101101101101
0101001010001010
0101101011001011
0101001010101010
0101001010001010
0101001010101010
0101001010101010
0101001010101010
0101001010101010
0101001010101010
0101001010101010
0101001010101010
0101001010101010
0101001010101010
0101001010001010
0101101011001011
0101001010001010
0101001010101010
1100111001011001
1111111111111111
1111111111111111
1111111111111111
1111111111111111
1111111111111111
1111111111111111
1111111111111111
1111111111111111
1111111111111111
1111111111111111
1111111111111111
1111111111111111
1111111111111111
1111111111111111
1111111111111111
1111111111111111
1111111111111111
1111111111111111
1111111111111111
1111011110011110
0101101011001011
0000000000000000
0000000000000000
0000000000000000
0000000000000000
0000000000000000
0000000000000000
0001100011100011
1000010000110000
1000110001110001
1000110001110001
1000110001110001
1000110001110001
1000110001110001
1000110001110001
1000110001110001
0111101111101111
1000010000010000
1000010000010000
1000010000010000
1000010000010000
1000010000010000
0110101101101101
0000000000000000
0000000000000000
0000000000000000
0000000000000000
0000000000000000
0000000000000000
0000000000000000
0000000000000000
1101011010111010
1100111001111001
0000000000000000
1011010110010110
1101111011111011
0001100011100011
1001110011110011
1110111101011101
0100001000101000
0111101111101111
1111111111011111
0101101011101011
0100001000001000
1111011110111110
1000010000110000
0010100101100101
1110011100111100
1011010110110110
0001100011000011
1100011000011000
0110001100001100
1000110001110001
1001110011110011
0110001100001100
1000110001010001
1001110011110011
0110001100101100
1000010000110000
1010110101010101
0110101101101101
0111101111101111
1011110111110111
0111101111001111
0111001110001110
1010010100110100
1000010000110000
0110101101101101
1001110011110011
1001110011010011
0111001110101110
0101101011101011
0101101011101011
0101001010001010
0101101011001011
0110001100101100
0110001100001100
0101001010101010
0101101011001011
0101101011101011
0101101011001011
0101001010101010
0101001010101010
0101001010101010
0101101011101011
0110101101001101
0101001010101010
0101101011001011
0101101011001011
0110101101101101
0101001010001010
0101101011001011
0101001010101010
0101001010001010
0101001010101010
0101001010101010
0101001010101010
0101001010101010
0101001010101010
0101001010101010
0101001010101010
0101001010101010
0101001010101010
0101001010001010
0101101011001011
0101001010001010
0101001010101010
1100111001011001
1111111111111111
1111111111111111
1111111111111111
1111111111111111
1111111111111111
1111111111111111
1111111111111111
1111111111111111
1111111111111111
1111111111111111
1111111111111111
1111111111111111
1111111111111111
1111111111111111
1111111111111111
1111111111111111
1111111111111111
1111111111111111
1111111111111111
1111011110011110
0101101011001011
0000000000000000
0000000000000000
0000000000000000
0000000000000000
0000000000000000
0000000000000000
0100001000101000
1000010000010000
1000010000010000
1000010000010000
1000010000010000
1000010000010000
1000010000010000
1000010000010000
1000110001110001
1000010000010000
1000010000010000
1000010000010000
1000010000010000
1000010000010000
0111101111101111
0111101111101111
0010000100000100
0000000000000000
0000000000000000
0000000000000000
0000000000000000
0000000000000000
0000000000000000
0000000000000000
1101011010111010
1100111001111001
0000000000000000
1011010110010110
1101111011111011
0001100011100011
1001110011110011
1110111101011101
0100001000101000
0111101111101111
1111111111011111
0101101011101011
0100001000001000
1111011110111110
1000010000110000
0010100101100101
1110011100111100
1011010110110110
0001100011000011
1100011000011000
0110001100001100
1000110001110001
1001110011110011
0110001100001100
1000110001010001
1001110011110011
0110001100101100
1000010000110000
1010110101010101
0110101101101101
0111101111101111
1011110111110111
0111101111001111
0111001110001110
1010010100110100
1000010000110000
0110101101101101
1001110011110011
1001110011010011
0111001110101110
0101101011101011
0101101011101011
0101001010001010
0101101011001011
0110001100101100
0110001100001100
0101001010101010
0101101011001011
0101101011101011
0101101011001011
0101001010101010
0101001010101010
0101001010101010
0101101011101011
0110101101001101
0101001010101010
0101101011001011
0101101011001011
0110101101101101
0101001010001010
0101101011001011
0101001010101010
0101001010001010
0101001010101010
0101001010101010
0101001010101010
0101001010101010
0101001010101010
0101001010101010
0101001010101010
0101001010101010
0101001010101010
0101001010001010
0101101011001011
0101001010001010
0101001010101010
1100111001011001
1111111111111111
1111111111111111
1111111111111111
1111111111111111
1111111111111111
1111111111111111
1111111111111111
1111111111111111
1111111111111111
1111111111111111
1111111111111111
1111111111111111
1111111111111111
1111111111111111
1111111111111111
1111111111111111
1111111111111111
1111111111111111
1111111111111111
1111011110011110
0101101011001011
0000000000000000
0000000000000000
0000000000000000
0000000000000000
0000000000000000
0000000000000000
0110001100001100
1000010000010000
1000010000010000
1000010000010000
1000010000010000
1000010000010000
1000010000010000
1000010000010000
1000110001110001
1000010000010000
1000010000010000
1000010000010000
1000010000010000
1000010000010000
0111101111101111
1000010000010000
0100101001001001
0000000000000000
0000000000000000
0000000000000000
0000000000000000
0000000000000000
0000000000000000
0000000000000000
1101011010111010
1100111001111001
0000000000000000
1011010110010110
1101111011111011
0001100011100011
1001110011110011
1110111101011101
0100001000101000
0111101111101111
1111111111011111
0101101011101011
0100001000001000
1111011110111110
1000010000110000
0010100101100101
1110011100111100
1011010110110110
0001100011000011
1100011000011000
0110001100001100
1000110001110001
1001110011110011
0110001100001100
1000110001010001
1001110011110011
0110001100101100
1000010000110000
1010110101010101
0110101101101101
0111101111101111
1011110111110111
0111101111001111
0111001110001110
1010010100110100
1000010000110000
0110101101101101
1001110011110011
1001110011010011
0111001110101110
0101101011101011
0101101011101011
0101001010001010
0101101011001011
0110001100101100
0110001100001100
0101001010101010
0101101011001011
0101101011101011
0101101011001011
0101001010101010
0101001010101010
0101001010101010
0101101011101011
0110101101001101
0101001010101010
0101101011001011
0101101011001011
0110101101101101
0101001010001010
0101101011001011
0101001010101010
0101001010001010
0101001010101010
0101001010101010
0101001010101010
0101001010101010
0101001010101010
0101001010101010
0101001010101010
0101001010101010
0101001010101010
0101001010001010
0101101011001011
0101001010001010
0101001010101010
1100111001011001
1111111111111111
1111111111111111
1111111111111111
1111111111111111
1111111111111111
1111111111111111
1111111111111111
1111111111111111
1111111111111111
1111111111111111
1111111111111111
1111111111111111
1111111111111111
1111111111111111
1111111111111111
1111111111111111
1111111111111111
1111111111111111
1111111111111111
1111011110011110
0101101011001011
0000000000000000
0000000000000000
0000000000000000
0000000000000000
0000000000000000
0001000010000010
0111101111001111
1000010000010000
1000010000010000
1000010000010000
1000010000010000
1000010000010000
1000010000001111
1000010000001111
1000110001110001
1000010000010000
1000010000010000
1000010000010000
1000010000010000
1000010000010000
1000010000010000
1000010000010000
0110101101001101
0000000000000000
0000000000000000
0000000000000000
0000000000000000
0000000000000000
0000000000000000
0000000000000000
1101011010111010
1100111001111001
0000000000000000
1011010110010110
1101111011111011
0001100011100011
1001110011110011
1110111101011101
0100001000101000
0111101111101111
1111111111011111
0101101011101011
0100001000001000
1111011110111110
1000010000110000
0010100101100101
1110011100111100
1011010110110110
0001100011000011
1100011000011000
0110001100001100
1000110001110001
1001110011110011
0110001100001100
1000110001010001
1001110011110011
0110001100101100
1000010000110000
1010110101010101
0110101101101101
0111101111101111
1011110111110111
0111101111001111
0111001110001110
1010010100110100
1000010000110000
0110101101101101
1001110011110011
1001110011010011
0111001110101110
0101101011101011
0101101011101011
0101001010001010
0101101011001011
0110001100101100
0110001100001100
0101001010101010
0101101011001011
0101101011101011
0101101011001011
0101001010101010
0101001010101010
0101001010101010
0101101011101011
0110101101001101
0101001011001010
0101101011001011
0101101011101011
0110101101101101
0101001010001010
0101101011001011
0101001010101010
0101001010001010
0101001010101010
0101001010101010
0101001010101010
0101001010101010
0101001010101010
0101001010101010
0101001010101010
0101001010101010
0101001010101010
0101001010001010
0101101011001011
0101001010001010
0101001010101010
1100111001011001
1111111111111111
1111111111111111
1111111111111111
1111111111111111
1111111111111111
1111111111111111
1111111111111111
1111111111111111
1111111111111111
1111111111111111
1111111111111111
1111111111111111
1111111111111111
1111111111111111
1111111111111111
1111111111111111
1111111111111111
1111111111111111
1111111111111111
1111011110011110
0101101011001011
0000000000000000
0000000000000000
0000000000000000
0000000000000000
0000000000000000
0100001000001000
0111101111101111
0111101111101111
1000010000010000
1000010000010000
1000010000010000
1000010000010000
1000010000001111
1000010000001111
1000110001110001
1000010000010000
1000010000010000
1000010000010000
1000010000010000
1000010000010000
1000010000010000
1000010000010000
0111101111101111
0010000100100100
0000000000000000
0000000000000000
0000000000000000
0000000000000000
0000000000000000
0000000000000000
1101011010111010
1100111001111001
0000000000000000
1011010110010110
1101111011111011
0001100011100011
1001110011110011
1110111101011101
0100001000101000
0111101111101111
1111111111011111
0101101011101011
0100001000001000
1111011110111110
1000010000110000
0010100101100101
1110011100111100
1011010110110110
0001100011000011
1100011000011000
0110001100001100
1000110001110001
1001110011110011
0110001100001100
1000110001010001
1001110011110011
0110001100101100
1000010000110000
1010110101010101
0110101101101101
0111101111101111
1011110111110111
0111101111001111
0111001110001110
1010010100110100
1000010000110000
0110101101101101
1001110011110011
1001110011010011
0111001110101110
0101101011101011
0101101011101011
0101001010001010
0101101011001011
0110001100101100
0110001100001100
0101001010101010
0101101011001011
0101101011101011
0101101011001011
0101001010101010
0101001010101010
0101001010101010
0101101011101011
0110101101001101
0101001011001010
0101101011001011
0101101011101011
0110101101101101
0101001010001010
0101101011001011
0101001010101010
0101001010001010
0101001010101010
0101001010101010
0101001010101010
0101001010101010
0101001010101010
0101001010101010
0101001010101010
0101001010101010
0101001010101010
0101001010001010
0101101011001011
0101001010001010
0101001010101010
1100111001011001
1111111111111111
1111111111111111
1111111111111111
1111111111111111
1111111111111111
1111111111111111
1111111111111111
1111111111111111
1111111111111111
1111111111111111
1111111111111111
1111111111111111
1111111111111111
1111111111111111
1111111111111111
1111111111111111
1111111111111111
1111111111111111
1111111111111111
1111011110011110
0101101011001011
0000000000000000
0000000000000000
0000000000000000
0000000000000000
0000000000000000
0110001100101100
1000010000010000
1000010000010000
1000010000010000
1000010000010000
1000010000010000
1000010000010000
1000010000001111
1000010000001111
1000110001110001
1000010000010000
1000010000010000
1000010000010000
1000010000010000
1000010000010000
1000010000010000
1000010000010000
1000010000010000
0101001010001010
0000000000000000
0000000000000000
0000000000000000
0000000000000000
0000000000000000
0000000000000000
1101011010111010
1100111001111001
0000000000000000
1011010110010110
1101111011111011
0001100011100011
1001110011110011
1110111101011101
0100001000101000
0111101111101111
1111111111011111
0101101011101011
0100001000001000
1111011110111110
1000010000110000
0010100101100101
1110011100111100
1011010110110110
0001100011000011
1100011000011000
0110001100001100
1000110001110001
1001110011110011
0110001100001100
1000110001010001
1001110011110011
0110001100101100
1000010000110000
1010110101010101
0110101101101101
0111101111101111
1011110111110111
0111101111001111
0111001110001110
1010010100110100
1000010000110000
0110101101101101
1001110011110011
1001110011010011
0111001110101110
0101101011101011
0101101011101011
0101001010001010
0101101011001011
0110001100101100
0110001100001100
0101001010101010
0101101011001011
0101101011101011
0101101011001011
0101001010101010
0101001010101010
0101001010101010
0101101011101011
0110101101001101
0101001011001010
0101101011001011
0101101011101011
0110101101101101
0101001010001010
0101101011001011
0101001010101010
0101001010001010
0101001010101010
0101001010101010
0101001010101010
0101001010101010
0101001010101010
0101001010101010
0101001010101010
0101001010101010
0101001010101010
0101001010001010
0101101011001011
0101001010001010
0101001010101010
1100111001011001
1111111111111111
1111111111111111
1111111111111111
1111111111111111
1111111111111111
1111111111111111
1111111111111111
1111111111111111
1111111111111111
1111111111111111
1111111111111111
1111111111111111
1111111111111111
1111111111111111
1111111111111111
1111111111111111
1111111111111111
1111111111111111
1111111111111111
1111011110011110
0101101011001011
0000000000000000
0000000000000000
0000000000000000
0000000000000000
0001100011100011
0111101111101111
1000010000010000
1000010000010000
1000010000010000
1000010000010000
1000010000010000
1000010000010000
1000010000001111
1000010000001111
1000110001110001
0111101111101111
1000010000010000
1000010000010000
1000010000010000
1000010000010000
1000010000010000
1000010000010000
1000010000010000
1000010000010000
0001100011100011
0000000000000000
0000000000000000
0000000000000000
0000000000000000
0000000000000000
1101011010111010
1100111001111001
0000000000000000
1011010110010110
1101111011111011
0001100011100011
1010010100010100
1110111101011101
0100001000101000
0111101111101111
1111111111011111
0101101011101011
0100001000001000
1111011110111110
1000010000110000
0010100101100101
1110111101011101
1011010110010110
0001100011000011
1100011000011000
0110001100001100
1001010010010010
1001110011010011
0110001100001100
1000110001010001
1001110011110011
0110001100101100
1000010000110000
1010110101010101
0110101101101101
0111101111101111
1011110111110111
0111101111001111
0111001110001110
1010110101010101
1000010000110000
0110101101101101
1001110011110011
1001110011010011
0111001110101110
0101101011101011
0101101011101011
0101001010001010
0101101011001011
0110001100101100
0110001100001100
0101001010101010
0101101011101011
0101101011101011
0101101011001011
0101001010101010
0101001010101010
0101001010101010
0101101011101011
0110101101001101
0101001011001010
0101101011001011
0101101011101011
0110101101101101
0101001010001010
0101101011001011
0101001010101010
0101001010001010
0101001010101010
0101001010101010
0101001010101010
0101001010101010
0101001010001010
0101001010101010
0101001010101010
0101001010101010
0101001010101010
0101001010001010
0101101011001011
0101001010001010
0101001010101010
1100111001011001
1111111111111111
1111111111111111
1111111111111111
1111111111111111
1111111111111111
1111111111111111
1111111111111111
1111111111111111
1111111111111111
1111111111111111
1111111111111111
1111111111111111
1111111111111111
1111111111111111
1111111111111111
1111111111111111
1111111111111111
1111111111111111
1111111111111111
1111011110011110
0101101011001011
0000000000000000
0000000000000000
0000000000000000
0000000000000000
0101001010001010
1000010000010000
1000010000010000
1000010000010000
1000010000010000
1000010000010000
1000010000010000
1000010000010000
1000010000001111
1000010000001111
1000110001110001
0111101111101111
0111101111101111
0111101111101111
0111101111101111
0111101111101111
0111101111101111
0111101111101111
0111101111101111
1001010010110010
0101101011001011
0000000000000000
0000000000000000
0000000000000000
0000000000000000
0000000000000000
1101011010111010
1100111001111001
0000000000000000
1011010110110110
1101111011111011
0001100011100011
1010010100010100
1110111101011101
0100001000101000
0111101111101111
1111111111011111
0101101011101011
0100001000001000
1111011110111110
1000110001010001
0010100101100101
1110011100111100
1011010110110110
0001100011000011
1100011000111000
0110001100101100
1001010010010010
1001110011110011
0110001100001100
1000110001110001
1010010100010100
0110101101001101
1000110001010001
1010010100110100
0110101101101101
0111101111101111
1011110111010111
0111101111001111
0111001110001110
1010110101010101
1000010000110000
0110101101101101
1010010100010100
1001110011010011
0111001110101110
0101101011101011
0101101011101011
0101001010001010
0101101011001011
0110001100101100
0110001100001100
0101001010101010
0101101011101011
0101101011101011
0101101011001011
0101001010101010
0101001010101010
0101001010101010
0101101011101011
0110001100101100
0101001010101010
0101101011001011
0101101011001011
0110101101001101
0101001010001010
0101001010101010
0101001010101010
0101001010001010
0101001010001010
0101001010101010
0101001010101010
0101001010001010
0101001010001010
0101001010101010
0101001010101010
0101001010101010
0101001010101010
0101001010001010
0101101011001011
0101001010001010
0101001010001010
1100111001011001
1111111111111111
1111111111111111
1111111111111111
1111111111111111
1111111111111111
1111111111111111
1111111111111111
1111111111111111
1111111111111111
1111111111111111
1111111111111111
1111111111111111
1111111111111111
1111111111111111
1111111111111111
1111111111111111
1111111111111111
1111111111111111
1111111111111111
1111011110011110
0101101011001011
0000000000000000
0000000000000000
0000000000000000
0001000010100010
1000110001110001
0111101111101111
0111101111101111
0111101111101111
0111101111101111
0111101111101111
0111101111101111
0111101111101111
0111101111101111
0111101111101111
1010010100110100
1001110011010011
1001110011110011
1001110011110011
1001110011110011
1001110011110011
1001110011110011
1001110011110011
1001110011110011
1010110101110101
1001010010010010
0000000000000000
0000000000000000
0000000000000000
0000000000000000
0000000000000000
1000110001110001
1000010000110000
0000000000000000
0111001110101110
1001010010110010
0001000010000010
0110001100101100
1001110011110011
0010100101100101
0101101011001011
1010110101110101
0100001000101000
0011100111000111
1010110101110101
0110001100001100
0010100101100101
1010010100010100
0111101111101111
0010000100100100
1001010010010010
0100101001001001
0110101101001101
0111001110001110
0100101001001001
0110001100101100
0111001110001110
0100101001101001
0110001100001100
0111101111101111
0110001100101100
0110101101101101
1001010010110010
0110101101001101
0110001100101100
1000110001010001
0111001110101110
0110001100101100
1000010000010000
1000010000010000
0110101101101101
0110001100001100
0110001100001100
0101101011101011
0101101011101011
0110001100101100
0110001100101100
0101101011101011
0110001100001100
0111001110101110
0111001110001110
0111001110001110
0111001110001110
0111001110001110
0111101111101111
1000010000010000
0111101111101111
0111101111101111
0111101111101111
1000010000110000
0111101111001111
0111101111101111
0111101111101111
0111101111001111
0111101111001111
0111101111101111
0111101111101111
0111101111001111
1000010000010000
1001110011110011
1001110011110011
1001110011110011
1001110011110011
1001110011110011
1001110011110011
1001110011010011
1001110011110011
1100111001011001
1110011100111100
1110011100111100
1110011100111100
1110011100111100
1110011100111100
1110011100111100
1110011100111100
1110011100111100
1110011100111100
1110011100111100
1111011110011110
1111111111111111
1111111111111111
1111111111111111
1111111111111111
1111111111111111
1111111111111111
1111111111111111
1111111111111111
1111011110111110
1010110101110101
1001110011110011
1001110011110011
1001110011110011
1001010010010010
1011010110010110
1001110011010011
1001110011010011
1001110011010011
1001110011010011
1001110011010011
1001110011010011
1001110011010011
1001110011010011
1001110011010011
1001010010010010
1000010000110000
1000010000110000
1000010000110000
1000010000110000
1000010000110000
1000010000110000
1000010000110000
1000010000110000
1001110011010011
1000110001110001
0011100111100111
0000000000000000
0000000000000000
0000000000000000
0000000000000000
0000000000000000
0000000000000000
0000000000000000
0000000000000000
0000000000000000
0000000000000000
0000000000000000
0000000000000000
0000100001000001
0011000110000110
0011000110000110
0011000110000110
0011000110000110
0011000110000110
0011000110000110
0011000110000110
0010100101100101
0011000110000110
0011000110000110
0011000110000110
0011000110000110
0011000110000110
0011000110000110
0011000110000110
0011000110000110
0011000110000110
0011000110000110
0011000110000110
0100101001101001
0110001100101100
0110001100101100
0110001100101100
0110101101001101
0110001100101100
0110001100101100
0110001100101100
0110001100101100
0110001100101100
0110001100101100
0110001100101100
0110001100101100
0110001100101100
0110001100101100
0110001100101100
0110001100101100
0110001100101100
0110001100101100
0110001100101100
1000110001110001
1001110011010011
1001110011010011
1001110011010011
1001110011010011
1001110011010011
1001110011010011
1001110011010011
1001110011010011
1001110011010011
1001110011010011
1001110011010011
1001110011010011
1001110011010011
1001110011010011
1001110011010011
1001110011010011
1001110011010011
1001110011010011
1010010100110100
1100111001111001
1100111001111001
1100111001111001
1100111001111001
1100111001111001
1100111001111001
1100111001111001
1100111001111001
1100111001111001
1100111001111001
1100111001011001
1100111001011001
1100111001011001
1100111001011001
1100111001011001
1100111001011001
1100111001011001
1100111001011001
1100111001111001
1110011100111100
1111111111111111
1111111111111111
1111111111111111
1111111111111111
1111111111111111
1111111111111111
1111111111111111
1111111111111111
1111111111111111
1111111111111111
1111111111111111
1111111111111111
1111111111011111
1010110101010101
1010010100010100
1000010000110000
1000010000110000
1000010000110000
1000010000110000
1000010000110000
1000010000110000
1000010000110000
1000010000110000
1000010000110000
1000110001110001
1000010000010000
1000010000010000
1000010000010000
1000010000010000
1000010000010000
1000010000010000
1000010000010000
0111101111101111
1001010010110010
1000110001110001
0110101101001101
0000000000000000
0000000000000000
0000000000000000
0000000000000000
0000000000000000
0000000000000000
0000000000000000
0000000000000000
0000000000000000
0000000000000000
0000000000000000
0000000000000000
0000100001000001
0011000110000110
0011000110000110
0011000110000110
0011000110000110
0011000110000110
0011000110000110
0011000110000110
0011000110000110
0011000110000110
0011000110000110
0011000110100110
0011000110000110
0011000110100110
0011000110000110
0011000110000110
0011000110000110
0011000110100110
0011000110000110
0011000110100110
0100101001101001
0110001100101100
0110001100101100
0110001100101100
0110001100101100
0110001100101100
0110001100101100
0110001100101100
0110001100101100
0110001100101100
0110001100101100
0110001100101100
0110001100101100
0110001100101100
0110001100101100
0110001100101100
0110001100101100
0110001100101100
0110001100101100
0110001100101100
1000110001110001
1001110011010011
1001110011010011
1001110011010011
1001110011010011
1001110011010011
1001110011010011
1001110011010011
1001110011010011
1001110011010011
1001110011010011
1001010010110010
1001010010110010
1001110011010011
1001110011010011
1001110011010011
1001110011010011
1001110011010011
1001110011010011
1010010100010100
1100111001011001
1100111001111001
1100111001111001
1100111001111001
1100111001111001
1100111001111001
1100111001111001
1100111001111001
1100111001111001
1100111001111001
1100111001111001
1100111001011001
1100111001011001
1100111001011001
1100111001011001
1100111001011001
1100111001011001
1100111001011001
1100111001111001
1110011100111100
1111111111111111
1111111111111111
1111111111111111
1111111111111111
1111111111111111
1111111111111111
1111111111111111
1111111111111111
1111111111111111
1111111111111111
1111111111111111
1111111111111111
1101111011111011
1000010000110000
1001110011110011
0111101111101111
1000010000010000
1000010000010000
1000010000010000
1000010000010000
1000010000010000
1000010000010000
0111110000010000
0111110000010000
1000110001110001
1000010000010000
1000010000010000
1000010000010000
1000010000010000
1000010000010000
1000010000010000
1000010000010000
1000010000010000
1001010010110010
1000110001110001
0111101111101111
0011100111100111
0000000000000000
0000000000000000
0000000000000000
0000000000000000
0000000000000000
0000000000000000
0000000000000000
0000000000000000
0000000000000000
0000000000000000
0000000000000000
0000100001000001
0011000110000110
0011000110000110
0011000110000110
0011000110000110
0011000110000110
0011000110000110
0011000110000110
0011000110000110
0011000110000110
0011000110000110
0011000110100110
0011000110000110
0011000110100110
0011000110100110
0011000110100110
0011000110100110
0011000110100110
0011000110100110
0011000110000110
0100101001001001
0110001100101100
0110001100101100
0110001100101100
0110001100101100
0110001100101100
0110001100101100
0110001100101100
0110001100101100
0110001100101100
0110001100101100
0110001100101100
0110001100101100
0110001100101100
0110001100101100
0110001100101100
0110001100101100
0110001100101100
0110001100101100
0110001100101100
1000110001110001
1001110011010011
1001110011010011
1001110011010011
1001110011010011
1001110011010011
1001110011010011
1001110011010011
1001110011010011
1001110011010011
1001110011010011
1001110011010011
1001110011010011
1001110011010011
1001110011010011
1001110011010011
1001110011010011
1001110011010011
1001110011010011
1010010100010100
1100111001011001
1100111001111001
1100111001111001
1100111001111001
1100111001111001
1100111001111001
1100111001111001
1100111001111001
1100111001111001
1100111001111001
1100111001111001
1100111001111001
1100111001111001
1100111001111001
1100111001111001
1100111001111001
1100111001111001
1100111001111001
1100111001111001
1110011100111100
1111111111111111
1111111111111111
1111111111111111
1111111111111111
1111111111111111
1111111111111111
1111111111111111
1111111111111111
1111111111111111
1111111111111111
1111111111111111
1111111111011111
1010010100110100
1000010000010000
1001110011110011
0111101111101111
1000010000010000
1000010000010000
1000010000010000
1000010000010000
1000010000010000
1000010000010000
0111110000010000
0111110000010000
1000110001110001
1000010000010000
1000010000010000
1000010000010000
1000010000010000
1000010000010000
1000010000010000
1000010000010000
1000010000010000
1001010010110010
1000110001110001
1000010000010000
0110101101101101
0000000000100000
0000000000000000
0000000000000000
0000000000000000
0000000000000000
0000000000000000
0000000000000000
0000000000000000
0000000000000000
0000000000000000
0000000000000000
0000100001000001
0011000110000110
0011000110000110
0011000110000110
0011000110000110
0011000110000110
0011000110000110
0011000110000110
0011000110000110
0011000110000110
0011000110000110
0011000110100110
0011000110100110
0011000110100110
0011000110100110
0011000110100110
0011000110100110
0011000110100110
0011000110100110
0011000110000110
0100101001001001
0110001100101100
0110001100101100
0110001100101100
0110001100101100
0110001100101100
0110001100101100
0110001100101100
0110001100101100
0110001100101100
0110001100101100
0110001100101100
0110001100101100
0110001100101100
0110001100101100
0110001100101100
0110001100101100
0110001100101100
0110001100101100
0110001100101100
1000110001110001
1001110011010011
1001110011010011
1001110011010011
1001110011010011
1001110011010011
1001110011010011
1001110011010011
1001110011010011
1001110011010011
1001110011010011
1001110011010011
1001110011010011
1001110011010011
1001110011010011
1001110011010011
1001110011010011
1001110011010011
1001110011010011
1010010100010100
1100111001011001
1100111001111001
1100111001111001
1100111001111001
1100111001111001
1100111001111001
1100111001111001
1100111001111001
1100111001111001
1100111001111001
1100111001111001
1100111001111001
1100111001111001
1100111001111001
1100111001111001
1100111001111001
1100111001111001
1100111001111001
1100111001111001
1110011100111100
1111111111111111
1111111111111111
1111111111111111
1111111111111111
1111111111111111
1111111111111111
1111111111111111
1111111111111111
1111111111111111
1111111111111111
1111111111111111
1101011010111010
1000010000010000
1000010000110000
1001110011110011
0111101111101111
1000010000010000
1000010000010000
1000010000010000
1000010000010000
1000010000010000
1000010000010000
0111110000010000
0111110000010000
1000110001110001
1000010000010000
1000010000010000
1000010000010000
1000010000010000
1000010000010000
1000010000010000
1000010000010000
1000010000010000
1001010010110010
1000110001110001
1000010000010000
1000010000010000
0100001000101000
0000000000000000
0000000000000000
0000000000000000
0000000000000000
0000000000000000
0000000000000000
0000000000000000
0000000000000000
0000000000000000
0000000000000000
0000100001000001
0011000110000110
0011000110000110
0011000110000110
0011000110000110
0011000110000110
0011000110000110
0011000110000110
0011000110000110
0011000110000110
0011000110000110
0011000110100110
0011000110100110
0011000110100110
0011000110100110
0011000110100110
0011000110100110
0011000110100110
0011000110100110
0011000110000110
0100101001001001
0110001100101100
0110001100101100
0110001100101100
0110001100101100
0110001100101100
0110001100101100
0110001100101100
0110001100101100
0110001100101100
0110001100101100
0110001100101100
0110001100101100
0110001100101100
0110001100101100
0110001100101100
0110001100101100
0110001100101100
0110001100101100
0110001100101100
1000110001110001
1001110011010011
1001110011010011
1001110011010011
1001110011010011
1001110011010011
1001110011010011
1001110011010011
1001110011010011
1001110011010011
1001110011010011
1001110011010011
1001110011010011
1001110011010011
1001110011010011
1001110011010011
1001110011010011
1001110011010011
1001110011010011
1010010100010100
1100111001011001
1100111001111001
1100111001111001
1100111001111001
1100111001111001
1100111001111001
1100111001111001
1100111001111001
1100111001111001
1100111001111001
1100111001111001
1100111001111001
1100111001111001
1100111001111001
1100111001111001
1100111001111001
1100111001111001
1100111001111001
1100111001111001
1110011100111100
1111111111111111
1111111111111111
1111111111111111
1111111111111111
1111111111111111
1111111111111111
1111111111111111
1111111111111111
1111111111111111
1111111111111111
1111011110111110
1001110011010011
1000010000010000
1000010000110000
1001110011110011
0111101111101111
1000010000010000
1000010000010000
1000010000010000
1000010000010000
1000010000010000
1000010000010000
0111110000010000
0111110000010000
1000110001110001
1000010000010000
1000010000010000
1000010000010000
0111110000010000
0111110000010000
0111110000010000
0111110000010000
1000010000010000
1001010010110010
1000110001110001
1000010000010000
1000010000010000
0111001110001110
0001100011100011
0000000000000000
0000000000000000
0000000000000000
0000000000000000
0000000000000000
0000000000000000
0000000000000000
0000000000000000
0000000000000000
0000100001000001
0011000110000110
0011000110000110
0011000110000110
0011000110000110
0011000110000110
0011000110000110
0011000110000110
0011000110000110
0011000110000110
0011000110000110
0011000110000110
0011000110100110
0011000110100110
0011000110100110
0011000110100110
0011000110100110
0011000110100110
0011000110100110
0011000110000110
0100101001001001
0110001100101100
0110001100101100
0110001100101100
0110001100101100
0110001100101100
0110001100101100
0110001100101100
0110001100101100
0110001100101100
0110001100101100
0110001100101100
0110001100101100
0110001100101100
0110001100101100
0110001100101100
0110001100101100
0110001100101100
0110001100101100
0110001100101100
1000110001110001
1001110011010011
1001110011010011
1001110011010011
1001110011010011
1001110011010011
1001110011010011
1001110011010011
1001110011010011
1001110011010011
1001110011010011
1001110011010011
1001110011010011
1001110011010011
1001110011010011
1001110011010011
1001110011010011
1001110011010011
1001110011010011
1010010100010100
1100111001011001
1100111001111001
1100111001111001
1100111001111001
1100111001111001
1100111001111001
1100111001111001
1100111001111001
1100111001111001
1100111001111001
1100111001111001
1100111001111001
1100111001111001
1100111001111001
1100111001111001
1100111001111001
1100111001111001
1100111001111001
1100111001111001
1110011100111100
1111111111111111
1111111111111111
1111111111111111
1111111111111111
1111111111111111
1111111111111111
1111111111111111
1111111111111111
1111111111111111
1111111111111111
1100011000111000
0111101111101111
1000010000010000
1000010000110000
1001110011110011
0111101111101111
0111110000010000
0111110000010000
1000010000010000
1000010000010000
1000010000010000
1000010000010000
0111110000010000
0111110000010000
1000110001110001
1000010000010000
1000010000010000
1000010000010000
0111110000010000
0111110000010000
0111110000010000
0111110000010000
1000010000010000
1001010010110010
1000110001110001
1000010000010000
1000010000010000
1000010000010000
0101101011101011
0000000000000000
0000000000000000
0000000000000000
0000000000000000
0000000000000000
0000000000000000
0000000000000000
0000000000000000
0000000000000000
0000100001000001
0011000110000110
0011000110000110
0011000110000110
0011000110000110
0011000110000110
0011000110000110
0011000110000110
0011000110000110
0011000110000110
0011000110000110
0011000110000110
0011000110000110
0011000110000110
0011000110000110
0011000110000110
0011000110000110
0011000110000110
0011000110000110
0011000110000110
0100101001001001
0110001100101100
0110001100101100
0110001100101100
0110001100101100
0110001100101100
0110001100101100
0110001100101100
0110001100101100
0110001100101100
0110001100101100
0110001100101100
0110001100101100
0110001100101100
0110001100101100
0110001100101100
0110001100101100
0110001100101100
0110001100101100
0110001100101100
1000110001110001
1001110011010011
1001110011010011
1001110011010011
1001110011010011
1001110011010011
1001110011010011
1001110011010011
1001110011010011
1001110011010011
1001110011010011
1001110011010011
1001110011010011
1001110011010011
1001110011010011
1001110011010011
1001110011010011
1001110011010011
1001110011010011
1010010100010100
1100111001011001
1100111001111001
1100111001111001
1100111001111001
1100111001111001
1100111001111001
1100111001111001
1100111001111001
1100111001111001
1100111001111001
1100111001111001
1100111001111001
1100111001111001
1100111001111001
1100111001111001
1100111001111001
1100111001111001
1100111001111001
1100111001111001
1110011100111100
1111111111111111
1111111111111111
1111111111111111
1111111111111111
1111111111111111
1111111111111111
1111111111111111
1111111111111111
1111111111111111
1110111101011101
1000110001010001
1000010000010000
1000010000010000
1000010000110000
1001110011110011
0111101111101111
0111110000010000
0111110000010000
1000010000010000
1000010000010000
1000010000010000
1000010000010000
0111110000010000
0111110000010000
1000110001110001
1000010000010000
1000010000010000
1000010000010000
0111110000010000
0111110000010000
0111110000010000
0111110000010000
1000010000010000
1001010010110010
1000110001110001
1000010000010000
1000010000010000
1000010000010000
0111101111101111
0011100111000111
0000000000000000
0000000000000000
0000000000000000
0000000000000000
0000000000000000
0000000000000000
0000000000000000
0000000000000000
0000100001000001
0011000110000110
0011000110000110
0011000110000110
0011000110000110
0011000110000110
0011000110000110
0011000110000110
0011000110000110
0011000110000110
0011000110000110
0011000110000110
0011000110000110
0011000110000110
0011000110000110
0011000110000110
0011000110000110
0011000110000110
0011000110000110
0011000110000110
0100101001101001
0110001100101100
0110001100101100
0110001100101100
0110001100101100
0110001100101100
0110001100101100
0110001100101100
0110001100101100
0110001100101100
0110001100101100
0110001100101100
0110001100101100
0110001100101100
0110001100101100
0110001100101100
0110001100101100
0110001100101100
0110001100101100
0110001100101100
1000110001110001
1001110011010011
1001110011010011
1001110011010011
1001110011010011
1001110011010011
1001110011010011
1001110011010011
1001110011010011
1001110011010011
1001110011010011
1001110011010011
1001110011010011
1001110011010011
1001110011010011
1001110011010011
1001110011010011
1001110011010011
1001110011010011
1010010100010100
1100111001011001
1100111001111001
1100111001111001
1100111001111001
1100111001111001
1100111001111001
1100111001111001
1100111001111001
1100111001111001
1100111001111001
1100111001111001
1100111001111001
1100111001111001
1100111001111001
1100111001111001
1100111001111001
1100111001111001
1100111001111001
1100111001111001
1110011100111100
1111111111111111
1111111111111111
1111111111111111
1111111111111111
1111111111111111
1111111111111111
1111111111111111
1111111111111111
1111011110111110
1010010100110100
1000010000010000
1000010000010000
1000010000010000
1000010000110000
1001110011110011
0111110000001111
0111110000010000
0111110000010000
1000010000010000
1000010000010000
1000010000010000
1000010000010000
0111110000010000
0111110000010000
1000110001010001
1000010000001111
1000001111101111
1000001111101111
0111101111101111
0111101111101111
0111101111101111
0111110000001111
1000001111101111
1001010010110010
1000110001010001
1000010000010000
0111101111101111
0111101111101111
0111101111101111
0111001110001110
0001100011000011
0000000000000000
0000000000000000
0000000000000000
0000000000000000
0000000000000000
0000000000000000
0000000000000000
0000100001000001
0011000110000110
0011000110000110
0011000110000110
0011000110000110
0011000110000110
0011000110000110
0011000110000110
0011000110000110
0011000110000110
0011000110000110
0011000110000110
0011000110000110
0011000110000110
0011000110000110
0011000110000110
0011000110000110
0011000110000110
0011000110000110
0011000110100110
0100101001101001
0110001100101100
0110001100101100
0110001100101100
0110001100101100
0110001100101100
0110001100101100
0110001100101100
0110001100101100
0110001100101100
0110001100101100
0110001100101100
0110001100101100
0110001100101100
0110001100101100
0110001100101100
0110001100101100
0110001100101100
0110001100101100
0110001100101100
1001010010010010
1001110011010011
1001110011010011
1001110011010011
1001110011010011
1001110011010011
1001110011010011
1001110011010011
1001110011010011
1001110011010011
1001110011010011
1001110011010011
1001110011010011
1001110011010011
1001110011010011
1001110011010011
1001110011010011
1001110011010011
1001110011010011
1010010100010100
1100111001111001
1100111001111001
1100111001111001
1100111001111001
1100111001111001
1100111001111001
1100111001111001
1100111001111001
1100111001111001
1100111001111001
1100111001111001
1100111001111001
1100111001111001
1100111001111001
1100111001111001
1100111001111001
1100111001111001
1100111001111001
1100111001111001
1110011100111100
1111111111111111
1111111111111111
1111111111111111
1111111111111111
1111111111111111
1111111111111111
1111111111111111
1111111111111111
1100111001011001
0111101111101111
0111101111101111
0111101111101111
0111101111101111
1000010000110000
1001110011110011
0111110000001111
1000010000001111
1000010000001111
1000010000001111
1000010000001111
1000010000001111
1000010000001111
1000010000001111
1000010000001111
1101010100101111
1101010011101101
1101010011101101
1101010011101101
1101010011101101
1101010011101101
1101010011101101
1101010011101101
1101010011101101
1101010110010010
1010110101010100
1010010100010100
1010010100010100
1010010100010100
1010010100010100
1010010100010100
1001010010010010
1010010100110100
1010010100110100
1010110101010101
1010110101010101
1010110101010101
1010110101010101
1010110101010101
1010110101010101
1010110101110101
1010110101110101
1010110101110101
1011010110010110
1011010110010110
1011010110010110
1011010110010110
1011010110010110
1010110101110101
1001010010010010
0010000100100100
0010000100000100
0010000100000100
0010000100000100
0010000100000100
0010000100000100
0010000100000100
0010000100000100
0010000100000100
0011000110100110
0100101001001001
0100001000101000
0100001000101000
0100001000101000
0100001000101000
0100001000101000
0100001000101000
0100001000101000
0100001000101000
0100001000101000
0100001000101000
0100001000101000
0100001000101000
0100001000101000
0100001000101000
0100001000101000
0100001000101000
0100001000101000
0100001000101000
0110001100101100
0110101101101101
0110101101101101
0110101101101101
0110101101101101
0110101101101101
0110101101101101
0110101101101101
0110101101101101
0110101101101101
0110101101101101
0110101101101101
0110101101101101
0110101101101101
0110101101101101
0110101101101101
0110101101101101
0110101101101101
0110101101101101
0111001110101110
1001010010010010
1001010010010010
1001010010010010
1001010010010010
1001010010010010
1001010010010010
1001010010010010
1001010010010010
1001010010010010
1010110101010101
1110011100111100
1110011100111100
1110011100111100
1110011100111100
1110011100111100
1110011100111100
1110011100111100
1110011100111100
1110011100111100
1111011110011110
1111111111111111
1111111111111111
1111111111111111
1111111111111111
1111111111111111
1111111111111111
1111111111111111
1110111101011101
1010010100110100
1010010100010100
1010010100010100
1010010100010100
1010010100010100
1010010100110100
1101010110110011
1101010011101101
1101010011101101
1101010011101101
1101010011101101
1101010011101101
1101010011101101
1101010011101101
1101010011101101
1101010011101101
1111010001100110
1111010000100100
1111010000000011
1110110000000011
1110110000000011
1110110000000011
1110110000000011
1110110000000011
1110110000100011
1110010011001011
1001010001010000
1000010000010000
1000010000010000
0111101111101111
1000010000010000
1000010000010000
1000010000010000
1101011010111010
1111111111111111
1111111111111111
1111111111111111
1111111111111111
1111111111111111
1111111111111111
1111111111111111
1111111111111111
1111111111111111
1111111111111111
1111111111111111
1111111111111111
1111111111111111
1111111111111111
1111111111111111
1111111111111111
1100111001011001
0001000010000010
0000000000000000
0000000000000000
0000000000000000
0000000000000000
0000000000000000
0000000000000000
0000000000000000
0000000000000000
0000000000000000
0000000000000000
0000000000000000
0000000000000000
0000000000000000
0000000000000000
0000000000000000
0000000000000000
0000000000000000
0000000000000000
0000000000000000
0000000000000000
0000000000000000
0000000000000000
0000000000000000
0000000000000000
0000000000000000
0000000000000000
0000000000000000
0000000000000000
0000000000000000
0000000000000000
0000000000000000
0000000000000000
0000000000000000
0000000000000000
0000000000000000
0000000000000000
0000000000000000
0000000000000000
0000000000000000
0000000000000000
0000000000000000
0000000000000000
0000000000000000
0000000000000000
0000000000000000
0000000000000000
0000000000000000
0000000000000000
0000000000000000
0000000000000000
0000000000000000
0000000000000000
0000000000000000
0000000000000000
0000000000000000
0000000000000000
0000000000000000
0111101111101111
1111111111011111
1111111111111111
1111111111111111
1111111111111111
1111111111111111
1111111111111111
1111111111111111
1111111111111111
1111111111111111
1111111111111111
1111111111111111
1111111111111111
1111111111111111
1111111111111111
1111111111111111
1111111111111111
1111011110111110
1001110011010011
0111101111101111
0111101111101111
0111110000001111
0111110000001111
0111110000010000
1000110000001111
1110010100001100
1110110000000011
1111010000000011
1111010000100011
1111010000100011
1111010000000011
1111010000000011
1111010000000011
1110110000000011
1110110000000011
1111110001100011
1111110000000000
1111110000000000
1111110000000000
1111110000000000
1111110000000000
1111110000000000
1111110000000000
1111110000000001
1110110010101001
1001010001010000
1000010000010000
1000010000010000
1000010000010000
1000010000010000
1000010000010000
1000010000010000
1000110001110001
1110011100111100
1111111111111111
1111111111111111
1111111111111111
1111111111111111
1111111111111111
1111111111111111
1111111111111111
1111111111111111
1111111111111111
1111111111111111
1111111111111111
1111111111111111
1111111111111111
1111111111111111
1111111111111111
1100111001011001
0001000010000010
0000000000000000
0000000000000000
0000000000000000
0000000000000000
0000000000000000
0000000000000000
0000000000000000
0000000000000000
0000000000000000
0000000000000000
0000000000000000
0000000000000000
0000000000000000
0000000000000000
0000000000000000
0000000000000000
0000000000000000
0000000000000000
0000000000000000
0000000000000000
0000000000000000
0000000000000000
0000000000000000
0000000000000000
0000000000000000
0000000000000000
0000000000000000
0000000000000000
0000000000000000
0000000000000000
0000000000000000
0000000000000000
0000000000000000
0000000000000000
0000000000000000
0000000000000000
0000000000000000
0000000000000000
0000000000000000
0000000000000000
0000000000000000
0000000000000000
0000000000000000
0000000000000000
0000000000000000
0000000000000000
0000000000000000
0000000000000000
0000000000000000
0000000000000000
0000000000000000
0000000000000000
0000000000000000
0000000000000000
0000000000000000
0000000000000000
0000000000000000
0111101111101111
1111111111011111
1111111111111111
1111111111111111
1111111111111111
1111111111111111
1111111111111111
1111111111111111
1111111111111111
1111111111111111
1111111111111111
1111111111111111
1111111111111111
1111111111111111
1111111111111111
1111111111111111
1111111111011111
1011010110010110
0111101111101111
1000010000010000
1000010000010000
1000010000010000
1000010000010000
0111110000010000
1000110000001111
1110110011101010
1111010000000000
1111110000000000
1111110000000000
1111110000000000
1111110000000000
1111110000000000
1111110000000000
1111110000000000
1111110000000000
1111110001100011
1111110000000000
1111110000000000
1111110000000000
1111110000000000
1111110000000000
1111110000000000
1111110000000000
1111110000000000
1110110011001001
1001010001010000
1000010000001111
1000010000001111
1000010000010000
1000010000010000
1000010000010000
1000010000010000
1000010000010000
1001110011110011
1111011110011110
1111111111111111
1111111111111111
1111111111111111
1111111111111111
1111111111111111
1111111111111111
1111111111111111
1111111111111111
1111111111111111
1111111111111111
1111111111111111
1111111111111111
1111111111111111
1111111111111111
1100111001011001
0001000010000010
0000000000000000
0000000000000000
0000000000000000
0000000000000000
0000000000000000
0000000000000000
0000000000000000
0000000000000000
0000000000000000
0000000000000000
0000000000000000
0000000000000000
0000000000000000
0000000000000000
0000000000000000
0000000000000000
0000000000000000
0000000000000000
0000000000000000
0000000000000000
0000000000000000
0000000000000000
0000000000000000
0000000000000000
0000000000000000
0000000000000000
0000000000000000
0000000000000000
0000000000000000
0000000000000000
0000000000000000
0000000000000000
0000000000000000
0000000000000000
0000000000000000
0000000000000000
0000000000000000
0000000000000000
0000000000000000
0000000000000000
0000000000000000
0000000000000000
0000000000000000
0000000000000000
0000000000000000
0000000000000000
0000000000000000
0000000000000000
0000000000000000
0000000000000000
0000000000000000
0000000000000000
0000000000000000
0000000000000000
0000000000000000
0000000000000000
0000000000000000
0111101111101111
1111111111011111
1111111111111111
1111111111111111
1111111111111111
1111111111111111
1111111111111111
1111111111111111
1111111111111111
1111111111111111
1111111111111111
1111111111111111
1111111111111111
1111111111111111
1111111111111111
1111111111111111
1100111001011001
1000010000010000
1000010000010000
1000010000010000
1000010000010000
1000010000010000
1000010000010000
0111110000010000
1000110000001111
1110110011101010
1111110000000000
1111110000000000
1111110000000000
1111110000000000
1111110000000000
1111110000000000
1111110000000000
1111110000000000
1111110000000000
1111110001100011
1111110000000000
1111110000000000
1111110000000000
1111110000000000
1111110000000000
1111110000000000
1111110000000000
1111110000000000
1110110011001001
1001010001010000
1000010000001111
1000010000010000
1000010000010000
1000010000010000
1000010000010000
1000010000010000
1000010000010000
1000010000010000
1011110111010111
1111111111011111
1111111111111111
1111111111111111
1111111111111111
1111111111111111
1111111111111111
1111111111111111
1111111111111111
1111111111111111
1111111111111111
1111111111111111
1111111111111111
1111111111111111
1111111111111111
1100111001011001
0001000010000010
0000000000000000
0000000000000000
0000000000000000
0000000000000000
0000000000000000
0000000000000000
0000000000000000
0000000000000000
0000000000000000
0000000000000000
0000000000000000
0000000000000000
0000000000000000
0000000000000000
0000000000000000
0000000000000000
0000000000000000
0000000000000000
0000000000000000
0000000000000000
0000000000000000
0000000000000000
0000000000000000
0000000000000000
0000000000000000
0000000000000000
0000000000000000
0000000000000000
0000000000000000
0000000000000000
0000000000000000
0000000000000000
0000000000000000
0000000000000000
0000000000000000
0000000000000000
0000000000000000
0000000000000000
0000000000000000
0000000000000000
0000000000000000
0000000000000000
0000000000000000
0000000000000000
0000000000000000
0000000000000000
0000000000000000
0000000000000000
0000000000000000
0000000000000000
0000000000000000
0000000000000000
0000000000000000
0000000000000000
0000000000000000
0000000000000000
0000000000000000
0111101111101111
1111111111011111
1111111111111111
1111111111111111
1111111111111111
1111111111111111
1111111111111111
1111111111111111
1111111111111111
1111111111111111
1111111111111111
1111111111111111
1111111111111111
1111111111111111
1111111111111111
1101111011011011
1000010000010000
1000010000010000
1000010000010000
1000010000010000
1000010000010000
1000010000001111
1000010000010000
0111110000010000
1000110000001111
1110110011101010
1111101111100000
1111110000000000
1111110000000000
1111110000000000
1111110000000000
1111110000000000
1111110000000000
1111110000000000
1111110000000000
1111110001100011
1111110000000000
1111110000000000
1111110000000000
1111110000000000
1111110000000000
1111110000000000
1111110000000000
1111110000000000
1110110011001001
1001010001010000
1000010000010000
1000010000010000
1000010000010000
1000010000010000
1000010000010000
1000010000010000
1000010000010000
0111101111101111
1001110011010011
1011110111010111
1111111111011111
1111111111111111
1111111111111111
1111111111111111
1111111111111111
1111111111111111
1111111111111111
1111111111111111
1111111111111111
1111111111111111
1111111111111111
1111111111111111
1111111111111111
1100111001011001
0001000010000010
0000000000000000
0000000000000000
0000000000000000
0000000000000000
0000000000000000
0000000000000000
0000000000000000
0000000000000000
0000000000000000
0000000000000000
0000000000000000
0000000000000000
0000000000000000
0000000000000000
0000000000000000
0000000000000000
0000000000000000
0000000000000000
0000000000000000
0000000000000000
0000000000000000
0000000000000000
0000000000000000
0000000000000000
0000000000000000
0000000000000000
0000000000000000
0000000000000000
0000000000000000
0000000000000000
0000000000000000
0000000000000000
0000000000000000
0000000000000000
0000000000000000
0000000000000000
0000000000000000
0000000000000000
0000000000000000
0000000000000000
0000000000000000
0000000000000000
0000000000000000
0000000000000000
0000000000000000
0000000000000000
0000000000000000
0000000000000000
0000000000000000
0000000000000000
0000000000000000
0000000000000000
0000000000000000
0000000000000000
0000000000000000
0000000000000000
0000000000000000
0111101111101111
1111111111011111
1111111111111111
1111111111111111
1111111111111111
1111111111111111
1111111111111111
1111111111111111
1111111111111111
1111111111111111
1111111111111111
1111111111111111
1111111111111111
1111111111111111
1101111011111011
1010010100110100
0111101111101111
0111101111101111
1000010000010000
1000010000010000
1000010000010000
1000010000001111
1000010000001111
0111110000010000
1000110000001111
1110110011101010
1111101111100000
1111110000000000
1111110000000000
1111110000000000
1111110000000000
1111110000000000
1111110000000000
1111110000000000
1111110000000000
1111110001100011
1111110000000000
1111110000000000
1111110000000000
1111110000000000
1111110000000000
1111110000000000
1111110000000000
1111110000000000
1110110011001001
1001010001010000
1000010000010000
1000010000010000
1000010000010000
1000010000010000
1000010000010000
1000010000010000
1000010000010000
0111101111101111
1001110011010011
1000010000110000
1011110111110111
1111111111011111
1111111111111111
1111111111111111
1111111111111111
1111111111111111
1111111111111111
1111111111111111
1111111111111111
1111111111111111
1111111111111111
1111111111111111
1111111111111111
1100111001011001
0001000010000010
0000000000000000
0000000000000000
0000000000000000
0000000000000000
0000000000000000
0000000000000000
0000000000000000
0000000000000000
0000000000000000
0000000000000000
0000000000000000
0000000000000000
0000000000000000
0000000000000000
0000000000000000
0000000000000000
0000000000000000
0000000000000000
0000000000000000
0000000000000000
0000000000000000
0000000000000000
0000000000000000
0000000000000000
0000000000000000
0000000000000000
0000000000000000
0000000000000000
0000000000000000
0000000000000000
0000000000000000
0000000000000000
0000000000000000
0000000000000000
0000000000000000
0000000000000000
0000000000000000
0000000000000000
0000000000000000
0000000000000000
0000000000000000
0000000000000000
0000000000000000
0000000000000000
0000000000000000
0000000000000000
0000000000000000
0000000000000000
0000000000000000
0000000000000000
0000000000000000
0000000000000000
0000000000000000
0000000000000000
0000000000000000
0000000000000000
0000000000000000
0111101111101111
1111111111011111
1111111111111111
1111111111111111
1111111111111111
1111111111111111
1111111111111111
1111111111111111
1111111111111111
1111111111111111
1111111111111111
1111111111111111
1111111111111111
1110011100011100
1001010010010010
1001110011110011
0111101111101111
1000010000010000
1000010000010000
1000010000010000
1000010000010000
1000010000001111
1000010000001111
0111110000010000
1000110000001111
1110110011101010
1111110000000000
1111110000000000
1111110000000000
1111110000000000
1111110000000000
1111110000000000
1111110000000000
1111110000000000
1111110000000000
1111110001100011
1111110000000000
1111110000000000
1111110000000000
1111110000000000
1111110000000000
1111110000000000
1111110000000000
1111110000000000
1110110011001001
1001010001010000
1000010000010000
1000010000010000
1000010000010000
1000010000010000
1000010000010000
1000010000010000
1000010000010000
0111101111101111
1001110011010011
1000010000110000
1000010000010000
1100011000011000
1111111111011111
1111111111111111
1111111111111111
1111111111111111
1111111111111111
1111111111111111
1111111111111111
1111111111111111
1111111111111111
1111111111111111
1111111111111111
1100111001011001
0001000010000010
0000000000000000
0000000000000000
0000000000000000
0000000000000000
0000000000000000
0000000000000000
0000000000000000
0000000000000000
0000000000000000
0000000000000000
0000000000000000
0000000000000000
0000000000000000
0000000000000000
0000000000000000
0000000000000000
0000000000000000
0000000000000000
0000000000000000
0000000000000000
0000000000000000
0000000000000000
0000000000000000
0000000000000000
0000000000000000
0000000000000000
0000000000000000
0000000000000000
0000000000000000
0000000000000000
0000000000000000
0000000000000000
0000000000000000
0000000000000000
0000000000000000
0000000000000000
0000000000000000
0000000000000000
0000000000000000
0000000000000000
0000000000000000
0000000000000000
0000000000000000
0000000000000000
0000000000000000
0000000000000000
0000000000000000
0000000000000000
0000000000000000
0000000000000000
0000000000000000
0000000000000000
0000000000000000
0000000000000000
0000000000000000
0000000000000000
0000000000000000
0111101111101111
1111111111011111
1111111111111111
1111111111111111
1111111111111111
1111111111111111
1111111111111111
1111111111111111
1111111111111111
1111111111111111
1111111111111111
1111111111111111
1110011100011100
1001010010010010
1000010000010000
1001110011110011
0111101111101111
1000010000010000
1000010000010000
1000010000010000
1000010000010000
1000010000001111
1000010000001111
1000010000010000
1000110000001111
1110110011101011
1111110000000000
1111110000000000
1111110000000000
1111110000000000
1111110000000000
1111110000000000
1111110000000000
1111110000000000
1111110000000000
1111110001100011
1111110000000000
1111110000000000
1111110000000000
1111110000000000
1111110000000000
1111110000000000
1111110000000000
1111110000000000
1110110011001001
1001010001001111
1000010000001111
1000010000010000
1000010000010000
1000010000010000
1000010000010000
0111101111101111
1000010000010000
0111101111101111
1001110011010011
1000010000110000
1000010000010000
1000001111101111
1100010111110111
1111111111011111
1111111111111111
1111111111111111
1111111111111111
1111111111111111
1111111111111111
1111111111111111
1111111111111111
1111111111111111
1111111111111111
1100111001011001
0001000010000010
0000000000000000
0000000000000000
0000000000000000
0000000000000000
0000000000000000
0000000000000000
0000000000000000
0000000000000000
0000000000000000
0000000000000000
0000000000000000
0000000000000000
0000000000000000
0000000000000000
0000000000000000
0000000000000000
0000000000000000
0000000000000000
0000000000000000
0000000000000000
0000000000000000
0000000000000000
0000000000000000
0000000000000000
0000000000000000
0000000000000000
0000000000000000
0000000000000000
0000000000000000
0000000000000000
0000000000000000
0000000000000000
0000000000000000
0000000000000000
0000000000000000
0000000000000000
0000000000000000
0000000000000000
0000000000000000
0000000000000000
0000000000000000
0000000000000000
0000000000000000
0000000000000000
0000000000000000
0000000000000000
0000000000000000
0000000000000000
0000000000000000
0000000000000000
0000000000000000
0000000000000000
0000000000000000
0000000000000000
0000000000000000
0000000000000000
0000000000000000
0111101111101111
1111111111011111
1111111111111111
1111111111111111
1111111111111111
1111111111111111
1111111111111111
1111111111111111
1111111111111111
1111111111111111
1111111111111111
1110011100011100
1000110001110001
1000010000010000
1000010000010000
1001110011110011
0111101111101111
0111110000001111
0111110000001111
0111110000001111
0111110000001111
1000010000010000
1000010000010000
1000010000010000
1000110000001111
1110110011101011
1111110000000000
1111110000000000
1111110000000000
1111110000000000
1111110000000000
1111110000000000
1111110000000000
1111110000000000
1111110000000000
1111110001100011
1111101111100000
1111101111100000
1111110000000000
1111101111100000
1111101111100000
1111101111100000
1111110000000000
1111010000000000
1110110011001001
1001010001001111
1000010000001111
1000010000010000
1000010000010000
1000010000010000
1000010000010000
0111101111101111
0111101111101111
0111101111101111
1001110011010011
1000010000110000
1000001111101111
1000001111101111
0111101111101111
1011010110110110
1111011110111110
1111111111111111
1111111111111110
1111111111111110
1111111111111110
1111111111111110
1111111111111110
1111111111111110
1111111111111110
1100111001011000
0000100001100001
0000000000000000
0000000000000000
0000000000000000
0000000000000000
0000000000000000
0000000000000000
0000000000000000
0000000000000000
0000000000000000
0000000000000000
0000000000000000
0000000000000000
0000000000000000
0000000000000000
0000000000000000
0000000000000000
0000000000000000
0000000000000000
0000000000000000
0000000000000000
0000000000000000
0000000000000000
0000000000000000
0000000000000000
0000000000000000
0000000000000000
0000000000000000
0000000000000000
0000000000000000
0000000000000000
0000000000000000
0000000000000000
0000000000000000
0000000000000000
0000000000000000
0000000000000000
0000000000000000
0000000000000000
0000000000000000
0000000000000000
0000000000000000
0000000000000000
0000000000000000
0000000000000000
0000000000000000
0000000000000000
0000000000000000
0000000000000000
0000000000000000
0000000000000000
0000000000000000
0000000000000000
0000000000000000
0000000000000000
0000000000000000
0000000000000000
0000000000000000
0111101111101111
1111111111011110
1111111111111110
1111111111111110
1111111111111110
1111111111111110
1111111111111110
1111111111111111
1111111111111111
1111111111111111
1101111011011011
1000110001010001
1000010000010000
1000010000010000
1000010000010000
1001110011110011
0111101111101111
0111110000001111
0111110000001111
0111110000001111
0111110000001111
1000001111110000
0111101111110000
0111110000010000
1000110000001111
1110110011101011
1111101111100001
1111101111100000
1111110000000000
1111110000000000
1111110000000000
1111110000000000
1111110000000000
1111110000000000
1111110000000000
1111110101001001
1111110011100111
1111110100000111
1111110100000110
1111110100000110
1111110100000110
1111110100000110
1111110100000110
1111110100000110
1111010110001101
1011010101010100
1010010100110100
1010010100110100
1010010100110100
1010010100110100
1010010100110100
1010010100010100
1010010100010100
1010010100110100
1011010110110110
1010010100110100
1010010100010100
1010010100010100
1010010100010100
1010010100010011
1100011000110110
1111011110010101
1111111111110001
1111111111110001
1111111111110001
1111111111110001
1111111111110001
1111111111110001
1111111111110001
1110011100001101
1001010010100010
1001010010100001
1001010010100001
1001110010100001
1001010010100001
1001010010100001
1001010010100001
1001010010100001
1001010010100001
1001010010100001
1001010010100001
1001010010100001
1001010010100001
1001010010100001
1001010010100001
1001010010100001
1001010010100001
1001010010100001
1001010010100001
1001010010100001
1001010010100001
1001010010100001
1001010010100001
1001110001100010
1000100110100000
1000100000100000
1001000000000000
1000100000100000
1000100000100000
1000100000100000
1000100000100000
1000100000100000
1001000000100000
1000100011000000
1001001111000010
1001110010000010
1001010010100001
1001010010100001
1001010010100001
1001010010100001
1001010010100001
1001010010100001
1001010010100001
1001010010100001
1001010010100001
1001010010100001
1001010010100001
1001010010100001
1001010010100001
1001010010100001
1001010010100001
1001010010100001
1001010010100001
1001010010100001
1001010010100001
1001010010100001
1001010010100001
1001010010100001
1011110111001000
1111111111110001
1111111111110001
1111111111110001
1111111111110001
1111111111110001
1111111111110001
1111111111110001
1111111111010011
1101111011110111
1010010100110100
1010010100010100
1010010100110100
1010010100110100
1010010100110100
1011010110110110
1010010100010100
1010010100110100
1010010100110100
1010010100110100
1010010100110100
1010010100010100
1010010100010100
1010010100010100
1010110100110100
1111010110101111
1111110100000111
1111110011100110
1111110100000110
1111110100000110
1111110100000110
1111110100000110
1111110100000110
1111110100000110
1111110100000110
1111010001100100
1111010000000001
1111010000000001
1111010000000001
1111010000000001
1111010000000001
1111010000000001
1111010000000001
1111010000000001
1110110011001010
1001010001010000
1000001111110000
0111101111101111
0111101111101111
0111101111101111
0111101111101111
0111101111101111
1000010000010000
0111101111101111
1001110011010011
1000010000110000
1000010000010000
0111101111101111
0111110000010000
0111110000001111
1000001111101110
1001110011101011
1110011100001000
1111111111000011
1111111111100010
1111111111100010
1111111111100010
1111111111100010
1111111111100010
1111111111100010
1111111111100010
1111111111100011
1111111111100010
1111111111100010
1111111111100011
1111111111100011
1111111111100011
1111111111100011
1111111111100010
1111111111100010
1111111111100010
1111111111100010
1111111111100011
1111111111100011
1111111111100011
1111111111100011
1111111111100010
1111111111100010
1111111111100010
1111111111100010
1111111111100011
1111111111100011
1111111111100011
1111111110100100
1110101100000001
1110100001000000
1111000000100001
1111000001000000
1111000001000001
1111000001000001
1111000001000001
1111000001000001
1111000000100001
1110000101100000
1111011001100100
1111111111000011
1111111111100010
1111111111100010
1111111111100010
1111111111100010
1111111111100010
1111111111100010
1111111111100010
1111111111100010
1111111111100010
1111111111100010
1111111111100010
1111111111100010
1111111111100010
1111111111100010
1111111111100010
1111111111100010
1111111111100010
1111111111100010
1111111111100010
1111111111100010
1111111111100010
1111111111100010
1111111111100011
1111111111100010
1111111111100010
1111111111100010
1111111111100010
1111111111100010
1111111111100010
1111011110000110
1100010111101010
1000010000001101
0111101111101111
0111101111101111
0111101111101111
1000010000010000
1000010000010000
1001110011110011
0111101111101111
0111110000001111
0111110000001111
0111110000001111
0111110000001111
1000001111101111
1000001111110000
0111101111110000
1000110000001111
1110010011101011
1111010000000010
1111110000000001
1111010000000001
1111010000000001
1111110000000001
1111110000000001
1111110000000001
1111010000000001
1111010000000001
1111110001100011
1111110000000000
1111110000000000
1111110000000000
1111110000000000
1111110000000000
1111110000000000
1111110000000000
1111101111100000
1110110011001001
1001010001010000
0111110000010000
1000010000010000
1000010000010000
1000010000010000
1000010000010000
1000010000010000
1000010000010000
0111101111101111
1001110011010011
1000010000110000
1000010000010000
1000010000010000
1000010000010000
1000010000010000
1000010000010000
1000010000001111
1001010010001011
1101111010100111
1111111111100011
1111111111100000
1111111111100000
1111111111100000
1111111111100000
1111111111100000
1111111111100000
1111111111100000
1111111111100000
1111111111100000
1111111111100000
1111111111100000
1111111111100000
1111111111100000
1111111111100000
1111111111100000
1111111111100000
1111111111100000
1111111111100000
1111111111100000
1111111111100000
1111111111100000
1111111111100000
1111111111100000
1111111111100000
1111111111100000
1111111111100000
1111111111100000
1111111111100000
1111111110100010
1111001011100000
1111100000000000
1111100000000000
1111100000000000
1111100000000000
1111100000000000
1111100000000000
1111100000000000
1111100000000000
1111000101100000
1111111001100010
1111111111000000
1111111111100000
1111111111100000
1111111111100000
1111111111100000
1111111111100000
1111111111100000
1111111111100000
1111111111100000
1111111111100000
1111111111100000
1111111111100000
1111111111100000
1111111111100000
1111111111100000
1111111111100000
1111111111100000
1111111111100000
1111111111100000
1111111111100000
1111111111100000
1111111111100000
1111111111100000
1111111111100000
1111111111100000
1111111111100000
1111111111100000
1111111111100000
1111111111100001
1110111101100110
1011010101101001
1000010000001101
0111110000001111
0111110000001111
0111110000001111
0111110000001111
1000010000010000
1000010000010000
1001110011110011
0111101111101111
1000010000010000
0111110000001111
0111110000001111
1000010000001111
1000001111110000
1000010000010000
0111110000010000
1000110000001111
1110110011101010
1111110000000000
1111110000000000
1111110000000000
1111110000000000
1111110000000000
1111110000000000
1111110000000000
1111110000000000
1111110000000000
1111110001100011
1111110000000000
1111110000000000
1111110000000000
1111110000000000
1111110000000000
1111110000000000
1111110000000000
1111101111100000
1110110011001001
1001010001010000
0111110000001111
1000010000010000
1000010000010000
1000010000010000
1000010000010000
1000010000010000
1000010000010000
0111101111101111
1001110011010011
1000010000110000
1000010000010000
1000010000010000
1000010000010000
1000010000010000
1000010000010000
1000010000010000
1000010000001111
1000010000101100
1100111001101010
1111011110100101
1111111111100001
1111111111100000
1111111111100000
1111111111100000
1111111111100000
1111111111100000
1111111111100000
1111111111100000
1111111111100000
1111111111100000
1111111111100000
1111111111100000
1111111111100000
1111111111100000
1111111111100000
1111111111100000
1111111111100000
1111111111100000
1111111111100000
1111111111100000
1111111111100000
1111111111100000
1111111111100000
1111111111100000
1111111111100000
1111111111100000
1111111111100000
1111111110100010
1111001011100000
1111100000000000
1111100000000000
1111100000000000
1111100000000000
1111100000000000
1111100000000000
1111100000000000
1111100000000000
1111000101000000
1111111001000010
1111111111000000
1111111111100000
1111111111100000
1111111111100000
1111111111100000
1111111111100000
1111111111100000
1111111111100000
1111111111100000
1111111111100000
1111111111100000
1111111111100000
1111111111100000
1111111111100000
1111111111100000
1111111111100000
1111111111100000
1111111111100000
1111111111100000
1111111111100000
1111111111100000
1111111111100000
1111111111100000
1111111111100000
1111111111100000
1111111111100000
1111111111100000
1111111111100011
1110011100001000
1001110011001011
1000001111101110
1000010000001111
0111110000001111
0111110000001111
0111110000001111
0111110000001111
1000010000010000
1000010000010000
1001110011110011
0111101111101111
1000010000010000
1000010000010000
1000010000010000
1000010000010000
1000001111110000
1000010000010000
0111110000010000
1000110000001111
1110110011101011
1111110000000000
1111110000000000
1111110000000000
1111110000000000
1111110000000000
1111110000000000
1111110000000000
1111110000000000
1111110000000000
1111110001100011
1111110000000000
1111110000000000
1111110000000000
1111110000000000
1111110000000000
1111110000000000
1111110000000000
1111101111100000
1110110011001001
1001010001010000
0111110000001111
1000010000010000
1000010000010000
1000010000010000
1000010000010000
1000010000010000
1000010000010000
0111101111101111
1001110011010011
1000010000110000
1000010000010000
1000010000010000
1000010000010000
1000010000010000
1000010000010000
1000010000010000
1000010000001111
0111110000001111
1010010100010010
1010010100101010
1110011100000111
1111111111000011
1111111111100001
1111111111100000
1111111111100000
1111111111100000
1111111111100000
1111111111100000
1111111111100000
1111111111100000
1111111111100000
1111111111100000
1111111111100000
1111111111100000
1111111111100000
1111111111100000
1111111111100000
1111111111100000
1111111111100000
1111111111100000
1111111111100000
1111111111100000
1111111111100000
1111111111100000
1111111111100000
1111111111100000
1111111111100000
1111111110100010
1111001011100000
1111100000000000
1111100000000000
1111100000000000
1111100000000000
1111100000000000
1111100000000000
1111100000000000
1111100000000000
1111000101000000
1111111001000010
1111111111000000
1111111111100000
1111111111100000
1111111111100000
1111111111100000
1111111111100000
1111111111100000
1111111111100000
1111111111100000
1111111111100000
1111111111100000
1111111111100000
1111111111100000
1111111111100000
1111111111100000
1111111111100000
1111111111100000
1111111111100000
1111111111100000
1111111111100000
1111111111100000
1111111111100000
1111111111100000
1111111111100000
1111111111100000
1111111111100001
1111011110100101
1100011000001000
1010010101010000
0111101111101110
1000001111110000
1000010000010000
1000010000001111
0111110000001111
0111110000001111
0111110000001111
1000010000010000
1000010000010000
1001110011110011
0111101111101111
1000010000010000
1000010000010000
1000010000010000
1000010000010000
1000010000001111
1000010000010000
0111110000010000
1000110000001111
1110110011101011
1111110000000000
1111110000000000
1111110000000000
1111110000000000
1111110000000000
1111110000000000
1111110000000000
1111110000000000
1111110000000000
1111110001100011
1111110000000000
1111110000000000
1111110000000000
1111110000000000
1111110000000000
1111110000000000
1111110000000000
1111101111100000
1110110011001001
1001010001010000
0111110000001111
1000010000010000
1000010000010000
1000010000010000
1000010000010000
1000010000010000
1000010000010000
0111101111101111
1001110011010011
1000010000110000
1000010000010000
1000010000010000
1000010000010000
1000010000010000
1000010000010000
1000010000010000
0111110000010000
0111110000001111
1010010100010011
1000010000001110
1000110001101011
1100011000101000
1111011110100100
1111111111100000
1111111111100000
1111111111100000
1111111111100000
1111111111100000
1111111111100000
1111111111100000
1111111111100000
1111111111100000
1111111111100000
1111111111100000
1111111111100000
1111111111100000
1111111111100000
1111111111100000
1111111111100000
1111111111100000
1111111111100000
1111111111100000
1111111111100000
1111111111100000
1111111111100000
1111111111100000
1111111111100000
1111111110100010
1111001011100000
1111100000000000
1111100000000000
1111100000000000
1111100000000000
1111100000000000
1111100000000000
1111100000000000
1111100000000000
1111000101000000
1111111001000010
1111111111000000
1111111111100000
1111111111100000
1111111111100000
1111111111100000
1111111111100000
1111111111100000
1111111111100000
1111111111100000
1111111111100000
1111111111100000
1111111111100000
1111111111100000
1111111111100000
1111111111100000
1111111111100000
1111111111100000
1111111111100000
1111111111100000
1111111111100000
1111111111100000
1111111111100000
1111111111100000
1111111111100000
1111111111000011
1101111011100111
1001110100001010
0111110000101110
1010010100010100
1000001111101111
1000001111110000
1000010000010000
0111110000001111
0111110000001111
0111110000001111
0111110000001111
1000010000010000
1000010000010000
1001110011110011
0111101111101111
1000010000010000
1000010000010000
1000010000010000
1000010000010000
1000010000001111
1000010000010000
0111110000010000
1000110000001111
1110110011101011
1111110000000000
1111110000000000
1111110000000000
1111110000000000
1111110000000000
1111110000000000
1111110000000000
1111110000000000
1111110000000000
1111110001100011
1111110000000000
1111110000000000
1111110000000000
1111110000000000
1111110000000000
1111110000000000
1111110000000000
1111110000000000
1110110011001001
1001010001110000
0111110000010000
1000010000010000
1000010000010000
1000010000010000
1000010000010000
1000010000010000
1000010000010000
0111101111101111
1001110011010011
1000010000110000
1000010000010000
1000010000010000
1000010000010000
1000010000010000
1000010000010000
1000010000010000
1000010000010000
0111110000010000
1010010100010100
1000010000001111
0111110000001111
1000010000001101
1010010100001010
1101111011000111
1111111111000011
1111111111100000
1111111111100000
1111111111100000
1111111111100000
1111111111100000
1111111111100000
1111111111100000
1111111111100000
1111111111100000
1111111111100000
1111111111100000
1111111111100000
1111111111100000
1111111111100000
1111111111100000
1111111111100000
1111111111100000
1111111111100000
1111111111100000
1111111111100000
1111111111100000
1111111111100000
1111111110100010
1111001011100000
1111100000000000
1111100000000000
1111100000000000
1111100000000000
1111100000000000
1111100000000000
1111100000000000
1111100000000000
1111000101100000
1111111001100010
1111111111000000
1111111111100000
1111111111100000
1111111111100000
1111111111100000
1111111111100000
1111111111100000
1111111111100000
1111111111100000
1111111111100000
1111111111100000
1111111111100000
1111111111100000
1111111111100000
1111111111100000
1111111111100000
1111111111100000
1111111111100000
1111111111100000
1111111111100000
1111111111100000
1111111111100000
1111111111100010
1110111101100101
1011110110101000
1000010001001100
0111110000001111
0111110000010000
1010010100010100
0111101111101111
1000010000010000
0111110000010000
0111110000010000
1000010000010000
1000010000010000
1000010000010000
1000010000010000
1000010000010000
1001110011110011
0111101111101111
1000010000010000
1000010000010000
1000010000010000
1000010000010000
1000010000001111
1000010000001111
0111110000010000
1000110000001111
1110110011101011
1111110000000001
1111101111100000
1111110000000000
1111110000000000
1111101111100000
1111101111100000
1111101111100000
1111110000000000
1111110000000000
1111110001100011
1111110000000000
1111110000000000
1111110000000000
1111110000000000
1111110000000000
1111110000000000
1111110000000000
1111110000000000
1110110011001001
1001010001010000
0111110000010000
1000010000010000
1000010000010000
1000010000010000
1000010000010000
1000010000010000
1000010000010000
0111101111101111
1001110011010011
1000010000110000
1000010000010000
1000010000010000
1000010000010000
1000010000010000
1000010000010000
1000010000010000
1000010000010000
1000010000010000
1010010100010100
1000010000010000
0111110000010000
0111110000010000
1000010000001111
1000010000101100
1011010110001001
1110011100100110
1111111111000011
1111111111100000
1111111111100000
1111111111100000
1111111111100000
1111111111100000
1111111111100000
1111111111100000
1111111111100000
1111111111100000
1111111111100000
1111111111100000
1111111111100000
1111111111100000
1111111111100000
1111111111100000
1111111111100000
1111111111100000
1111111111100000
1111111111100000
1111111111100000
1111111110100010
1111001011100000
1111100000000000
1111100000000000
1111100000000000
1111100000000000
1111100000000000
1111100000000000
1111100000000000
1111100000000000
1111000101100000
1111111001100010
1111111111000000
1111111111100000
1111111111100000
1111111111100000
1111111111100000
1111111111100000
1111111111100000
1111111111100000
1111111111100000
1111111111100000
1111111111100000
1111111111100000
1111111111100000
1111111111100000
1111111111100000
1111111111100000
1111111111100000
1111111111100000
1111111111100000
1111111111100000
1111111111100010
1111011110000100
1100111001001001
1001010010001011
1000010000001110
0111101111110000
0111110000010000
1000010000010000
1010010100010100
0111110000001111
0111110000001111
0111110000001111
0111110000001111
1000010000010000
1000010000010000
1000010000010000
1000010000010000
1000010000010000
1001110011110011
0111101111101111
1000010000010000
1000010000010000
1000010000010000
1000010000010000
1000010000001111
1000010000001111
0111110000010000
1000110000001111
1110110011101011
1111110000000000
1111110000000000
1111110000000000
1111110000000000
1111110000000000
1111110000000000
1111110000000000
1111110000000000
1111110000000000
1111110001100100
1111101111100000
1111110000000000
1111110000000000
1111110000000000
1111101111100000
1111101111100000
1111110000000000
1111110000000000
1110110011001010
1001010001110000
1000010000010000
1000010000010000
1000010000010000
1000010000010000
1000010000010000
1000010000010000
1000010000010000
1000010000010000
1001110011010011
1000010000110000
1000010000010000
1000010000010000
1000010000010000
1000010000010000
1000010000010000
1000010000010000
1000010000010000
1000010000010000
1010010100010100
1000010000010000
1000010000010000
0111110000010000
0111110000010000
0111110000010000
1000010000001111
1000110001101100
1011010111001001
1110011101000110
1111111111000011
1111111111100000
1111111111100000
1111111111100000
1111111111100000
1111111111100000
1111111111100000
1111111111100000
1111111111100000
1111111111100000
1111111111100000
1111111111100000
1111111111100000
1111111111100000
1111111111100000
1111111111100000
1111111111100000
1111111111100000
1111111111100000
1111111110100010
1111001011100000
1111100000000000
1111100000000000
1111100000000000
1111100000000000
1111100000000000
1111100000000000
1111100000000000
1111100000000000
1111000101100000
1111111001100010
1111111111000000
1111111111100000
1111111111100000
1111111111100000
1111111111100000
1111111111100000
1111111111100000
1111111111100000
1111111111100000
1111111111100000
1111111111100000
1111111111100000
1111111111100000
1111111111100000
1111111111100000
1111111111100000
1111111111100000
1111111111100000
1111111111100010
1111011110100100
1101011010001000
1001110011101010
1000010000001101
1000010000001111
1000010000010000
1000010000010000
1000010000010000
0111110000010000
1010010100110100
0111101111101111
1000010000110000
1000010000001111
1000010000010000
1000010000010000
1000010000010000
1000010000010000
1000010000010000
1000010000010000
1001110011110011
0111101111101111
1000010000010000
1000010000010000
1000010000010000
1000010000010000
1000010000001111
1000010000001111
0111110000010000
1000110000001111
1110110100001011
1111110000000001
1111110000000000
1111110000000000
1111110000000000
1111110000000000
1111110000000000
1111110000000000
1111110000000000
1111110000000000
1111010011001000
1111010001100110
1111010001100110
1111010010000110
1111110001100110
1111110001100110
1111110001100110
1111010001100110
1111010010000110
1110110100101100
1001110010110001
1000110001110001
1000110001110001
1000110001110001
1000110001110001
1000110001110001
1000110001110001
1000110001110001
1000110001010001
1010010100010100
1001010010010010
1000110001010001
1000110001010001
1000110001110001
1000110001110001
1000110001110001
1000110001110001
1000110001110001
1000110001010001
1010110101010101
1000110001110001
1000110001110001
1000110001110001
1000110001110001
1000110001110001
1000110001110001
1000110001010001
1000110001010000
1001010011001110
1100111001101101
1110111101001000
1111111111100100
1111111111100001
1111111111100000
1111111111100000
1111111111100000
1111111111100000
1111111111100000
1111111111100000
1111111111100000
1111111111100000
1111111111100000
1111111111100000
1111111111100000
1111111111100000
1111111111100000
1111111111100000
1111111111100000
1111111110100010
1111001011100000
1111100000000000
1111100000000000
1111100000000000
1111100000000000
1111100000000000
1111100000000000
1111100000000000
1111100000000000
1111000101100000
1111111001100010
1111111111000000
1111111111100000
1111111111100000
1111111111100000
1111111111100000
1111111111100000
1111111111100000
1111111111100000
1111111111100000
1111111111100000
1111111111100000
1111111111100000
1111111111100000
1111111111100000
1111111111100000
1111111111100000
1111111111100011
1111011111000110
1101111011101011
1010010100101101
1000110001101111
1000110001110001
1000110001110001
1001010001110001
1000110001110001
1000110001110001
1000110001110010
1000110001110001
1010110101110101
1000110001010001
1000110001110001
1000110001110001
1000110001110001
1000110001110001
1000110001110001
1000110001110001
1000110001110001
1000110001110001
1010010100110100
1000110001010001
1000110001110001
1000110001110001
1000110001110001
1000110001110001
1000110001110001
1000110001110001
1000110001110001
1001010001110001
1110010101001110
1111010010000111
1111010010000110
1111010010000110
1111010010000110
1111010010000110
1111010001100110
1111010001100110
1111010001100110
1111010001100110
1011010011010001
1011010010001111
1011010010001111
1011010010001111
1011010010001111
1011010010001111
1011010010001111
1011010010001111
1010110010001110
1011110100110010
1001110011110011
1001010010110010
1001010010110010
1001010010110010
1001010010110010
1001010010110010
1001010010110010
1001010010110010
1001010010010010
1010110101010101
1001110011010011
1001010010110010
1001010010110010
1001010010110010
1001010010110010
1001010010110010
1001010010110010
1001010010110010
1001010010010010
1011010110010110
1001010010110010
1001010010110010
1001010010110010
1001010010110010
1001010010110010
1001010010110010
1001010010110010
1001010010010010
1001010010110010
1011010110010100
1001110011001110
1010110101101011
1101011010101000
1111011110000100
1111111111100011
1111111111100001
1111111111100000
1111111111100000
1111111111100000
1111111111100000
1111111111100000
1111111111100000
1111111111100000
1111111111100000
1111111111100000
1111111111100000
1111111111100000
1111111111100000
1111111110100010
1111001011100000
1111100000000000
1111100000000000
1111100000000000
1111100000000000
1111100000000000
1111100000000000
1111100000000000
1111100000000000
1111000101100000
1111111001100010
1111111111000000
1111111111100000
1111111111100000
1111111111100000
1111111111100000
1111111111100000
1111111111100000
1111111111100000
1111111111100000
1111111111100000
1111111111100000
1111111111100000
1111111111100000
1111111111100010
1111011111000100
1110011100100110
1011110111001001
1010010100001101
1011010110010011
1001010010110010
1001010010110010
1001010010010010
1001010010010010
1001010010110010
1001010010110010
1001010010110010
1001010010110010
1001010010010010
1011010110010110
1001010010010010
1001010010010010
1001010010110010
1001010010110010
1001010010110010
1001010010110010
1001010010110010
1001010010110010
1001010010110010
1010110101110101
1001010010110010
1001010010110010
1001010010110010
1001010010110010
1001010010110010
1001010010110010
1001010010110010
1001010010110010
1001110011010011
1011110101110011
1010110001101111
1011010010001111
1011010010001111
1011010010001111
1011010010001111
1011010010001111
1011010010001111
1011010010001111
1011010010001111
1000110001010001
0111101111110000
0111101111110000
0111101111110000
0111101111110000
0111101111110000
0111101111110000
0111101111110000
0111101111110000
1001010010010010
1000110001010001
1000010000010000
0111110000001111
0111110000001111
0111110000001111
0111110000001111
0111101111101111
0111101111101111
0111101111101111
1001110011010011
1000010000110000
1000010000010000
1000010000010000
1000010000010000
1000010000010000
1000010000010000
0111101111101111
0111101111101111
0111101111101111
1010010100010100
0111101111101111
0111101111101111
0111101111101111
0111101111101111
0111101111101111
0111101111101111
0111101111101111
0111101111101111
1000001111101111
1010010100010011
1000001111101111
1000010000001111
1000010000001101
1001010010101011
1011010111001001
1101111011100110
1111011110100100
1111111111000011
1111111111100001
1111111111100000
1111111111100000
1111111111100000
1111111111100000
1111111111100000
1111111111100000
1111111111100000
1111111111100000
1111111111100000
1111111110100010
1111001011100000
1111100000000000
1111100000000000
1111100000000000
1111100000000000
1111100000000000
1111100000000000
1111100000000000
1111100000000000
1111000101100000
1111111001100010
1111111111000000
1111111111100000
1111111111100000
1111111111100000
1111111111100000
1111111111100000
1111111111100000
1111111111100000
1111111111100000
1111111111100001
1111111111100010
1111111111000100
1110011101000101
1100111001101000
1010010100001011
1000010001001101
1000010000001110
0111101111101111
1001110011110011
1000010000010000
1000010000010000
0111101111101111
0111101111101111
1000010000010000
0111101111101111
0111101111101111
1000010000010000
0111101111101111
1010010100010100
0111101111101111
0111101111101111
0111101111101111
0111101111101111
0111101111101111
0111101111101111
0111101111101111
0111101111101111
1000010000010000
1001110011110011
0111101111101111
0111101111101111
0111101111101111
0111101111101111
0111101111101111
0111101111101111
0111101111101111
0111101111101111
1000010000010000
1001110011110011
0111110000010000
0111101111110000
0111101111110000
0111101111110000
0111101111110000
0111101111110000
0111101111110000
0111101111110000
0111101111110000
1000110001110010
1000010000010000
1000010000010000
1000010000010000
1000010000010000
1000010000010000
1000010000010000
1000010000010000
0111101111101111
1001010010110010
1000110001110001
1000010000010000
1000010000010000
1000010000010000
1000010000010000
1000010000010000
1000010000010000
1000010000010000
0111101111101111
1001110011010011
1000010000110000
1000010000010000
1000010000010000
1000010000010000
1000010000010000
1000010000010000
1000010000010000
1000010000010000
0111101111101111
1010010100010100
1000010000010000
1000010000010000
1000010000010000
1000010000010000
1000010000010000
1000010000010000
1000010000010000
1000010000010000
1000010000001111
1010010100010100
1000001111101111
1000010000010000
0111110000010000
0111110000001111
0111110000001110
1000010000101101
1001010010101011
1011010110101001
1101011010100111
1110111101100101
1111111111000100
1111111111000010
1111111111100010
1111111111100001
1111111111100000
1111111111100000
1111111111100000
1111111111100000
1111111110100010
1111001011100000
1111100000000000
1111100000000000
1111100000000000
1111100000000000
1111100000000000
1111100000000000
1111100000000000
1111100000000000
1111000101100000
1111111001100010
1111111111000000
1111111111100000
1111111111100000
1111111111100000
1111111111100000
1111111111100001
1111111111100010
1111111111100011
1111011110100100
1110011011100110
1100011000001000
1010010100001010
1000110001001100
1000010000001101
1000010000001111
1000010000010000
0111110000010000
0111101111101111
1010010011110100
1000010000010000
1000010000010000
1000010000010000
1000010000010000
1000010000010000
1000010000010000
1000010000010000
1000010000010000
0111101111101111
1010010100010100
0111101111101111
1000010000010000
1000010000010000
1000010000010000
1000010000010000
1000010000010000
1000010000010000
1000010000010000
1000010000010000
1001110011110011
0111101111101111
1000010000010000
1000010000010000
1000010000010000
1000010000010000
1000010000010000
1000010000010000
1000010000010000
1000010000110000
1001110011110011
0111110000001111
0111110000010000
0111110000010000
1000010000010000
1000010000010000
1000010000010000
1000010000010000
0111110000010000
0111110000010000
1000110001110001
1000010000001111
1000010000001111
1000010000001111
1000010000001111
1000010000001111
1000010000001111
1000010000001111
0111101111101111
1001010010110010
1000110001110001
1000010000010000
1000010000010000
1000010000010000
1000010000010000
1000010000010000
1000010000010000
1000010000010000
0111101111101111
1001110011010011
1000010000110000
1000010000010000
1000010000010000
1000010000010000
1000010000010000
1000010000010000
1000010000010000
1000010000010000
0111101111101111
1010010100010100
1000010000010000
1000010000010000
1000010000010000
1000010000010000
1000010000010000
1000010000010000
1000010000010000
0111110000010000
0111110000001111
1010010100010100
0111101111110000
0111110000010000
0111110000010000
0111110000010000
0111110000010000
0111101111110000
1000010000010000
1000001111101110
1000010000001101
1010110101010000
1001110011101011
1011110111001001
1101011010001000
1110011100000110
1110111110000100
1111111111000100
1111111111000011
1111111111100011
1111111110100100
1110101011100001
1111000000100000
1111000000100000
1111100000000000
1111100000000000
1111100000000000
1111100000000000
1111100000000000
1111100000100000
1110100101100000
1111111001000011
1111111111000011
1111111111100011
1111111111000100
1111011110100100
1110111100100100
1101111010100110
1100011000101000
1010010101001010
1010110101001111
1000110001101110
1000010000001110
1000001111101111
1000010000001111
1000010000001111
1000010000001111
1000010000001111
1000001111110000
0111101111101111
1010010100010100
1000010000010000
1000010000010000
1000010000010000
1000010000010000
1000010000010000
1000010000010000
1000010000010000
1000010000010000
0111101111101111
1010010100010100
0111101111101111
1000010000010000
1000010000010000
1000010000010000
1000010000010000
1000010000010000
1000010000010000
1000010000010000
1000010000010000
1001110011110011
0111101111101111
1000010000010000
1000010000010000
1000010000010000
1000010000010000
1000010000010000
1000010000010000
1000010000001111
1000010000110000
1001110011110011
0111110000001111
0111110000001111
0111110000001111
1000010000001111
1000010000001111
1000010000001111
1000010000001111
0111110000001111
0111110000001111
1000110001110001
1000010000010000
1000010000010000
1000010000010000
1000010000010000
1000010000010000
1000010000010000
1000010000010000
0111101111101111
1001010010110010
1000110001010001
1000010000010000
1000010000010000
1000010000010000
1000010000010000
1000010000010000
0111110000010000
0111110000010000
0111101111101111
1001110011010011
1000010000110000
1000010000010000
1000010000010000
1000010000010000
1000010000010000
1000010000010000
1000010000010000
1000010000010000
0111101111101111
1010010100010100
1000010000010000
1000010000010000
1000010000010000
1000010000010000
1000010000010000
1000010000010000
1000010000010000
1000010000010000
0111101111101111
1010010100010100
0111101111110000
1000010000010000
1000010000010000
1000010000010000
1000010000010000
1000010000010000
1000010000010000
0111101111110000
1000010000010000
1010010100010100
0111101111101111
1000010000001110
1000010000001101
1000110001001101
1001010001101100
1001110011001100
1010110100101011
1011010111001001
1100111000001001
1101001110101010
1100000111100111
1101000110100110
1101000110000110
1101100101100110
1101100101100110
1101100101100110
1101100101100110
1101000110100110
1100001010101000
1101010110001010
1011110111001001
1010110110001010
1010010100001011
1001010010001100
1000110001001101
1000010000101101
1000010000001110
0111101111101110
1001110011110011
1000010000110001
1000010000010000
1000010000010000
1000010000010000
1000010000010000
1000010000010000
1000010000010000
1000010000010000
1000010000010000
1010010100010100
1000010000010000
0111110000010000
0111110000010000
0111110000010000
0111110000010000
0111110000001111
1000010000001111
1000010000001111
0111101111101111
1010010100010100
0111101111101111
1000010000010000
1000010000010000
1000010000010000
1000010000010000
1000010000010000
1000010000010000
1000010000010000
1000010000010000
1001110011110011
0111101111101111
1000010000010000
1000010000010000
1000010000010000
1000010000010000
1000010000010000
1000010000010000
1000010000010000
1000010000110000
1001110011110011
0111101111101111
1000010000001111
1000010000001111
1000010000010000
1000010000010000
1000010000001111
1000010000001111
1000010000001111
1000010000001111
1000110001110001
1000010000010000
1000010000010000
1000010000010000
1000010000010000
1000010000010000
1000010000010000
1000010000010000
0111101111101111
1001010010110010
1000110001010001
1000010000010000
1000010000010000
1000010000010000
1000010000010000
1000010000010000
0111110000010000
0111110000010000
0111110000001111
1001110011010011
1000010000110000
1000010000010000
1000010000010000
1000010000010000
1000010000010000
1000010000010000
1000010000010000
1000010000010000
0111101111101111
1010010100010100
1000010000010000
1000010000010000
1000010000010000
1000010000010000
1000010000010000
1000010000010000
1000010000010000
1000010000010000
0111101111101111
1010010100010100
0111101111101111
1000010000010000
1000010000010000
1000010000010000
1000010000010000
1000010000010000
1000010000010000
0111101111101111
1000010000010000
1010010100010100
0111101111101111
1000010000010000
1000010000010000
1000001111110000
1000001111110000
1000001111110000
1000001111101111
1000010000001110
1000110000001110
1010110011010010
1001001111001111
1001001110101111
1001001111001111
1001001111001111
1001101111001111
1001101111001111
1001001111001110
1001001111001110
1010010010010001
1001010001001111
1000010000001110
1000010000001110
1000010000001111
1000010000001111
1000010000010000
0111110000001111
0111110000010000
0111101111101111
1001110011110011
1000010000110000
1000010000010000
1000010000010000
1000010000010000
1000010000010000
1000010000010000
1000010000010000
1000010000010000
1000010000010000
1010010100010100
1000010000010000
0111110000010000
0111110000010000
0111110000010000
0111110000010000
0111110000001111
1000010000001111
1000010000001111
0111101111101111
1010010100010100
0111101111101111
1000010000010000
1000010000010000
1000010000010000
1000010000010000
1000010000010000
1000010000010000
1000010000010000
1000010000010000
1001110011110011
0111101111101111
1000010000010000
1000010000010000
1000010000010000
1000010000010000
1000010000010000
1000010000010000
1000010000010000
1000010000110000
1001110011110011
0111101111101111
1000010000010000
1000010000010000
1000010000010000
1000010000010000
1000010000010000
1000010000010000
1000010000010000
1000010000010000
1000110001110001
1000010000010000
1000010000010000
1000010000010000
1000010000010000
1000010000010000
1000010000010000
1000010000010000
0111101111101111
1001010010110010
1000110001010001
1000010000010000
1000010000010000
1000010000010000
1000010000010000
1000010000010000
0111110000010000
0111110000010000
0111110000001111
1001110011010011
1000010000110000
1000010000010000
1000010000010000
1000010000010000
1000010000010000
1000010000010000
1000010000010000
1000010000010000
0111101111101111
1010010100010100
1000010000010000
1000010000010000
1000010000010000
1000010000010000
1000010000010000
1000010000010000
1000010000010000
1000010000010000
0111101111101111
1010010100010100
0111101111101111
1000010000010000
1000010000010000
1000010000010000
1000010000010000
1000010000010000
1000010000010000
0111101111101111
1000010000010000
1010010100010100
0111101111101111
1000010000010000
1000010000010000
1000010000001111
1000010000001111
1000001111101111
1000001111101111
1000010000001111
1000010000010000
1001110100010011
0111110000001111
1000001111101111
1000010000001111
1000010000001111
1000010000001111
1000010000001111
1000010000001111
1000010000010000
1001110011010011
1000110001010001
1000010000001111
1000010000001111
1000010000001111
1000010000001111
1000010000010000
0111110000010000
0111110000010000
0111101111101111
1001110011010011
1000010000110000
1000010000010000
1000010000010000
1000010000010000
1000010000010000
1000010000010000
1000010000010000
1000010000010000
0111101111101111
1010010100010100
1000010000010000
0111110000010000
0111110000010000
0111110000010000
0111110000010000
0111110000001111
1000010000001111
1000010000001111
0111101111101111
1010010100010100
0111101111101111
1000010000010000
1000010000010000
1000010000010000
1000010000010000
1000010000010000
1000010000010000
1000010000010000
1000010000010000
1001110011110011
0111101111101111
1000010000010000
1000010000010000
1000010000010000
1000010000010000
1000010000010000
1000010000010000
1000010000010000
1000010000110000
1001110011110011
0111101111101111
1000010000010000
1000010000010000
1000010000010000
1000010000010000
1000010000010000
1000010000010000
1000010000010000
1000010000010000
1000110001110001
1000010000010000
1000010000010000
1000010000010000
1000010000010000
1000010000010000
1000010000010000
1000010000010000
0111101111101111
1001010010110010
1000110001010001
1000010000010000
1000010000010000
1000010000010000
1000010000010000
1000010000010000
0111110000010000
0111110000010000
0111110000001111
1001110011010011
1000010000110000
1000010000010000
1000010000010000
1000010000010000
1000010000010000
1000010000010000
1000010000010000
1000010000010000
0111101111101111
1010010100010100
1000010000010000
1000010000010000
1000010000010000
1000010000010000
1000010000010000
1000010000010000
1000010000010000
1000010000010000
0111101111101111
1010010100010100
0111101111101111
1000010000010000
1000010000010000
1000010000010000
1000010000010000
1000010000010000
1000010000010000
0111101111101111
1000010000010000
1010010100010100
0111101111101111
1000010000010000
1000010000010000
1000010000010000
1000010000010000
0111101111101111
0111101111101111
0111110000010000
1000010000010000
1001110011110011
1000001111101111
1000001111110000
1000001111110000
1000010000001111
0111110000001111
1000010000001111
1000010000001111
1000010000010000
1001110011010011
1000110001010000
1000010000001111
0111110000010000
1000010000001111
1000010000001111
1000010000001111
0111110000001111
0111110000010000
0111110000001111
1001110011010011
1000010000110000
1000010000010000
1000010000010000
1000010000010000
1000010000010000
1000010000010000
1000010000010000
1000010000010000
0111101111101111
1010010100010100
1000010000010000
0111110000010000
0111110000010000
0111110000010000
0111110000010000
0111110000001111
1000010000001111
1000010000001111
0111101111101111
1010010100010100
0111101111101111
1000010000010000
1000010000010000
1000010000010000
1000010000010000
1000010000010000
1000010000010000
1000010000010000
1000010000010000
1001110011110011
0111101111101111
1000010000010000
1000010000010000
1000010000010000
1000010000010000
1000010000010000
1000010000010000
1000010000010000
1000010000110000
1001110011110011
0111101111101111
1000010000010000
1000010000010000
1000010000010000
1000010000010000
1000010000010000
1000010000010000
1000010000010000
1000010000010000
1000110001110001
1000010000010000
1000010000010000
1000010000010000
1000010000010000
1000010000010000
1000010000010000
1000010000010000
1000010000010000
1001010010110010
1000110001010001
1000010000010000
1000010000010000
1000010000010000
1000010000010000
1000010000010000
1000010000010000
1000010000010000
0111101111101111
1001110011010011
1000010000110000
1000010000010000
1000010000010000
1000010000010000
1000010000010000
1000010000010000
1000010000010000
1000010000010000
0111101111101111
1010010100010100
1000010000010000
1000010000010000
1000010000010000
1000010000010000
1000010000010000
1000010000010000
1000010000010000
1000010000010000
0111101111101111
1010010100010100
0111101111101111
1000010000010000
1000010000010000
1000010000010000
1000010000010000
1000010000010000
1000010000010000
1000010000010000
1000010000010000
1010010100110100
1000010000010000
1000010000010000
1000010000010000
1000010000010000
1000010000010000
0111110000001111
0111110000001111
1000010000010000
1000010000110000
1010010100010100
1000010000010000
1000010000010000
1000010000010000
1000010000010000
1000010000010000
1000010000010000
1000010000010000
1000010000010000
1001110011010011
1000110001010001
1000010000010000
1000010000010000
1000010000010000
1000010000001111
1000010000001111
1000010000010000
1000010000010000
1000010000010000
1001110011010011
1000110001010001
1000010000010000
1000010000010000
1000010000010000
1000010000010000
1000010000010000
1000010000010000
1000010000010000
1000010000010000
1010010100010100
1000010000010000
1000010000010000
1000010000010000
1000010000010000
1000010000010000
1000010000010000
1000010000010000
1000010000010000
1000010000010000
1010010100010100
0111101111101111
1000010000010000
1000010000010000
1000010000010000
1000010000010000
1000010000010000
1000010000010000
1000010000010000
1000010000110000
1001110011110011
0111101111101111
1000010000010000
1000010000010000
1000010000010000
1000010000010000
1000010000010000
1000010000010000
1000010000010000
1000010000110000
1001110011110011
1000010000010000
1000010000010000
1000010000010000
1000010000010000
1000010000010000
1000010000010000
1000010000010000
1000010000010000
1000010000010000
1001110011110011
1001010010010010
1001010010010010
1001010010010010
1001010010010010
1001010010010010
1001010010010010
1001010010010010
1001010010010010
1010010100110100
1001110011010011
1001010010010010
1001010010010010
1001010010010010
1001010010010010
1001010010010010
1001010010010010
1001010010010010
1000110001110001
1010010100110100
1001010010110010
1001010010010010
1001010010010010
1001010010010010
1001010010010010
1001010010010010
1001010010010010
1001010010010010
1000110001110001
1010110101110101
1001010010010010
1001010010010010
1001010010010010
1001010010010010
1001010010010010
1001010010010010
1001010010010010
1001010010010010
1000110001110001
1010110101110101
1001010010010010
1001010010010010
1001010010010010
1001010010010010
1001010010010010
1001010010010010
1001010010010010
1001010010010010
1001010010010010
1010110101110101
1001010010010010
1001010010010010
1001010010010010
1001010010010010
1001010010010010
1001010010010010
1001010010010010
1001010010010010
1001010010010010
1010110101010101
1001010010010010
1001010010010010
1001010010010010
1001010010010010
1001010010010010
1001010010010010
1001010010010010
1001010010010010
1010010100110100
1001110011010011
1001010010010010
1000110001110001
1000110001110001
1000110001110001
1000110001110001
1000110001110001
1000110001110001
1000110001110001
1010110101010101
1001010010110010
1001010010010010
1001010010010010
1001010010010010
1001010010010010
1001010010010010
1001010010010010
1001010010010010
1001010010010010
1011010110010110
1001010010010010
1000110001110001
1000110001110001
1000110001110001
1000110001110001
1000110001110001
1000110001110001
1001010010010010
1001010010010010
1011010110010110
1000110001110001
1001010010010010
1001010010010010
1001010010010010
1001010010010010
1001010010010010
1001010010010010
1001010010010010
1001010010010010
1010110101010101
1000110001110001
1001010010010010
1001010010010010
1001010010010010
1001010010010010
1001010010010010
1001010010010010
1001010010010010
1001010010110010
1010110101010101
1000110001110001
1001010010010010
1001010010010010
1001010010010010
1001010010010010
1001010010010010
1001010010010010
1001010010010010
1001010010010010
