Copyright 1986-2022 Xilinx, Inc. All Rights Reserved. Copyright 2022-2025 Advanced Micro Devices, Inc. All Rights Reserved.
------------------------------------------------------------------------------------------------------------------------------------------------------------------------------------------------------------------------
| Tool Version : Vivado v.2024.2.2 (win64) Build 6060944 Thu Mar 06 19:10:01 MST 2025
| Date         : Mon Oct 27 22:04:28 2025
| Host         : A8 running 64-bit major release  (build 9200)
| Command      : report_timing_summary -max_paths 10 -report_unconstrained -file top_level_timing_summary_routed.rpt -pb top_level_timing_summary_routed.pb -rpx top_level_timing_summary_routed.rpx -warn_on_violation
| Design       : top_level
| Device       : 7a35t-csg325
| Speed File   : -1  PRODUCTION 1.23 2018-06-13
| Design State : Routed
------------------------------------------------------------------------------------------------------------------------------------------------------------------------------------------------------------------------

Timing Summary Report

------------------------------------------------------------------------------------------------
| Timer Settings
| --------------
------------------------------------------------------------------------------------------------

  Enable Multi Corner Analysis               :  Yes
  Enable Pessimism Removal                   :  Yes
  Pessimism Removal Resolution               :  Nearest Common Node
  Enable Input Delay Default Clock           :  No
  Enable Preset / Clear Arcs                 :  No
  Disable Flight Delays                      :  No
  Ignore I/O Paths                           :  No
  Timing Early Launch at Borrowing Latches   :  No
  Borrow Time for Max Delay Exceptions       :  Yes
  Merge Timing Exceptions                    :  Yes
  Inter-SLR Compensation                     :  Conservative

  Corner  Analyze    Analyze    
  Name    Max Paths  Min Paths  
  ------  ---------  ---------  
  Slow    Yes        Yes        
  Fast    Yes        Yes        


------------------------------------------------------------------------------------------------
| Report Methodology
| ------------------
------------------------------------------------------------------------------------------------

Rule       Severity          Description                                         Violations  
---------  ----------------  --------------------------------------------------  ----------  
TIMING-4   Critical Warning  Invalid primary clock redefinition on a clock tree  1           
TIMING-6   Critical Warning  No common primary clock between related clocks      2           
TIMING-7   Critical Warning  No common node between related clocks               2           
TIMING-17  Critical Warning  Non-clocked sequential cell                         186         
TIMING-27  Critical Warning  Invalid primary clock on hierarchical pin           2           
SYNTH-10   Warning           Wide multiplier                                     3           
TIMING-16  Warning           Large setup violation                               135         
TIMING-18  Warning           Missing input or output delay                       23          

Note: This report is based on the most recent report_methodology run and may not be up-to-date. Run report_methodology on the current design for the latest report.



check_timing report

Table of Contents
-----------------
1. checking no_clock (186)
2. checking constant_clock (0)
3. checking pulse_width_clock (0)
4. checking unconstrained_internal_endpoints (522)
5. checking no_input_delay (3)
6. checking no_output_delay (32)
7. checking multiple_clock (0)
8. checking generated_clocks (0)
9. checking loops (0)
10. checking partial_input_delay (0)
11. checking partial_output_delay (0)
12. checking latch_loops (0)

1. checking no_clock (186)
--------------------------
 There are 186 register/latch pins with no clock driven by root clock pin: clk (HIGH)


2. checking constant_clock (0)
------------------------------
 There are 0 register/latch pins with constant_clock.


3. checking pulse_width_clock (0)
---------------------------------
 There are 0 register/latch pins which need pulse_width check


4. checking unconstrained_internal_endpoints (522)
--------------------------------------------------
 There are 522 pins that are not constrained for maximum delay. (HIGH)

 There are 0 pins that are not constrained for maximum delay due to constant clock.


5. checking no_input_delay (3)
------------------------------
 There are 3 input ports with no input delay specified. (HIGH)

 There are 0 input ports with no input delay but user has a false path constraint.


6. checking no_output_delay (32)
--------------------------------
 There are 32 ports with no output delay specified. (HIGH)

 There are 0 ports with no output delay but user has a false path constraint

 There are 0 ports with no output delay but with a timing clock defined on it or propagating through it


7. checking multiple_clock (0)
------------------------------
 There are 0 register/latch pins with multiple clocks.


8. checking generated_clocks (0)
--------------------------------
 There are 0 generated clocks that are not connected to a clock source.


9. checking loops (0)
---------------------
 There are 0 combinational loops in the design.


10. checking partial_input_delay (0)
------------------------------------
 There are 0 input ports with partial input delay specified.


11. checking partial_output_delay (0)
-------------------------------------
 There are 0 ports with partial output delay specified.


12. checking latch_loops (0)
----------------------------
 There are 0 combinational latch loops in the design through latch input



------------------------------------------------------------------------------------------------
| Design Timing Summary
| ---------------------
------------------------------------------------------------------------------------------------

    WNS(ns)      TNS(ns)  TNS Failing Endpoints  TNS Total Endpoints      WHS(ns)      THS(ns)  THS Failing Endpoints  THS Total Endpoints     WPWS(ns)     TPWS(ns)  TPWS Failing Endpoints  TPWS Total Endpoints  
    -------      -------  ---------------------  -------------------      -------      -------  ---------------------  -------------------     --------     --------  ----------------------  --------------------  
     -5.930     -629.194                    201                  927        0.085        0.000                      0                  927        7.000        0.000                       0                   406  


Timing constraints are not met.


------------------------------------------------------------------------------------------------
| Clock Summary
| -------------
------------------------------------------------------------------------------------------------

Clock                              Waveform(ns)       Period(ns)      Frequency(MHz)
-----                              ------------       ----------      --------------
lcd_inst/lcd_clk_pll/inst/clk_in1  {0.000 10.000}     20.000          50.000          
  clk_out1_clk_wiz_0               {0.000 10.000}     20.000          50.000          
  clkfbout_clk_wiz_0               {0.000 10.000}     20.000          50.000          
main_clk_pll/inst/clk_in1          {0.000 10.000}     20.000          50.000          
  clk_out1_clk_wiz_1               {0.000 41.667}     83.333          12.000          
  clkfbout_clk_wiz_1               {0.000 10.000}     20.000          50.000          


------------------------------------------------------------------------------------------------
| Intra Clock Table
| -----------------
------------------------------------------------------------------------------------------------

Clock                                  WNS(ns)      TNS(ns)  TNS Failing Endpoints  TNS Total Endpoints      WHS(ns)      THS(ns)  THS Failing Endpoints  THS Total Endpoints     WPWS(ns)     TPWS(ns)  TPWS Failing Endpoints  TPWS Total Endpoints  
-----                                  -------      -------  ---------------------  -------------------      -------      -------  ---------------------  -------------------     --------     --------  ----------------------  --------------------  
lcd_inst/lcd_clk_pll/inst/clk_in1                                                                                                                                                    7.000        0.000                       0                     1  
  clk_out1_clk_wiz_0                    11.061        0.000                      0                  419        0.205        0.000                      0                  419        9.500        0.000                       0                   236  
  clkfbout_clk_wiz_0                                                                                                                                                                17.845        0.000                       0                     3  
main_clk_pll/inst/clk_in1                                                                                                                                                            7.000        0.000                       0                     1  
  clk_out1_clk_wiz_1                    75.364        0.000                      0                  355        0.194        0.000                      0                  355       41.167        0.000                       0                   162  
  clkfbout_clk_wiz_1                                                                                                                                                                17.845        0.000                       0                     3  


------------------------------------------------------------------------------------------------
| Inter Clock Table
| -----------------
------------------------------------------------------------------------------------------------

From Clock          To Clock                WNS(ns)      TNS(ns)  TNS Failing Endpoints  TNS Total Endpoints      WHS(ns)      THS(ns)  THS Failing Endpoints  THS Total Endpoints  
----------          --------                -------      -------  ---------------------  -------------------      -------      -------  ---------------------  -------------------  
clk_out1_clk_wiz_1  clk_out1_clk_wiz_0       -5.930     -625.235                    185                  199        0.175        0.000                      0                  199  
clk_out1_clk_wiz_0  clk_out1_clk_wiz_1       -0.506       -3.959                     16                   66        0.085        0.000                      0                   66  


------------------------------------------------------------------------------------------------
| Other Path Groups Table
| -----------------------
------------------------------------------------------------------------------------------------

Path Group    From Clock    To Clock          WNS(ns)      TNS(ns)  TNS Failing Endpoints  TNS Total Endpoints      WHS(ns)      THS(ns)  THS Failing Endpoints  THS Total Endpoints  
----------    ----------    --------          -------      -------  ---------------------  -------------------      -------      -------  ---------------------  -------------------  


------------------------------------------------------------------------------------------------
| User Ignored Path Table
| -----------------------
------------------------------------------------------------------------------------------------

Path Group    From Clock    To Clock    
----------    ----------    --------    


------------------------------------------------------------------------------------------------
| Unconstrained Path Table
| ------------------------
------------------------------------------------------------------------------------------------

Path Group          From Clock          To Clock          
----------          ----------          --------          
(none)                                                      
(none)              clk_out1_clk_wiz_0                      
(none)              clk_out1_clk_wiz_1                      
(none)              clkfbout_clk_wiz_0                      
(none)              clkfbout_clk_wiz_1                      
(none)                                  clk_out1_clk_wiz_0  
(none)                                  clk_out1_clk_wiz_1  


------------------------------------------------------------------------------------------------
| Timing Details
| --------------
------------------------------------------------------------------------------------------------


---------------------------------------------------------------------------------------------------
From Clock:  lcd_inst/lcd_clk_pll/inst/clk_in1
  To Clock:  lcd_inst/lcd_clk_pll/inst/clk_in1

Setup :           NA  Failing Endpoints,  Worst Slack           NA  ,  Total Violation           NA
Hold  :           NA  Failing Endpoints,  Worst Slack           NA  ,  Total Violation           NA
PW    :            0  Failing Endpoints,  Worst Slack        7.000ns,  Total Violation        0.000ns
---------------------------------------------------------------------------------------------------


Pulse Width Checks
--------------------------------------------------------------------------------------
Clock Name:         lcd_inst/lcd_clk_pll/inst/clk_in1
Waveform(ns):       { 0.000 10.000 }
Period(ns):         20.000
Sources:            { lcd_inst/lcd_clk_pll/inst/clk_in1 }

Check Type        Corner  Lib Pin            Reference Pin  Required(ns)  Actual(ns)  Slack(ns)  Location         Pin
Min Period        n/a     MMCME2_ADV/CLKIN1  n/a            1.249         20.000      18.751     MMCME2_ADV_X0Y0  lcd_inst/lcd_clk_pll/inst/mmcm_adv_inst/CLKIN1
Max Period        n/a     MMCME2_ADV/CLKIN1  n/a            100.000       20.000      80.000     MMCME2_ADV_X0Y0  lcd_inst/lcd_clk_pll/inst/mmcm_adv_inst/CLKIN1
Low Pulse Width   Slow    MMCME2_ADV/CLKIN1  n/a            3.000         10.000      7.000      MMCME2_ADV_X0Y0  lcd_inst/lcd_clk_pll/inst/mmcm_adv_inst/CLKIN1
Low Pulse Width   Fast    MMCME2_ADV/CLKIN1  n/a            3.000         10.000      7.000      MMCME2_ADV_X0Y0  lcd_inst/lcd_clk_pll/inst/mmcm_adv_inst/CLKIN1
High Pulse Width  Slow    MMCME2_ADV/CLKIN1  n/a            3.000         10.000      7.000      MMCME2_ADV_X0Y0  lcd_inst/lcd_clk_pll/inst/mmcm_adv_inst/CLKIN1
High Pulse Width  Fast    MMCME2_ADV/CLKIN1  n/a            3.000         10.000      7.000      MMCME2_ADV_X0Y0  lcd_inst/lcd_clk_pll/inst/mmcm_adv_inst/CLKIN1



---------------------------------------------------------------------------------------------------
From Clock:  clk_out1_clk_wiz_0
  To Clock:  clk_out1_clk_wiz_0

Setup :            0  Failing Endpoints,  Worst Slack       11.061ns,  Total Violation        0.000ns
Hold  :            0  Failing Endpoints,  Worst Slack        0.205ns,  Total Violation        0.000ns
PW    :            0  Failing Endpoints,  Worst Slack        9.500ns,  Total Violation        0.000ns
---------------------------------------------------------------------------------------------------


Max Delay Paths
--------------------------------------------------------------------------------------
Slack (MET) :             11.061ns  (required time - arrival time)
  Source:                 lcd_inst/total_pixels0/CLK
                            (rising edge-triggered cell DSP48E1 clocked by clk_out1_clk_wiz_0  {rise@0.000ns fall@10.000ns period=20.000ns})
  Destination:            lcd_inst/state_reg[0]/CE
                            (rising edge-triggered cell FDCE clocked by clk_out1_clk_wiz_0  {rise@0.000ns fall@10.000ns period=20.000ns})
  Path Group:             clk_out1_clk_wiz_0
  Path Type:              Setup (Max at Slow Process Corner)
  Requirement:            20.000ns  (clk_out1_clk_wiz_0 rise@20.000ns - clk_out1_clk_wiz_0 rise@0.000ns)
  Data Path Delay:        8.395ns  (logic 3.047ns (36.294%)  route 5.348ns (63.706%))
  Logic Levels:           10  (CARRY4=5 LUT2=1 LUT3=1 LUT4=1 LUT6=1 MUXF7=1)
  Clock Path Skew:        -0.064ns (DCD - SCD + CPR)
    Destination Clock Delay (DCD):    1.502ns = ( 21.502 - 20.000 ) 
    Source Clock Delay      (SCD):    1.644ns
    Clock Pessimism Removal (CPR):    0.078ns
  Clock Uncertainty:      0.102ns  ((TSJ^2 + DJ^2)^1/2) / 2 + PE
    Total System Jitter     (TSJ):    0.071ns
    Discrete Jitter          (DJ):    0.192ns
    Phase Error              (PE):    0.000ns

    Location             Delay type                Incr(ns)  Path(ns)    Netlist Resource(s)
  -------------------------------------------------------------------    -------------------
                         (clock clk_out1_clk_wiz_0 rise edge)
                                                      0.000     0.000 r  
    BUFGCTRL_X0Y0        BUFG                         0.000     0.000 r  main_clk_pll/inst/clkout1_buf/O
                         net (fo=162, routed)         1.574     1.574    lcd_inst/lcd_clk_pll/inst/clk_in1
    MMCME2_ADV_X0Y0      MMCME2_ADV (Prop_mmcme2_adv_CLKIN1_CLKOUT0)
                                                     -3.337    -1.762 r  lcd_inst/lcd_clk_pll/inst/mmcm_adv_inst/CLKOUT0
                         net (fo=1, routed)           1.666    -0.096    lcd_inst/lcd_clk_pll/inst/clk_out1_clk_wiz_0
    BUFGCTRL_X0Y1        BUFG (Prop_bufg_I_O)         0.096     0.000 r  lcd_inst/lcd_clk_pll/inst/clkout1_buf/O
                         net (fo=234, routed)         1.644     1.644    lcd_inst/clk_out1
    DSP48_X0Y35          DSP48E1                                      r  lcd_inst/total_pixels0/CLK
  -------------------------------------------------------------------    -------------------
    DSP48_X0Y35          DSP48E1 (Prop_dsp48e1_CLK_P[0])
                                                      0.434     2.078 r  lcd_inst/total_pixels0/P[0]
                         net (fo=1, routed)           1.173     3.251    lcd_inst/cmd_ndata_writer/fill_display_state1_carry__2_i_9_0[0]
    SLICE_X13Y85         LUT3 (Prop_lut3_I2_O)        0.124     3.375 r  lcd_inst/cmd_ndata_writer/fill_display_state1_carry__1_i_24/O
                         net (fo=1, routed)           0.000     3.375    lcd_inst/cmd_ndata_writer/fill_display_state1_carry__1_i_24_n_0
    SLICE_X13Y85         CARRY4 (Prop_carry4_S[1]_CO[3])
                                                      0.550     3.925 r  lcd_inst/cmd_ndata_writer/fill_display_state1_carry__1_i_10/CO[3]
                         net (fo=1, routed)           0.000     3.925    lcd_inst/cmd_ndata_writer/fill_display_state1_carry__1_i_10_n_0
    SLICE_X13Y86         CARRY4 (Prop_carry4_CI_CO[3])
                                                      0.114     4.039 r  lcd_inst/cmd_ndata_writer/fill_display_state1_carry__1_i_9/CO[3]
                         net (fo=1, routed)           0.000     4.039    lcd_inst/cmd_ndata_writer/fill_display_state1_carry__1_i_9_n_0
    SLICE_X13Y87         CARRY4 (Prop_carry4_CI_CO[3])
                                                      0.114     4.153 r  lcd_inst/cmd_ndata_writer/fill_display_state1_carry__2_i_10/CO[3]
                         net (fo=1, routed)           0.000     4.153    lcd_inst/cmd_ndata_writer/fill_display_state1_carry__2_i_10_n_0
    SLICE_X13Y88         CARRY4 (Prop_carry4_CI_O[3])
                                                      0.313     4.466 r  lcd_inst/cmd_ndata_writer/fill_display_state1_carry__2_i_9/O[3]
                         net (fo=4, routed)           0.985     5.451    lcd_inst/total_pixels[31]
    SLICE_X11Y86         LUT4 (Prop_lut4_I1_O)        0.306     5.757 r  lcd_inst/pixel_count[31]_i_11/O
                         net (fo=1, routed)           0.000     5.757    lcd_inst/pixel_count[31]_i_11_n_0
    SLICE_X11Y86         CARRY4 (Prop_carry4_S[3]_CO[3])
                                                      0.401     6.158 f  lcd_inst/pixel_count_reg[31]_i_4/CO[3]
                         net (fo=6, routed)           1.601     7.759    lcd_inst/cmd_ndata_writer/CO[0]
    SLICE_X4Y86          LUT2 (Prop_lut2_I1_O)        0.150     7.909 r  lcd_inst/cmd_ndata_writer/state[4]_i_8/O
                         net (fo=1, routed)           0.971     8.879    lcd_inst/cmd_ndata_writer/state[4]_i_8_n_0
    SLICE_X6Y89          LUT6 (Prop_lut6_I5_O)        0.332     9.211 r  lcd_inst/cmd_ndata_writer/state[4]_i_3/O
                         net (fo=1, routed)           0.000     9.211    lcd_inst/cmd_ndata_writer/state[4]_i_3_n_0
    SLICE_X6Y89          MUXF7 (Prop_muxf7_I0_O)      0.209     9.420 r  lcd_inst/cmd_ndata_writer/state_reg[4]_i_1/O
                         net (fo=5, routed)           0.619    10.039    lcd_inst/state
    SLICE_X5Y86          FDCE                                         r  lcd_inst/state_reg[0]/CE
  -------------------------------------------------------------------    -------------------

                         (clock clk_out1_clk_wiz_0 rise edge)
                                                     20.000    20.000 r  
    BUFGCTRL_X0Y0        BUFG                         0.000    20.000 r  main_clk_pll/inst/clkout1_buf/O
                         net (fo=162, routed)         1.455    21.455    lcd_inst/lcd_clk_pll/inst/clk_in1
    MMCME2_ADV_X0Y0      MMCME2_ADV (Prop_mmcme2_adv_CLKIN1_CLKOUT0)
                                                     -3.133    18.322 r  lcd_inst/lcd_clk_pll/inst/mmcm_adv_inst/CLKOUT0
                         net (fo=1, routed)           1.587    19.909    lcd_inst/lcd_clk_pll/inst/clk_out1_clk_wiz_0
    BUFGCTRL_X0Y1        BUFG (Prop_bufg_I_O)         0.091    20.000 r  lcd_inst/lcd_clk_pll/inst/clkout1_buf/O
                         net (fo=234, routed)         1.502    21.502    lcd_inst/clk_out1
    SLICE_X5Y86          FDCE                                         r  lcd_inst/state_reg[0]/C
                         clock pessimism              0.078    21.580    
                         clock uncertainty           -0.102    21.478    
    SLICE_X5Y86          FDCE (Setup_fdce_C_CE)      -0.378    21.100    lcd_inst/state_reg[0]
  -------------------------------------------------------------------
                         required time                         21.100    
                         arrival time                         -10.039    
  -------------------------------------------------------------------
                         slack                                 11.061    

Slack (MET) :             11.203ns  (required time - arrival time)
  Source:                 lcd_inst/total_pixels0/CLK
                            (rising edge-triggered cell DSP48E1 clocked by clk_out1_clk_wiz_0  {rise@0.000ns fall@10.000ns period=20.000ns})
  Destination:            lcd_inst/state_reg[1]/CE
                            (rising edge-triggered cell FDCE clocked by clk_out1_clk_wiz_0  {rise@0.000ns fall@10.000ns period=20.000ns})
  Path Group:             clk_out1_clk_wiz_0
  Path Type:              Setup (Max at Slow Process Corner)
  Requirement:            20.000ns  (clk_out1_clk_wiz_0 rise@20.000ns - clk_out1_clk_wiz_0 rise@0.000ns)
  Data Path Delay:        8.255ns  (logic 3.047ns (36.913%)  route 5.208ns (63.087%))
  Logic Levels:           10  (CARRY4=5 LUT2=1 LUT3=1 LUT4=1 LUT6=1 MUXF7=1)
  Clock Path Skew:        -0.063ns (DCD - SCD + CPR)
    Destination Clock Delay (DCD):    1.503ns = ( 21.503 - 20.000 ) 
    Source Clock Delay      (SCD):    1.644ns
    Clock Pessimism Removal (CPR):    0.078ns
  Clock Uncertainty:      0.102ns  ((TSJ^2 + DJ^2)^1/2) / 2 + PE
    Total System Jitter     (TSJ):    0.071ns
    Discrete Jitter          (DJ):    0.192ns
    Phase Error              (PE):    0.000ns

    Location             Delay type                Incr(ns)  Path(ns)    Netlist Resource(s)
  -------------------------------------------------------------------    -------------------
                         (clock clk_out1_clk_wiz_0 rise edge)
                                                      0.000     0.000 r  
    BUFGCTRL_X0Y0        BUFG                         0.000     0.000 r  main_clk_pll/inst/clkout1_buf/O
                         net (fo=162, routed)         1.574     1.574    lcd_inst/lcd_clk_pll/inst/clk_in1
    MMCME2_ADV_X0Y0      MMCME2_ADV (Prop_mmcme2_adv_CLKIN1_CLKOUT0)
                                                     -3.337    -1.762 r  lcd_inst/lcd_clk_pll/inst/mmcm_adv_inst/CLKOUT0
                         net (fo=1, routed)           1.666    -0.096    lcd_inst/lcd_clk_pll/inst/clk_out1_clk_wiz_0
    BUFGCTRL_X0Y1        BUFG (Prop_bufg_I_O)         0.096     0.000 r  lcd_inst/lcd_clk_pll/inst/clkout1_buf/O
                         net (fo=234, routed)         1.644     1.644    lcd_inst/clk_out1
    DSP48_X0Y35          DSP48E1                                      r  lcd_inst/total_pixels0/CLK
  -------------------------------------------------------------------    -------------------
    DSP48_X0Y35          DSP48E1 (Prop_dsp48e1_CLK_P[0])
                                                      0.434     2.078 r  lcd_inst/total_pixels0/P[0]
                         net (fo=1, routed)           1.173     3.251    lcd_inst/cmd_ndata_writer/fill_display_state1_carry__2_i_9_0[0]
    SLICE_X13Y85         LUT3 (Prop_lut3_I2_O)        0.124     3.375 r  lcd_inst/cmd_ndata_writer/fill_display_state1_carry__1_i_24/O
                         net (fo=1, routed)           0.000     3.375    lcd_inst/cmd_ndata_writer/fill_display_state1_carry__1_i_24_n_0
    SLICE_X13Y85         CARRY4 (Prop_carry4_S[1]_CO[3])
                                                      0.550     3.925 r  lcd_inst/cmd_ndata_writer/fill_display_state1_carry__1_i_10/CO[3]
                         net (fo=1, routed)           0.000     3.925    lcd_inst/cmd_ndata_writer/fill_display_state1_carry__1_i_10_n_0
    SLICE_X13Y86         CARRY4 (Prop_carry4_CI_CO[3])
                                                      0.114     4.039 r  lcd_inst/cmd_ndata_writer/fill_display_state1_carry__1_i_9/CO[3]
                         net (fo=1, routed)           0.000     4.039    lcd_inst/cmd_ndata_writer/fill_display_state1_carry__1_i_9_n_0
    SLICE_X13Y87         CARRY4 (Prop_carry4_CI_CO[3])
                                                      0.114     4.153 r  lcd_inst/cmd_ndata_writer/fill_display_state1_carry__2_i_10/CO[3]
                         net (fo=1, routed)           0.000     4.153    lcd_inst/cmd_ndata_writer/fill_display_state1_carry__2_i_10_n_0
    SLICE_X13Y88         CARRY4 (Prop_carry4_CI_O[3])
                                                      0.313     4.466 r  lcd_inst/cmd_ndata_writer/fill_display_state1_carry__2_i_9/O[3]
                         net (fo=4, routed)           0.985     5.451    lcd_inst/total_pixels[31]
    SLICE_X11Y86         LUT4 (Prop_lut4_I1_O)        0.306     5.757 r  lcd_inst/pixel_count[31]_i_11/O
                         net (fo=1, routed)           0.000     5.757    lcd_inst/pixel_count[31]_i_11_n_0
    SLICE_X11Y86         CARRY4 (Prop_carry4_S[3]_CO[3])
                                                      0.401     6.158 f  lcd_inst/pixel_count_reg[31]_i_4/CO[3]
                         net (fo=6, routed)           1.601     7.759    lcd_inst/cmd_ndata_writer/CO[0]
    SLICE_X4Y86          LUT2 (Prop_lut2_I1_O)        0.150     7.909 r  lcd_inst/cmd_ndata_writer/state[4]_i_8/O
                         net (fo=1, routed)           0.971     8.879    lcd_inst/cmd_ndata_writer/state[4]_i_8_n_0
    SLICE_X6Y89          LUT6 (Prop_lut6_I5_O)        0.332     9.211 r  lcd_inst/cmd_ndata_writer/state[4]_i_3/O
                         net (fo=1, routed)           0.000     9.211    lcd_inst/cmd_ndata_writer/state[4]_i_3_n_0
    SLICE_X6Y89          MUXF7 (Prop_muxf7_I0_O)      0.209     9.420 r  lcd_inst/cmd_ndata_writer/state_reg[4]_i_1/O
                         net (fo=5, routed)           0.478     9.898    lcd_inst/state
    SLICE_X5Y87          FDCE                                         r  lcd_inst/state_reg[1]/CE
  -------------------------------------------------------------------    -------------------

                         (clock clk_out1_clk_wiz_0 rise edge)
                                                     20.000    20.000 r  
    BUFGCTRL_X0Y0        BUFG                         0.000    20.000 r  main_clk_pll/inst/clkout1_buf/O
                         net (fo=162, routed)         1.455    21.455    lcd_inst/lcd_clk_pll/inst/clk_in1
    MMCME2_ADV_X0Y0      MMCME2_ADV (Prop_mmcme2_adv_CLKIN1_CLKOUT0)
                                                     -3.133    18.322 r  lcd_inst/lcd_clk_pll/inst/mmcm_adv_inst/CLKOUT0
                         net (fo=1, routed)           1.587    19.909    lcd_inst/lcd_clk_pll/inst/clk_out1_clk_wiz_0
    BUFGCTRL_X0Y1        BUFG (Prop_bufg_I_O)         0.091    20.000 r  lcd_inst/lcd_clk_pll/inst/clkout1_buf/O
                         net (fo=234, routed)         1.503    21.503    lcd_inst/clk_out1
    SLICE_X5Y87          FDCE                                         r  lcd_inst/state_reg[1]/C
                         clock pessimism              0.078    21.581    
                         clock uncertainty           -0.102    21.479    
    SLICE_X5Y87          FDCE (Setup_fdce_C_CE)      -0.378    21.101    lcd_inst/state_reg[1]
  -------------------------------------------------------------------
                         required time                         21.101    
                         arrival time                          -9.898    
  -------------------------------------------------------------------
                         slack                                 11.203    

Slack (MET) :             11.203ns  (required time - arrival time)
  Source:                 lcd_inst/total_pixels0/CLK
                            (rising edge-triggered cell DSP48E1 clocked by clk_out1_clk_wiz_0  {rise@0.000ns fall@10.000ns period=20.000ns})
  Destination:            lcd_inst/state_reg[2]/CE
                            (rising edge-triggered cell FDCE clocked by clk_out1_clk_wiz_0  {rise@0.000ns fall@10.000ns period=20.000ns})
  Path Group:             clk_out1_clk_wiz_0
  Path Type:              Setup (Max at Slow Process Corner)
  Requirement:            20.000ns  (clk_out1_clk_wiz_0 rise@20.000ns - clk_out1_clk_wiz_0 rise@0.000ns)
  Data Path Delay:        8.255ns  (logic 3.047ns (36.913%)  route 5.208ns (63.087%))
  Logic Levels:           10  (CARRY4=5 LUT2=1 LUT3=1 LUT4=1 LUT6=1 MUXF7=1)
  Clock Path Skew:        -0.063ns (DCD - SCD + CPR)
    Destination Clock Delay (DCD):    1.503ns = ( 21.503 - 20.000 ) 
    Source Clock Delay      (SCD):    1.644ns
    Clock Pessimism Removal (CPR):    0.078ns
  Clock Uncertainty:      0.102ns  ((TSJ^2 + DJ^2)^1/2) / 2 + PE
    Total System Jitter     (TSJ):    0.071ns
    Discrete Jitter          (DJ):    0.192ns
    Phase Error              (PE):    0.000ns

    Location             Delay type                Incr(ns)  Path(ns)    Netlist Resource(s)
  -------------------------------------------------------------------    -------------------
                         (clock clk_out1_clk_wiz_0 rise edge)
                                                      0.000     0.000 r  
    BUFGCTRL_X0Y0        BUFG                         0.000     0.000 r  main_clk_pll/inst/clkout1_buf/O
                         net (fo=162, routed)         1.574     1.574    lcd_inst/lcd_clk_pll/inst/clk_in1
    MMCME2_ADV_X0Y0      MMCME2_ADV (Prop_mmcme2_adv_CLKIN1_CLKOUT0)
                                                     -3.337    -1.762 r  lcd_inst/lcd_clk_pll/inst/mmcm_adv_inst/CLKOUT0
                         net (fo=1, routed)           1.666    -0.096    lcd_inst/lcd_clk_pll/inst/clk_out1_clk_wiz_0
    BUFGCTRL_X0Y1        BUFG (Prop_bufg_I_O)         0.096     0.000 r  lcd_inst/lcd_clk_pll/inst/clkout1_buf/O
                         net (fo=234, routed)         1.644     1.644    lcd_inst/clk_out1
    DSP48_X0Y35          DSP48E1                                      r  lcd_inst/total_pixels0/CLK
  -------------------------------------------------------------------    -------------------
    DSP48_X0Y35          DSP48E1 (Prop_dsp48e1_CLK_P[0])
                                                      0.434     2.078 r  lcd_inst/total_pixels0/P[0]
                         net (fo=1, routed)           1.173     3.251    lcd_inst/cmd_ndata_writer/fill_display_state1_carry__2_i_9_0[0]
    SLICE_X13Y85         LUT3 (Prop_lut3_I2_O)        0.124     3.375 r  lcd_inst/cmd_ndata_writer/fill_display_state1_carry__1_i_24/O
                         net (fo=1, routed)           0.000     3.375    lcd_inst/cmd_ndata_writer/fill_display_state1_carry__1_i_24_n_0
    SLICE_X13Y85         CARRY4 (Prop_carry4_S[1]_CO[3])
                                                      0.550     3.925 r  lcd_inst/cmd_ndata_writer/fill_display_state1_carry__1_i_10/CO[3]
                         net (fo=1, routed)           0.000     3.925    lcd_inst/cmd_ndata_writer/fill_display_state1_carry__1_i_10_n_0
    SLICE_X13Y86         CARRY4 (Prop_carry4_CI_CO[3])
                                                      0.114     4.039 r  lcd_inst/cmd_ndata_writer/fill_display_state1_carry__1_i_9/CO[3]
                         net (fo=1, routed)           0.000     4.039    lcd_inst/cmd_ndata_writer/fill_display_state1_carry__1_i_9_n_0
    SLICE_X13Y87         CARRY4 (Prop_carry4_CI_CO[3])
                                                      0.114     4.153 r  lcd_inst/cmd_ndata_writer/fill_display_state1_carry__2_i_10/CO[3]
                         net (fo=1, routed)           0.000     4.153    lcd_inst/cmd_ndata_writer/fill_display_state1_carry__2_i_10_n_0
    SLICE_X13Y88         CARRY4 (Prop_carry4_CI_O[3])
                                                      0.313     4.466 r  lcd_inst/cmd_ndata_writer/fill_display_state1_carry__2_i_9/O[3]
                         net (fo=4, routed)           0.985     5.451    lcd_inst/total_pixels[31]
    SLICE_X11Y86         LUT4 (Prop_lut4_I1_O)        0.306     5.757 r  lcd_inst/pixel_count[31]_i_11/O
                         net (fo=1, routed)           0.000     5.757    lcd_inst/pixel_count[31]_i_11_n_0
    SLICE_X11Y86         CARRY4 (Prop_carry4_S[3]_CO[3])
                                                      0.401     6.158 f  lcd_inst/pixel_count_reg[31]_i_4/CO[3]
                         net (fo=6, routed)           1.601     7.759    lcd_inst/cmd_ndata_writer/CO[0]
    SLICE_X4Y86          LUT2 (Prop_lut2_I1_O)        0.150     7.909 r  lcd_inst/cmd_ndata_writer/state[4]_i_8/O
                         net (fo=1, routed)           0.971     8.879    lcd_inst/cmd_ndata_writer/state[4]_i_8_n_0
    SLICE_X6Y89          LUT6 (Prop_lut6_I5_O)        0.332     9.211 r  lcd_inst/cmd_ndata_writer/state[4]_i_3/O
                         net (fo=1, routed)           0.000     9.211    lcd_inst/cmd_ndata_writer/state[4]_i_3_n_0
    SLICE_X6Y89          MUXF7 (Prop_muxf7_I0_O)      0.209     9.420 r  lcd_inst/cmd_ndata_writer/state_reg[4]_i_1/O
                         net (fo=5, routed)           0.478     9.898    lcd_inst/state
    SLICE_X5Y87          FDCE                                         r  lcd_inst/state_reg[2]/CE
  -------------------------------------------------------------------    -------------------

                         (clock clk_out1_clk_wiz_0 rise edge)
                                                     20.000    20.000 r  
    BUFGCTRL_X0Y0        BUFG                         0.000    20.000 r  main_clk_pll/inst/clkout1_buf/O
                         net (fo=162, routed)         1.455    21.455    lcd_inst/lcd_clk_pll/inst/clk_in1
    MMCME2_ADV_X0Y0      MMCME2_ADV (Prop_mmcme2_adv_CLKIN1_CLKOUT0)
                                                     -3.133    18.322 r  lcd_inst/lcd_clk_pll/inst/mmcm_adv_inst/CLKOUT0
                         net (fo=1, routed)           1.587    19.909    lcd_inst/lcd_clk_pll/inst/clk_out1_clk_wiz_0
    BUFGCTRL_X0Y1        BUFG (Prop_bufg_I_O)         0.091    20.000 r  lcd_inst/lcd_clk_pll/inst/clkout1_buf/O
                         net (fo=234, routed)         1.503    21.503    lcd_inst/clk_out1
    SLICE_X5Y87          FDCE                                         r  lcd_inst/state_reg[2]/C
                         clock pessimism              0.078    21.581    
                         clock uncertainty           -0.102    21.479    
    SLICE_X5Y87          FDCE (Setup_fdce_C_CE)      -0.378    21.101    lcd_inst/state_reg[2]
  -------------------------------------------------------------------
                         required time                         21.101    
                         arrival time                          -9.898    
  -------------------------------------------------------------------
                         slack                                 11.203    

Slack (MET) :             11.203ns  (required time - arrival time)
  Source:                 lcd_inst/total_pixels0/CLK
                            (rising edge-triggered cell DSP48E1 clocked by clk_out1_clk_wiz_0  {rise@0.000ns fall@10.000ns period=20.000ns})
  Destination:            lcd_inst/state_reg[3]/CE
                            (rising edge-triggered cell FDCE clocked by clk_out1_clk_wiz_0  {rise@0.000ns fall@10.000ns period=20.000ns})
  Path Group:             clk_out1_clk_wiz_0
  Path Type:              Setup (Max at Slow Process Corner)
  Requirement:            20.000ns  (clk_out1_clk_wiz_0 rise@20.000ns - clk_out1_clk_wiz_0 rise@0.000ns)
  Data Path Delay:        8.255ns  (logic 3.047ns (36.913%)  route 5.208ns (63.087%))
  Logic Levels:           10  (CARRY4=5 LUT2=1 LUT3=1 LUT4=1 LUT6=1 MUXF7=1)
  Clock Path Skew:        -0.063ns (DCD - SCD + CPR)
    Destination Clock Delay (DCD):    1.503ns = ( 21.503 - 20.000 ) 
    Source Clock Delay      (SCD):    1.644ns
    Clock Pessimism Removal (CPR):    0.078ns
  Clock Uncertainty:      0.102ns  ((TSJ^2 + DJ^2)^1/2) / 2 + PE
    Total System Jitter     (TSJ):    0.071ns
    Discrete Jitter          (DJ):    0.192ns
    Phase Error              (PE):    0.000ns

    Location             Delay type                Incr(ns)  Path(ns)    Netlist Resource(s)
  -------------------------------------------------------------------    -------------------
                         (clock clk_out1_clk_wiz_0 rise edge)
                                                      0.000     0.000 r  
    BUFGCTRL_X0Y0        BUFG                         0.000     0.000 r  main_clk_pll/inst/clkout1_buf/O
                         net (fo=162, routed)         1.574     1.574    lcd_inst/lcd_clk_pll/inst/clk_in1
    MMCME2_ADV_X0Y0      MMCME2_ADV (Prop_mmcme2_adv_CLKIN1_CLKOUT0)
                                                     -3.337    -1.762 r  lcd_inst/lcd_clk_pll/inst/mmcm_adv_inst/CLKOUT0
                         net (fo=1, routed)           1.666    -0.096    lcd_inst/lcd_clk_pll/inst/clk_out1_clk_wiz_0
    BUFGCTRL_X0Y1        BUFG (Prop_bufg_I_O)         0.096     0.000 r  lcd_inst/lcd_clk_pll/inst/clkout1_buf/O
                         net (fo=234, routed)         1.644     1.644    lcd_inst/clk_out1
    DSP48_X0Y35          DSP48E1                                      r  lcd_inst/total_pixels0/CLK
  -------------------------------------------------------------------    -------------------
    DSP48_X0Y35          DSP48E1 (Prop_dsp48e1_CLK_P[0])
                                                      0.434     2.078 r  lcd_inst/total_pixels0/P[0]
                         net (fo=1, routed)           1.173     3.251    lcd_inst/cmd_ndata_writer/fill_display_state1_carry__2_i_9_0[0]
    SLICE_X13Y85         LUT3 (Prop_lut3_I2_O)        0.124     3.375 r  lcd_inst/cmd_ndata_writer/fill_display_state1_carry__1_i_24/O
                         net (fo=1, routed)           0.000     3.375    lcd_inst/cmd_ndata_writer/fill_display_state1_carry__1_i_24_n_0
    SLICE_X13Y85         CARRY4 (Prop_carry4_S[1]_CO[3])
                                                      0.550     3.925 r  lcd_inst/cmd_ndata_writer/fill_display_state1_carry__1_i_10/CO[3]
                         net (fo=1, routed)           0.000     3.925    lcd_inst/cmd_ndata_writer/fill_display_state1_carry__1_i_10_n_0
    SLICE_X13Y86         CARRY4 (Prop_carry4_CI_CO[3])
                                                      0.114     4.039 r  lcd_inst/cmd_ndata_writer/fill_display_state1_carry__1_i_9/CO[3]
                         net (fo=1, routed)           0.000     4.039    lcd_inst/cmd_ndata_writer/fill_display_state1_carry__1_i_9_n_0
    SLICE_X13Y87         CARRY4 (Prop_carry4_CI_CO[3])
                                                      0.114     4.153 r  lcd_inst/cmd_ndata_writer/fill_display_state1_carry__2_i_10/CO[3]
                         net (fo=1, routed)           0.000     4.153    lcd_inst/cmd_ndata_writer/fill_display_state1_carry__2_i_10_n_0
    SLICE_X13Y88         CARRY4 (Prop_carry4_CI_O[3])
                                                      0.313     4.466 r  lcd_inst/cmd_ndata_writer/fill_display_state1_carry__2_i_9/O[3]
                         net (fo=4, routed)           0.985     5.451    lcd_inst/total_pixels[31]
    SLICE_X11Y86         LUT4 (Prop_lut4_I1_O)        0.306     5.757 r  lcd_inst/pixel_count[31]_i_11/O
                         net (fo=1, routed)           0.000     5.757    lcd_inst/pixel_count[31]_i_11_n_0
    SLICE_X11Y86         CARRY4 (Prop_carry4_S[3]_CO[3])
                                                      0.401     6.158 f  lcd_inst/pixel_count_reg[31]_i_4/CO[3]
                         net (fo=6, routed)           1.601     7.759    lcd_inst/cmd_ndata_writer/CO[0]
    SLICE_X4Y86          LUT2 (Prop_lut2_I1_O)        0.150     7.909 r  lcd_inst/cmd_ndata_writer/state[4]_i_8/O
                         net (fo=1, routed)           0.971     8.879    lcd_inst/cmd_ndata_writer/state[4]_i_8_n_0
    SLICE_X6Y89          LUT6 (Prop_lut6_I5_O)        0.332     9.211 r  lcd_inst/cmd_ndata_writer/state[4]_i_3/O
                         net (fo=1, routed)           0.000     9.211    lcd_inst/cmd_ndata_writer/state[4]_i_3_n_0
    SLICE_X6Y89          MUXF7 (Prop_muxf7_I0_O)      0.209     9.420 r  lcd_inst/cmd_ndata_writer/state_reg[4]_i_1/O
                         net (fo=5, routed)           0.478     9.898    lcd_inst/state
    SLICE_X5Y87          FDCE                                         r  lcd_inst/state_reg[3]/CE
  -------------------------------------------------------------------    -------------------

                         (clock clk_out1_clk_wiz_0 rise edge)
                                                     20.000    20.000 r  
    BUFGCTRL_X0Y0        BUFG                         0.000    20.000 r  main_clk_pll/inst/clkout1_buf/O
                         net (fo=162, routed)         1.455    21.455    lcd_inst/lcd_clk_pll/inst/clk_in1
    MMCME2_ADV_X0Y0      MMCME2_ADV (Prop_mmcme2_adv_CLKIN1_CLKOUT0)
                                                     -3.133    18.322 r  lcd_inst/lcd_clk_pll/inst/mmcm_adv_inst/CLKOUT0
                         net (fo=1, routed)           1.587    19.909    lcd_inst/lcd_clk_pll/inst/clk_out1_clk_wiz_0
    BUFGCTRL_X0Y1        BUFG (Prop_bufg_I_O)         0.091    20.000 r  lcd_inst/lcd_clk_pll/inst/clkout1_buf/O
                         net (fo=234, routed)         1.503    21.503    lcd_inst/clk_out1
    SLICE_X5Y87          FDCE                                         r  lcd_inst/state_reg[3]/C
                         clock pessimism              0.078    21.581    
                         clock uncertainty           -0.102    21.479    
    SLICE_X5Y87          FDCE (Setup_fdce_C_CE)      -0.378    21.101    lcd_inst/state_reg[3]
  -------------------------------------------------------------------
                         required time                         21.101    
                         arrival time                          -9.898    
  -------------------------------------------------------------------
                         slack                                 11.203    

Slack (MET) :             11.203ns  (required time - arrival time)
  Source:                 lcd_inst/total_pixels0/CLK
                            (rising edge-triggered cell DSP48E1 clocked by clk_out1_clk_wiz_0  {rise@0.000ns fall@10.000ns period=20.000ns})
  Destination:            lcd_inst/state_reg[4]/CE
                            (rising edge-triggered cell FDCE clocked by clk_out1_clk_wiz_0  {rise@0.000ns fall@10.000ns period=20.000ns})
  Path Group:             clk_out1_clk_wiz_0
  Path Type:              Setup (Max at Slow Process Corner)
  Requirement:            20.000ns  (clk_out1_clk_wiz_0 rise@20.000ns - clk_out1_clk_wiz_0 rise@0.000ns)
  Data Path Delay:        8.255ns  (logic 3.047ns (36.913%)  route 5.208ns (63.087%))
  Logic Levels:           10  (CARRY4=5 LUT2=1 LUT3=1 LUT4=1 LUT6=1 MUXF7=1)
  Clock Path Skew:        -0.063ns (DCD - SCD + CPR)
    Destination Clock Delay (DCD):    1.503ns = ( 21.503 - 20.000 ) 
    Source Clock Delay      (SCD):    1.644ns
    Clock Pessimism Removal (CPR):    0.078ns
  Clock Uncertainty:      0.102ns  ((TSJ^2 + DJ^2)^1/2) / 2 + PE
    Total System Jitter     (TSJ):    0.071ns
    Discrete Jitter          (DJ):    0.192ns
    Phase Error              (PE):    0.000ns

    Location             Delay type                Incr(ns)  Path(ns)    Netlist Resource(s)
  -------------------------------------------------------------------    -------------------
                         (clock clk_out1_clk_wiz_0 rise edge)
                                                      0.000     0.000 r  
    BUFGCTRL_X0Y0        BUFG                         0.000     0.000 r  main_clk_pll/inst/clkout1_buf/O
                         net (fo=162, routed)         1.574     1.574    lcd_inst/lcd_clk_pll/inst/clk_in1
    MMCME2_ADV_X0Y0      MMCME2_ADV (Prop_mmcme2_adv_CLKIN1_CLKOUT0)
                                                     -3.337    -1.762 r  lcd_inst/lcd_clk_pll/inst/mmcm_adv_inst/CLKOUT0
                         net (fo=1, routed)           1.666    -0.096    lcd_inst/lcd_clk_pll/inst/clk_out1_clk_wiz_0
    BUFGCTRL_X0Y1        BUFG (Prop_bufg_I_O)         0.096     0.000 r  lcd_inst/lcd_clk_pll/inst/clkout1_buf/O
                         net (fo=234, routed)         1.644     1.644    lcd_inst/clk_out1
    DSP48_X0Y35          DSP48E1                                      r  lcd_inst/total_pixels0/CLK
  -------------------------------------------------------------------    -------------------
    DSP48_X0Y35          DSP48E1 (Prop_dsp48e1_CLK_P[0])
                                                      0.434     2.078 r  lcd_inst/total_pixels0/P[0]
                         net (fo=1, routed)           1.173     3.251    lcd_inst/cmd_ndata_writer/fill_display_state1_carry__2_i_9_0[0]
    SLICE_X13Y85         LUT3 (Prop_lut3_I2_O)        0.124     3.375 r  lcd_inst/cmd_ndata_writer/fill_display_state1_carry__1_i_24/O
                         net (fo=1, routed)           0.000     3.375    lcd_inst/cmd_ndata_writer/fill_display_state1_carry__1_i_24_n_0
    SLICE_X13Y85         CARRY4 (Prop_carry4_S[1]_CO[3])
                                                      0.550     3.925 r  lcd_inst/cmd_ndata_writer/fill_display_state1_carry__1_i_10/CO[3]
                         net (fo=1, routed)           0.000     3.925    lcd_inst/cmd_ndata_writer/fill_display_state1_carry__1_i_10_n_0
    SLICE_X13Y86         CARRY4 (Prop_carry4_CI_CO[3])
                                                      0.114     4.039 r  lcd_inst/cmd_ndata_writer/fill_display_state1_carry__1_i_9/CO[3]
                         net (fo=1, routed)           0.000     4.039    lcd_inst/cmd_ndata_writer/fill_display_state1_carry__1_i_9_n_0
    SLICE_X13Y87         CARRY4 (Prop_carry4_CI_CO[3])
                                                      0.114     4.153 r  lcd_inst/cmd_ndata_writer/fill_display_state1_carry__2_i_10/CO[3]
                         net (fo=1, routed)           0.000     4.153    lcd_inst/cmd_ndata_writer/fill_display_state1_carry__2_i_10_n_0
    SLICE_X13Y88         CARRY4 (Prop_carry4_CI_O[3])
                                                      0.313     4.466 r  lcd_inst/cmd_ndata_writer/fill_display_state1_carry__2_i_9/O[3]
                         net (fo=4, routed)           0.985     5.451    lcd_inst/total_pixels[31]
    SLICE_X11Y86         LUT4 (Prop_lut4_I1_O)        0.306     5.757 r  lcd_inst/pixel_count[31]_i_11/O
                         net (fo=1, routed)           0.000     5.757    lcd_inst/pixel_count[31]_i_11_n_0
    SLICE_X11Y86         CARRY4 (Prop_carry4_S[3]_CO[3])
                                                      0.401     6.158 f  lcd_inst/pixel_count_reg[31]_i_4/CO[3]
                         net (fo=6, routed)           1.601     7.759    lcd_inst/cmd_ndata_writer/CO[0]
    SLICE_X4Y86          LUT2 (Prop_lut2_I1_O)        0.150     7.909 r  lcd_inst/cmd_ndata_writer/state[4]_i_8/O
                         net (fo=1, routed)           0.971     8.879    lcd_inst/cmd_ndata_writer/state[4]_i_8_n_0
    SLICE_X6Y89          LUT6 (Prop_lut6_I5_O)        0.332     9.211 r  lcd_inst/cmd_ndata_writer/state[4]_i_3/O
                         net (fo=1, routed)           0.000     9.211    lcd_inst/cmd_ndata_writer/state[4]_i_3_n_0
    SLICE_X6Y89          MUXF7 (Prop_muxf7_I0_O)      0.209     9.420 r  lcd_inst/cmd_ndata_writer/state_reg[4]_i_1/O
                         net (fo=5, routed)           0.478     9.898    lcd_inst/state
    SLICE_X5Y87          FDCE                                         r  lcd_inst/state_reg[4]/CE
  -------------------------------------------------------------------    -------------------

                         (clock clk_out1_clk_wiz_0 rise edge)
                                                     20.000    20.000 r  
    BUFGCTRL_X0Y0        BUFG                         0.000    20.000 r  main_clk_pll/inst/clkout1_buf/O
                         net (fo=162, routed)         1.455    21.455    lcd_inst/lcd_clk_pll/inst/clk_in1
    MMCME2_ADV_X0Y0      MMCME2_ADV (Prop_mmcme2_adv_CLKIN1_CLKOUT0)
                                                     -3.133    18.322 r  lcd_inst/lcd_clk_pll/inst/mmcm_adv_inst/CLKOUT0
                         net (fo=1, routed)           1.587    19.909    lcd_inst/lcd_clk_pll/inst/clk_out1_clk_wiz_0
    BUFGCTRL_X0Y1        BUFG (Prop_bufg_I_O)         0.091    20.000 r  lcd_inst/lcd_clk_pll/inst/clkout1_buf/O
                         net (fo=234, routed)         1.503    21.503    lcd_inst/clk_out1
    SLICE_X5Y87          FDCE                                         r  lcd_inst/state_reg[4]/C
                         clock pessimism              0.078    21.581    
                         clock uncertainty           -0.102    21.479    
    SLICE_X5Y87          FDCE (Setup_fdce_C_CE)      -0.378    21.101    lcd_inst/state_reg[4]
  -------------------------------------------------------------------
                         required time                         21.101    
                         arrival time                          -9.898    
  -------------------------------------------------------------------
                         slack                                 11.203    

Slack (MET) :             12.152ns  (required time - arrival time)
  Source:                 lcd_inst/total_pixels0/CLK
                            (rising edge-triggered cell DSP48E1 clocked by clk_out1_clk_wiz_0  {rise@0.000ns fall@10.000ns period=20.000ns})
  Destination:            lcd_inst/active_writer_reg[1]/D
                            (rising edge-triggered cell FDCE clocked by clk_out1_clk_wiz_0  {rise@0.000ns fall@10.000ns period=20.000ns})
  Path Group:             clk_out1_clk_wiz_0
  Path Type:              Setup (Max at Slow Process Corner)
  Requirement:            20.000ns  (clk_out1_clk_wiz_0 rise@20.000ns - clk_out1_clk_wiz_0 rise@0.000ns)
  Data Path Delay:        7.639ns  (logic 2.728ns (35.712%)  route 4.911ns (64.288%))
  Logic Levels:           10  (CARRY4=5 LUT3=1 LUT4=2 LUT6=2)
  Clock Path Skew:        -0.060ns (DCD - SCD + CPR)
    Destination Clock Delay (DCD):    1.506ns = ( 21.506 - 20.000 ) 
    Source Clock Delay      (SCD):    1.644ns
    Clock Pessimism Removal (CPR):    0.078ns
  Clock Uncertainty:      0.102ns  ((TSJ^2 + DJ^2)^1/2) / 2 + PE
    Total System Jitter     (TSJ):    0.071ns
    Discrete Jitter          (DJ):    0.192ns
    Phase Error              (PE):    0.000ns

    Location             Delay type                Incr(ns)  Path(ns)    Netlist Resource(s)
  -------------------------------------------------------------------    -------------------
                         (clock clk_out1_clk_wiz_0 rise edge)
                                                      0.000     0.000 r  
    BUFGCTRL_X0Y0        BUFG                         0.000     0.000 r  main_clk_pll/inst/clkout1_buf/O
                         net (fo=162, routed)         1.574     1.574    lcd_inst/lcd_clk_pll/inst/clk_in1
    MMCME2_ADV_X0Y0      MMCME2_ADV (Prop_mmcme2_adv_CLKIN1_CLKOUT0)
                                                     -3.337    -1.762 r  lcd_inst/lcd_clk_pll/inst/mmcm_adv_inst/CLKOUT0
                         net (fo=1, routed)           1.666    -0.096    lcd_inst/lcd_clk_pll/inst/clk_out1_clk_wiz_0
    BUFGCTRL_X0Y1        BUFG (Prop_bufg_I_O)         0.096     0.000 r  lcd_inst/lcd_clk_pll/inst/clkout1_buf/O
                         net (fo=234, routed)         1.644     1.644    lcd_inst/clk_out1
    DSP48_X0Y35          DSP48E1                                      r  lcd_inst/total_pixels0/CLK
  -------------------------------------------------------------------    -------------------
    DSP48_X0Y35          DSP48E1 (Prop_dsp48e1_CLK_P[0])
                                                      0.434     2.078 r  lcd_inst/total_pixels0/P[0]
                         net (fo=1, routed)           1.173     3.251    lcd_inst/cmd_ndata_writer/fill_display_state1_carry__2_i_9_0[0]
    SLICE_X13Y85         LUT3 (Prop_lut3_I2_O)        0.124     3.375 r  lcd_inst/cmd_ndata_writer/fill_display_state1_carry__1_i_24/O
                         net (fo=1, routed)           0.000     3.375    lcd_inst/cmd_ndata_writer/fill_display_state1_carry__1_i_24_n_0
    SLICE_X13Y85         CARRY4 (Prop_carry4_S[1]_CO[3])
                                                      0.550     3.925 r  lcd_inst/cmd_ndata_writer/fill_display_state1_carry__1_i_10/CO[3]
                         net (fo=1, routed)           0.000     3.925    lcd_inst/cmd_ndata_writer/fill_display_state1_carry__1_i_10_n_0
    SLICE_X13Y86         CARRY4 (Prop_carry4_CI_CO[3])
                                                      0.114     4.039 r  lcd_inst/cmd_ndata_writer/fill_display_state1_carry__1_i_9/CO[3]
                         net (fo=1, routed)           0.000     4.039    lcd_inst/cmd_ndata_writer/fill_display_state1_carry__1_i_9_n_0
    SLICE_X13Y87         CARRY4 (Prop_carry4_CI_CO[3])
                                                      0.114     4.153 r  lcd_inst/cmd_ndata_writer/fill_display_state1_carry__2_i_10/CO[3]
                         net (fo=1, routed)           0.000     4.153    lcd_inst/cmd_ndata_writer/fill_display_state1_carry__2_i_10_n_0
    SLICE_X13Y88         CARRY4 (Prop_carry4_CI_O[3])
                                                      0.313     4.466 r  lcd_inst/cmd_ndata_writer/fill_display_state1_carry__2_i_9/O[3]
                         net (fo=4, routed)           0.985     5.451    lcd_inst/total_pixels[31]
    SLICE_X11Y86         LUT4 (Prop_lut4_I1_O)        0.306     5.757 r  lcd_inst/pixel_count[31]_i_11/O
                         net (fo=1, routed)           0.000     5.757    lcd_inst/pixel_count[31]_i_11_n_0
    SLICE_X11Y86         CARRY4 (Prop_carry4_S[3]_CO[3])
                                                      0.401     6.158 r  lcd_inst/pixel_count_reg[31]_i_4/CO[3]
                         net (fo=6, routed)           1.319     7.477    lcd_inst/cmd_data_writer/CO[0]
    SLICE_X5Y86          LUT6 (Prop_lut6_I2_O)        0.124     7.601 r  lcd_inst/cmd_data_writer/active_writer[2]_i_3/O
                         net (fo=1, routed)           0.442     8.043    lcd_inst/cmd_data_writer/active_writer[2]_i_3_n_0
    SLICE_X4Y88          LUT6 (Prop_lut6_I0_O)        0.124     8.167 r  lcd_inst/cmd_data_writer/active_writer[2]_i_2/O
                         net (fo=3, routed)           0.499     8.666    lcd_inst/cmd_data_writer/active_writer
    SLICE_X4Y88          LUT4 (Prop_lut4_I2_O)        0.124     8.790 r  lcd_inst/cmd_data_writer/active_writer[1]_i_1/O
                         net (fo=1, routed)           0.492     9.282    lcd_inst/cmd_data_writer_n_3
    SLICE_X3Y88          FDCE                                         r  lcd_inst/active_writer_reg[1]/D
  -------------------------------------------------------------------    -------------------

                         (clock clk_out1_clk_wiz_0 rise edge)
                                                     20.000    20.000 r  
    BUFGCTRL_X0Y0        BUFG                         0.000    20.000 r  main_clk_pll/inst/clkout1_buf/O
                         net (fo=162, routed)         1.455    21.455    lcd_inst/lcd_clk_pll/inst/clk_in1
    MMCME2_ADV_X0Y0      MMCME2_ADV (Prop_mmcme2_adv_CLKIN1_CLKOUT0)
                                                     -3.133    18.322 r  lcd_inst/lcd_clk_pll/inst/mmcm_adv_inst/CLKOUT0
                         net (fo=1, routed)           1.587    19.909    lcd_inst/lcd_clk_pll/inst/clk_out1_clk_wiz_0
    BUFGCTRL_X0Y1        BUFG (Prop_bufg_I_O)         0.091    20.000 r  lcd_inst/lcd_clk_pll/inst/clkout1_buf/O
                         net (fo=234, routed)         1.506    21.506    lcd_inst/clk_out1
    SLICE_X3Y88          FDCE                                         r  lcd_inst/active_writer_reg[1]/C
                         clock pessimism              0.078    21.584    
                         clock uncertainty           -0.102    21.482    
    SLICE_X3Y88          FDCE (Setup_fdce_C_D)       -0.047    21.435    lcd_inst/active_writer_reg[1]
  -------------------------------------------------------------------
                         required time                         21.435    
                         arrival time                          -9.282    
  -------------------------------------------------------------------
                         slack                                 12.152    

Slack (MET) :             12.405ns  (required time - arrival time)
  Source:                 lcd_inst/total_pixels0/CLK
                            (rising edge-triggered cell DSP48E1 clocked by clk_out1_clk_wiz_0  {rise@0.000ns fall@10.000ns period=20.000ns})
  Destination:            lcd_inst/active_writer_reg[0]/D
                            (rising edge-triggered cell FDCE clocked by clk_out1_clk_wiz_0  {rise@0.000ns fall@10.000ns period=20.000ns})
  Path Group:             clk_out1_clk_wiz_0
  Path Type:              Setup (Max at Slow Process Corner)
  Requirement:            20.000ns  (clk_out1_clk_wiz_0 rise@20.000ns - clk_out1_clk_wiz_0 rise@0.000ns)
  Data Path Delay:        7.462ns  (logic 2.728ns (36.557%)  route 4.734ns (63.443%))
  Logic Levels:           10  (CARRY4=5 LUT3=2 LUT4=1 LUT6=2)
  Clock Path Skew:        -0.060ns (DCD - SCD + CPR)
    Destination Clock Delay (DCD):    1.506ns = ( 21.506 - 20.000 ) 
    Source Clock Delay      (SCD):    1.644ns
    Clock Pessimism Removal (CPR):    0.078ns
  Clock Uncertainty:      0.102ns  ((TSJ^2 + DJ^2)^1/2) / 2 + PE
    Total System Jitter     (TSJ):    0.071ns
    Discrete Jitter          (DJ):    0.192ns
    Phase Error              (PE):    0.000ns

    Location             Delay type                Incr(ns)  Path(ns)    Netlist Resource(s)
  -------------------------------------------------------------------    -------------------
                         (clock clk_out1_clk_wiz_0 rise edge)
                                                      0.000     0.000 r  
    BUFGCTRL_X0Y0        BUFG                         0.000     0.000 r  main_clk_pll/inst/clkout1_buf/O
                         net (fo=162, routed)         1.574     1.574    lcd_inst/lcd_clk_pll/inst/clk_in1
    MMCME2_ADV_X0Y0      MMCME2_ADV (Prop_mmcme2_adv_CLKIN1_CLKOUT0)
                                                     -3.337    -1.762 r  lcd_inst/lcd_clk_pll/inst/mmcm_adv_inst/CLKOUT0
                         net (fo=1, routed)           1.666    -0.096    lcd_inst/lcd_clk_pll/inst/clk_out1_clk_wiz_0
    BUFGCTRL_X0Y1        BUFG (Prop_bufg_I_O)         0.096     0.000 r  lcd_inst/lcd_clk_pll/inst/clkout1_buf/O
                         net (fo=234, routed)         1.644     1.644    lcd_inst/clk_out1
    DSP48_X0Y35          DSP48E1                                      r  lcd_inst/total_pixels0/CLK
  -------------------------------------------------------------------    -------------------
    DSP48_X0Y35          DSP48E1 (Prop_dsp48e1_CLK_P[0])
                                                      0.434     2.078 r  lcd_inst/total_pixels0/P[0]
                         net (fo=1, routed)           1.173     3.251    lcd_inst/cmd_ndata_writer/fill_display_state1_carry__2_i_9_0[0]
    SLICE_X13Y85         LUT3 (Prop_lut3_I2_O)        0.124     3.375 r  lcd_inst/cmd_ndata_writer/fill_display_state1_carry__1_i_24/O
                         net (fo=1, routed)           0.000     3.375    lcd_inst/cmd_ndata_writer/fill_display_state1_carry__1_i_24_n_0
    SLICE_X13Y85         CARRY4 (Prop_carry4_S[1]_CO[3])
                                                      0.550     3.925 r  lcd_inst/cmd_ndata_writer/fill_display_state1_carry__1_i_10/CO[3]
                         net (fo=1, routed)           0.000     3.925    lcd_inst/cmd_ndata_writer/fill_display_state1_carry__1_i_10_n_0
    SLICE_X13Y86         CARRY4 (Prop_carry4_CI_CO[3])
                                                      0.114     4.039 r  lcd_inst/cmd_ndata_writer/fill_display_state1_carry__1_i_9/CO[3]
                         net (fo=1, routed)           0.000     4.039    lcd_inst/cmd_ndata_writer/fill_display_state1_carry__1_i_9_n_0
    SLICE_X13Y87         CARRY4 (Prop_carry4_CI_CO[3])
                                                      0.114     4.153 r  lcd_inst/cmd_ndata_writer/fill_display_state1_carry__2_i_10/CO[3]
                         net (fo=1, routed)           0.000     4.153    lcd_inst/cmd_ndata_writer/fill_display_state1_carry__2_i_10_n_0
    SLICE_X13Y88         CARRY4 (Prop_carry4_CI_O[3])
                                                      0.313     4.466 r  lcd_inst/cmd_ndata_writer/fill_display_state1_carry__2_i_9/O[3]
                         net (fo=4, routed)           0.985     5.451    lcd_inst/total_pixels[31]
    SLICE_X11Y86         LUT4 (Prop_lut4_I1_O)        0.306     5.757 r  lcd_inst/pixel_count[31]_i_11/O
                         net (fo=1, routed)           0.000     5.757    lcd_inst/pixel_count[31]_i_11_n_0
    SLICE_X11Y86         CARRY4 (Prop_carry4_S[3]_CO[3])
                                                      0.401     6.158 r  lcd_inst/pixel_count_reg[31]_i_4/CO[3]
                         net (fo=6, routed)           1.319     7.477    lcd_inst/cmd_data_writer/CO[0]
    SLICE_X5Y86          LUT6 (Prop_lut6_I2_O)        0.124     7.601 r  lcd_inst/cmd_data_writer/active_writer[2]_i_3/O
                         net (fo=1, routed)           0.442     8.043    lcd_inst/cmd_data_writer/active_writer[2]_i_3_n_0
    SLICE_X4Y88          LUT6 (Prop_lut6_I0_O)        0.124     8.167 r  lcd_inst/cmd_data_writer/active_writer[2]_i_2/O
                         net (fo=3, routed)           0.815     8.982    lcd_inst/cmd_data_writer/active_writer
    SLICE_X3Y88          LUT3 (Prop_lut3_I1_O)        0.124     9.106 r  lcd_inst/cmd_data_writer/active_writer[0]_i_1/O
                         net (fo=1, routed)           0.000     9.106    lcd_inst/cmd_data_writer_n_4
    SLICE_X3Y88          FDCE                                         r  lcd_inst/active_writer_reg[0]/D
  -------------------------------------------------------------------    -------------------

                         (clock clk_out1_clk_wiz_0 rise edge)
                                                     20.000    20.000 r  
    BUFGCTRL_X0Y0        BUFG                         0.000    20.000 r  main_clk_pll/inst/clkout1_buf/O
                         net (fo=162, routed)         1.455    21.455    lcd_inst/lcd_clk_pll/inst/clk_in1
    MMCME2_ADV_X0Y0      MMCME2_ADV (Prop_mmcme2_adv_CLKIN1_CLKOUT0)
                                                     -3.133    18.322 r  lcd_inst/lcd_clk_pll/inst/mmcm_adv_inst/CLKOUT0
                         net (fo=1, routed)           1.587    19.909    lcd_inst/lcd_clk_pll/inst/clk_out1_clk_wiz_0
    BUFGCTRL_X0Y1        BUFG (Prop_bufg_I_O)         0.091    20.000 r  lcd_inst/lcd_clk_pll/inst/clkout1_buf/O
                         net (fo=234, routed)         1.506    21.506    lcd_inst/clk_out1
    SLICE_X3Y88          FDCE                                         r  lcd_inst/active_writer_reg[0]/C
                         clock pessimism              0.078    21.584    
                         clock uncertainty           -0.102    21.482    
    SLICE_X3Y88          FDCE (Setup_fdce_C_D)        0.029    21.511    lcd_inst/active_writer_reg[0]
  -------------------------------------------------------------------
                         required time                         21.511    
                         arrival time                          -9.106    
  -------------------------------------------------------------------
                         slack                                 12.405    

Slack (MET) :             12.409ns  (required time - arrival time)
  Source:                 lcd_inst/total_pixels0/CLK
                            (rising edge-triggered cell DSP48E1 clocked by clk_out1_clk_wiz_0  {rise@0.000ns fall@10.000ns period=20.000ns})
  Destination:            lcd_inst/active_writer_reg[2]/D
                            (rising edge-triggered cell FDCE clocked by clk_out1_clk_wiz_0  {rise@0.000ns fall@10.000ns period=20.000ns})
  Path Group:             clk_out1_clk_wiz_0
  Path Type:              Setup (Max at Slow Process Corner)
  Requirement:            20.000ns  (clk_out1_clk_wiz_0 rise@20.000ns - clk_out1_clk_wiz_0 rise@0.000ns)
  Data Path Delay:        7.460ns  (logic 2.728ns (36.567%)  route 4.732ns (63.433%))
  Logic Levels:           10  (CARRY4=5 LUT3=1 LUT4=1 LUT5=1 LUT6=2)
  Clock Path Skew:        -0.060ns (DCD - SCD + CPR)
    Destination Clock Delay (DCD):    1.506ns = ( 21.506 - 20.000 ) 
    Source Clock Delay      (SCD):    1.644ns
    Clock Pessimism Removal (CPR):    0.078ns
  Clock Uncertainty:      0.102ns  ((TSJ^2 + DJ^2)^1/2) / 2 + PE
    Total System Jitter     (TSJ):    0.071ns
    Discrete Jitter          (DJ):    0.192ns
    Phase Error              (PE):    0.000ns

    Location             Delay type                Incr(ns)  Path(ns)    Netlist Resource(s)
  -------------------------------------------------------------------    -------------------
                         (clock clk_out1_clk_wiz_0 rise edge)
                                                      0.000     0.000 r  
    BUFGCTRL_X0Y0        BUFG                         0.000     0.000 r  main_clk_pll/inst/clkout1_buf/O
                         net (fo=162, routed)         1.574     1.574    lcd_inst/lcd_clk_pll/inst/clk_in1
    MMCME2_ADV_X0Y0      MMCME2_ADV (Prop_mmcme2_adv_CLKIN1_CLKOUT0)
                                                     -3.337    -1.762 r  lcd_inst/lcd_clk_pll/inst/mmcm_adv_inst/CLKOUT0
                         net (fo=1, routed)           1.666    -0.096    lcd_inst/lcd_clk_pll/inst/clk_out1_clk_wiz_0
    BUFGCTRL_X0Y1        BUFG (Prop_bufg_I_O)         0.096     0.000 r  lcd_inst/lcd_clk_pll/inst/clkout1_buf/O
                         net (fo=234, routed)         1.644     1.644    lcd_inst/clk_out1
    DSP48_X0Y35          DSP48E1                                      r  lcd_inst/total_pixels0/CLK
  -------------------------------------------------------------------    -------------------
    DSP48_X0Y35          DSP48E1 (Prop_dsp48e1_CLK_P[0])
                                                      0.434     2.078 r  lcd_inst/total_pixels0/P[0]
                         net (fo=1, routed)           1.173     3.251    lcd_inst/cmd_ndata_writer/fill_display_state1_carry__2_i_9_0[0]
    SLICE_X13Y85         LUT3 (Prop_lut3_I2_O)        0.124     3.375 r  lcd_inst/cmd_ndata_writer/fill_display_state1_carry__1_i_24/O
                         net (fo=1, routed)           0.000     3.375    lcd_inst/cmd_ndata_writer/fill_display_state1_carry__1_i_24_n_0
    SLICE_X13Y85         CARRY4 (Prop_carry4_S[1]_CO[3])
                                                      0.550     3.925 r  lcd_inst/cmd_ndata_writer/fill_display_state1_carry__1_i_10/CO[3]
                         net (fo=1, routed)           0.000     3.925    lcd_inst/cmd_ndata_writer/fill_display_state1_carry__1_i_10_n_0
    SLICE_X13Y86         CARRY4 (Prop_carry4_CI_CO[3])
                                                      0.114     4.039 r  lcd_inst/cmd_ndata_writer/fill_display_state1_carry__1_i_9/CO[3]
                         net (fo=1, routed)           0.000     4.039    lcd_inst/cmd_ndata_writer/fill_display_state1_carry__1_i_9_n_0
    SLICE_X13Y87         CARRY4 (Prop_carry4_CI_CO[3])
                                                      0.114     4.153 r  lcd_inst/cmd_ndata_writer/fill_display_state1_carry__2_i_10/CO[3]
                         net (fo=1, routed)           0.000     4.153    lcd_inst/cmd_ndata_writer/fill_display_state1_carry__2_i_10_n_0
    SLICE_X13Y88         CARRY4 (Prop_carry4_CI_O[3])
                                                      0.313     4.466 r  lcd_inst/cmd_ndata_writer/fill_display_state1_carry__2_i_9/O[3]
                         net (fo=4, routed)           0.985     5.451    lcd_inst/total_pixels[31]
    SLICE_X11Y86         LUT4 (Prop_lut4_I1_O)        0.306     5.757 r  lcd_inst/pixel_count[31]_i_11/O
                         net (fo=1, routed)           0.000     5.757    lcd_inst/pixel_count[31]_i_11_n_0
    SLICE_X11Y86         CARRY4 (Prop_carry4_S[3]_CO[3])
                                                      0.401     6.158 r  lcd_inst/pixel_count_reg[31]_i_4/CO[3]
                         net (fo=6, routed)           1.319     7.477    lcd_inst/cmd_data_writer/CO[0]
    SLICE_X5Y86          LUT6 (Prop_lut6_I2_O)        0.124     7.601 r  lcd_inst/cmd_data_writer/active_writer[2]_i_3/O
                         net (fo=1, routed)           0.442     8.043    lcd_inst/cmd_data_writer/active_writer[2]_i_3_n_0
    SLICE_X4Y88          LUT6 (Prop_lut6_I0_O)        0.124     8.167 r  lcd_inst/cmd_data_writer/active_writer[2]_i_2/O
                         net (fo=3, routed)           0.813     8.980    lcd_inst/cmd_data_writer/active_writer
    SLICE_X3Y88          LUT5 (Prop_lut5_I3_O)        0.124     9.104 r  lcd_inst/cmd_data_writer/active_writer[2]_i_1/O
                         net (fo=1, routed)           0.000     9.104    lcd_inst/cmd_data_writer_n_2
    SLICE_X3Y88          FDCE                                         r  lcd_inst/active_writer_reg[2]/D
  -------------------------------------------------------------------    -------------------

                         (clock clk_out1_clk_wiz_0 rise edge)
                                                     20.000    20.000 r  
    BUFGCTRL_X0Y0        BUFG                         0.000    20.000 r  main_clk_pll/inst/clkout1_buf/O
                         net (fo=162, routed)         1.455    21.455    lcd_inst/lcd_clk_pll/inst/clk_in1
    MMCME2_ADV_X0Y0      MMCME2_ADV (Prop_mmcme2_adv_CLKIN1_CLKOUT0)
                                                     -3.133    18.322 r  lcd_inst/lcd_clk_pll/inst/mmcm_adv_inst/CLKOUT0
                         net (fo=1, routed)           1.587    19.909    lcd_inst/lcd_clk_pll/inst/clk_out1_clk_wiz_0
    BUFGCTRL_X0Y1        BUFG (Prop_bufg_I_O)         0.091    20.000 r  lcd_inst/lcd_clk_pll/inst/clkout1_buf/O
                         net (fo=234, routed)         1.506    21.506    lcd_inst/clk_out1
    SLICE_X3Y88          FDCE                                         r  lcd_inst/active_writer_reg[2]/C
                         clock pessimism              0.078    21.584    
                         clock uncertainty           -0.102    21.482    
    SLICE_X3Y88          FDCE (Setup_fdce_C_D)        0.031    21.513    lcd_inst/active_writer_reg[2]
  -------------------------------------------------------------------
                         required time                         21.513    
                         arrival time                          -9.104    
  -------------------------------------------------------------------
                         slack                                 12.409    

Slack (MET) :             12.974ns  (required time - arrival time)
  Source:                 lcd_inst/total_pixels0/CLK
                            (rising edge-triggered cell DSP48E1 clocked by clk_out1_clk_wiz_0  {rise@0.000ns fall@10.000ns period=20.000ns})
  Destination:            lcd_inst/cmd_ndata_start_reg/D
                            (rising edge-triggered cell FDCE clocked by clk_out1_clk_wiz_0  {rise@0.000ns fall@10.000ns period=20.000ns})
  Path Group:             clk_out1_clk_wiz_0
  Path Type:              Setup (Max at Slow Process Corner)
  Requirement:            20.000ns  (clk_out1_clk_wiz_0 rise@20.000ns - clk_out1_clk_wiz_0 rise@0.000ns)
  Data Path Delay:        6.813ns  (logic 2.480ns (36.400%)  route 4.333ns (63.600%))
  Logic Levels:           8  (CARRY4=5 LUT3=1 LUT4=1 LUT5=1)
  Clock Path Skew:        -0.064ns (DCD - SCD + CPR)
    Destination Clock Delay (DCD):    1.502ns = ( 21.502 - 20.000 ) 
    Source Clock Delay      (SCD):    1.644ns
    Clock Pessimism Removal (CPR):    0.078ns
  Clock Uncertainty:      0.102ns  ((TSJ^2 + DJ^2)^1/2) / 2 + PE
    Total System Jitter     (TSJ):    0.071ns
    Discrete Jitter          (DJ):    0.192ns
    Phase Error              (PE):    0.000ns

    Location             Delay type                Incr(ns)  Path(ns)    Netlist Resource(s)
  -------------------------------------------------------------------    -------------------
                         (clock clk_out1_clk_wiz_0 rise edge)
                                                      0.000     0.000 r  
    BUFGCTRL_X0Y0        BUFG                         0.000     0.000 r  main_clk_pll/inst/clkout1_buf/O
                         net (fo=162, routed)         1.574     1.574    lcd_inst/lcd_clk_pll/inst/clk_in1
    MMCME2_ADV_X0Y0      MMCME2_ADV (Prop_mmcme2_adv_CLKIN1_CLKOUT0)
                                                     -3.337    -1.762 r  lcd_inst/lcd_clk_pll/inst/mmcm_adv_inst/CLKOUT0
                         net (fo=1, routed)           1.666    -0.096    lcd_inst/lcd_clk_pll/inst/clk_out1_clk_wiz_0
    BUFGCTRL_X0Y1        BUFG (Prop_bufg_I_O)         0.096     0.000 r  lcd_inst/lcd_clk_pll/inst/clkout1_buf/O
                         net (fo=234, routed)         1.644     1.644    lcd_inst/clk_out1
    DSP48_X0Y35          DSP48E1                                      r  lcd_inst/total_pixels0/CLK
  -------------------------------------------------------------------    -------------------
    DSP48_X0Y35          DSP48E1 (Prop_dsp48e1_CLK_P[0])
                                                      0.434     2.078 r  lcd_inst/total_pixels0/P[0]
                         net (fo=1, routed)           1.173     3.251    lcd_inst/cmd_ndata_writer/fill_display_state1_carry__2_i_9_0[0]
    SLICE_X13Y85         LUT3 (Prop_lut3_I2_O)        0.124     3.375 r  lcd_inst/cmd_ndata_writer/fill_display_state1_carry__1_i_24/O
                         net (fo=1, routed)           0.000     3.375    lcd_inst/cmd_ndata_writer/fill_display_state1_carry__1_i_24_n_0
    SLICE_X13Y85         CARRY4 (Prop_carry4_S[1]_CO[3])
                                                      0.550     3.925 r  lcd_inst/cmd_ndata_writer/fill_display_state1_carry__1_i_10/CO[3]
                         net (fo=1, routed)           0.000     3.925    lcd_inst/cmd_ndata_writer/fill_display_state1_carry__1_i_10_n_0
    SLICE_X13Y86         CARRY4 (Prop_carry4_CI_CO[3])
                                                      0.114     4.039 r  lcd_inst/cmd_ndata_writer/fill_display_state1_carry__1_i_9/CO[3]
                         net (fo=1, routed)           0.000     4.039    lcd_inst/cmd_ndata_writer/fill_display_state1_carry__1_i_9_n_0
    SLICE_X13Y87         CARRY4 (Prop_carry4_CI_CO[3])
                                                      0.114     4.153 r  lcd_inst/cmd_ndata_writer/fill_display_state1_carry__2_i_10/CO[3]
                         net (fo=1, routed)           0.000     4.153    lcd_inst/cmd_ndata_writer/fill_display_state1_carry__2_i_10_n_0
    SLICE_X13Y88         CARRY4 (Prop_carry4_CI_O[3])
                                                      0.313     4.466 r  lcd_inst/cmd_ndata_writer/fill_display_state1_carry__2_i_9/O[3]
                         net (fo=4, routed)           0.985     5.451    lcd_inst/total_pixels[31]
    SLICE_X11Y86         LUT4 (Prop_lut4_I1_O)        0.306     5.757 r  lcd_inst/pixel_count[31]_i_11/O
                         net (fo=1, routed)           0.000     5.757    lcd_inst/pixel_count[31]_i_11_n_0
    SLICE_X11Y86         CARRY4 (Prop_carry4_S[3]_CO[3])
                                                      0.401     6.158 r  lcd_inst/pixel_count_reg[31]_i_4/CO[3]
                         net (fo=6, routed)           1.601     7.759    lcd_inst/cmd_ndata_writer/CO[0]
    SLICE_X4Y86          LUT5 (Prop_lut5_I3_O)        0.124     7.883 r  lcd_inst/cmd_ndata_writer/cmd_ndata_start_i_1/O
                         net (fo=1, routed)           0.574     8.457    lcd_inst/cmd_ndata_writer_n_10
    SLICE_X4Y86          FDCE                                         r  lcd_inst/cmd_ndata_start_reg/D
  -------------------------------------------------------------------    -------------------

                         (clock clk_out1_clk_wiz_0 rise edge)
                                                     20.000    20.000 r  
    BUFGCTRL_X0Y0        BUFG                         0.000    20.000 r  main_clk_pll/inst/clkout1_buf/O
                         net (fo=162, routed)         1.455    21.455    lcd_inst/lcd_clk_pll/inst/clk_in1
    MMCME2_ADV_X0Y0      MMCME2_ADV (Prop_mmcme2_adv_CLKIN1_CLKOUT0)
                                                     -3.133    18.322 r  lcd_inst/lcd_clk_pll/inst/mmcm_adv_inst/CLKOUT0
                         net (fo=1, routed)           1.587    19.909    lcd_inst/lcd_clk_pll/inst/clk_out1_clk_wiz_0
    BUFGCTRL_X0Y1        BUFG (Prop_bufg_I_O)         0.091    20.000 r  lcd_inst/lcd_clk_pll/inst/clkout1_buf/O
                         net (fo=234, routed)         1.502    21.502    lcd_inst/clk_out1
    SLICE_X4Y86          FDCE                                         r  lcd_inst/cmd_ndata_start_reg/C
                         clock pessimism              0.078    21.580    
                         clock uncertainty           -0.102    21.478    
    SLICE_X4Y86          FDCE (Setup_fdce_C_D)       -0.047    21.431    lcd_inst/cmd_ndata_start_reg
  -------------------------------------------------------------------
                         required time                         21.431    
                         arrival time                          -8.457    
  -------------------------------------------------------------------
                         slack                                 12.974    

Slack (MET) :             13.191ns  (required time - arrival time)
  Source:                 lcd_inst/total_pixels0/CLK
                            (rising edge-triggered cell DSP48E1 clocked by clk_out1_clk_wiz_0  {rise@0.000ns fall@10.000ns period=20.000ns})
  Destination:            lcd_inst/pixel_count_reg[25]/CE
                            (rising edge-triggered cell FDCE clocked by clk_out1_clk_wiz_0  {rise@0.000ns fall@10.000ns period=20.000ns})
  Path Group:             clk_out1_clk_wiz_0
  Path Type:              Setup (Max at Slow Process Corner)
  Requirement:            20.000ns  (clk_out1_clk_wiz_0 rise@20.000ns - clk_out1_clk_wiz_0 rise@0.000ns)
  Data Path Delay:        6.410ns  (logic 2.480ns (38.687%)  route 3.930ns (61.313%))
  Logic Levels:           8  (CARRY4=5 LUT3=1 LUT4=1 LUT6=1)
  Clock Path Skew:        -0.128ns (DCD - SCD + CPR)
    Destination Clock Delay (DCD):    1.438ns = ( 21.438 - 20.000 ) 
    Source Clock Delay      (SCD):    1.644ns
    Clock Pessimism Removal (CPR):    0.078ns
  Clock Uncertainty:      0.102ns  ((TSJ^2 + DJ^2)^1/2) / 2 + PE
    Total System Jitter     (TSJ):    0.071ns
    Discrete Jitter          (DJ):    0.192ns
    Phase Error              (PE):    0.000ns

    Location             Delay type                Incr(ns)  Path(ns)    Netlist Resource(s)
  -------------------------------------------------------------------    -------------------
                         (clock clk_out1_clk_wiz_0 rise edge)
                                                      0.000     0.000 r  
    BUFGCTRL_X0Y0        BUFG                         0.000     0.000 r  main_clk_pll/inst/clkout1_buf/O
                         net (fo=162, routed)         1.574     1.574    lcd_inst/lcd_clk_pll/inst/clk_in1
    MMCME2_ADV_X0Y0      MMCME2_ADV (Prop_mmcme2_adv_CLKIN1_CLKOUT0)
                                                     -3.337    -1.762 r  lcd_inst/lcd_clk_pll/inst/mmcm_adv_inst/CLKOUT0
                         net (fo=1, routed)           1.666    -0.096    lcd_inst/lcd_clk_pll/inst/clk_out1_clk_wiz_0
    BUFGCTRL_X0Y1        BUFG (Prop_bufg_I_O)         0.096     0.000 r  lcd_inst/lcd_clk_pll/inst/clkout1_buf/O
                         net (fo=234, routed)         1.644     1.644    lcd_inst/clk_out1
    DSP48_X0Y35          DSP48E1                                      r  lcd_inst/total_pixels0/CLK
  -------------------------------------------------------------------    -------------------
    DSP48_X0Y35          DSP48E1 (Prop_dsp48e1_CLK_P[0])
                                                      0.434     2.078 r  lcd_inst/total_pixels0/P[0]
                         net (fo=1, routed)           1.173     3.251    lcd_inst/cmd_ndata_writer/fill_display_state1_carry__2_i_9_0[0]
    SLICE_X13Y85         LUT3 (Prop_lut3_I2_O)        0.124     3.375 r  lcd_inst/cmd_ndata_writer/fill_display_state1_carry__1_i_24/O
                         net (fo=1, routed)           0.000     3.375    lcd_inst/cmd_ndata_writer/fill_display_state1_carry__1_i_24_n_0
    SLICE_X13Y85         CARRY4 (Prop_carry4_S[1]_CO[3])
                                                      0.550     3.925 r  lcd_inst/cmd_ndata_writer/fill_display_state1_carry__1_i_10/CO[3]
                         net (fo=1, routed)           0.000     3.925    lcd_inst/cmd_ndata_writer/fill_display_state1_carry__1_i_10_n_0
    SLICE_X13Y86         CARRY4 (Prop_carry4_CI_CO[3])
                                                      0.114     4.039 r  lcd_inst/cmd_ndata_writer/fill_display_state1_carry__1_i_9/CO[3]
                         net (fo=1, routed)           0.000     4.039    lcd_inst/cmd_ndata_writer/fill_display_state1_carry__1_i_9_n_0
    SLICE_X13Y87         CARRY4 (Prop_carry4_CI_CO[3])
                                                      0.114     4.153 r  lcd_inst/cmd_ndata_writer/fill_display_state1_carry__2_i_10/CO[3]
                         net (fo=1, routed)           0.000     4.153    lcd_inst/cmd_ndata_writer/fill_display_state1_carry__2_i_10_n_0
    SLICE_X13Y88         CARRY4 (Prop_carry4_CI_O[3])
                                                      0.313     4.466 r  lcd_inst/cmd_ndata_writer/fill_display_state1_carry__2_i_9/O[3]
                         net (fo=4, routed)           0.985     5.451    lcd_inst/total_pixels[31]
    SLICE_X11Y86         LUT4 (Prop_lut4_I1_O)        0.306     5.757 r  lcd_inst/pixel_count[31]_i_11/O
                         net (fo=1, routed)           0.000     5.757    lcd_inst/pixel_count[31]_i_11_n_0
    SLICE_X11Y86         CARRY4 (Prop_carry4_S[3]_CO[3])
                                                      0.401     6.158 r  lcd_inst/pixel_count_reg[31]_i_4/CO[3]
                         net (fo=6, routed)           0.981     7.139    lcd_inst/pixel_count_reg[31]_i_4_n_0
    SLICE_X8Y84          LUT6 (Prop_lut6_I2_O)        0.124     7.263 r  lcd_inst/pixel_count[31]_i_1/O
                         net (fo=32, routed)          0.791     8.054    lcd_inst/pixel_count
    SLICE_X12Y89         FDCE                                         r  lcd_inst/pixel_count_reg[25]/CE
  -------------------------------------------------------------------    -------------------

                         (clock clk_out1_clk_wiz_0 rise edge)
                                                     20.000    20.000 r  
    BUFGCTRL_X0Y0        BUFG                         0.000    20.000 r  main_clk_pll/inst/clkout1_buf/O
                         net (fo=162, routed)         1.455    21.455    lcd_inst/lcd_clk_pll/inst/clk_in1
    MMCME2_ADV_X0Y0      MMCME2_ADV (Prop_mmcme2_adv_CLKIN1_CLKOUT0)
                                                     -3.133    18.322 r  lcd_inst/lcd_clk_pll/inst/mmcm_adv_inst/CLKOUT0
                         net (fo=1, routed)           1.587    19.909    lcd_inst/lcd_clk_pll/inst/clk_out1_clk_wiz_0
    BUFGCTRL_X0Y1        BUFG (Prop_bufg_I_O)         0.091    20.000 r  lcd_inst/lcd_clk_pll/inst/clkout1_buf/O
                         net (fo=234, routed)         1.438    21.438    lcd_inst/clk_out1
    SLICE_X12Y89         FDCE                                         r  lcd_inst/pixel_count_reg[25]/C
                         clock pessimism              0.078    21.516    
                         clock uncertainty           -0.102    21.414    
    SLICE_X12Y89         FDCE (Setup_fdce_C_CE)      -0.169    21.245    lcd_inst/pixel_count_reg[25]
  -------------------------------------------------------------------
                         required time                         21.245    
                         arrival time                          -8.054    
  -------------------------------------------------------------------
                         slack                                 13.191    





Min Delay Paths
--------------------------------------------------------------------------------------
Slack (MET) :             0.205ns  (arrival time - required time)
  Source:                 lcd_inst/cmd_data_writer/wr_substate_reg[0]/C
                            (rising edge-triggered cell FDCE clocked by clk_out1_clk_wiz_0  {rise@0.000ns fall@10.000ns period=20.000ns})
  Destination:            lcd_inst/cmd_data_writer/wr_substate_reg[1]/D
                            (rising edge-triggered cell FDCE clocked by clk_out1_clk_wiz_0  {rise@0.000ns fall@10.000ns period=20.000ns})
  Path Group:             clk_out1_clk_wiz_0
  Path Type:              Hold (Min at Fast Process Corner)
  Requirement:            0.000ns  (clk_out1_clk_wiz_0 rise@0.000ns - clk_out1_clk_wiz_0 rise@0.000ns)
  Data Path Delay:        0.310ns  (logic 0.186ns (60.019%)  route 0.124ns (39.981%))
  Logic Levels:           1  (LUT6=1)
  Clock Path Skew:        0.013ns (DCD - SCD - CPR)
    Destination Clock Delay (DCD):    0.860ns
    Source Clock Delay      (SCD):    0.589ns
    Clock Pessimism Removal (CPR):    0.258ns

    Location             Delay type                Incr(ns)  Path(ns)    Netlist Resource(s)
  -------------------------------------------------------------------    -------------------
                         (clock clk_out1_clk_wiz_0 rise edge)
                                                      0.000     0.000 r  
    BUFGCTRL_X0Y0        BUFG                         0.000     0.000 r  main_clk_pll/inst/clkout1_buf/O
                         net (fo=162, routed)         0.549     0.549    lcd_inst/lcd_clk_pll/inst/clk_in1
    MMCME2_ADV_X0Y0      MMCME2_ADV (Prop_mmcme2_adv_CLKIN1_CLKOUT0)
                                                     -1.063    -0.515 r  lcd_inst/lcd_clk_pll/inst/mmcm_adv_inst/CLKOUT0
                         net (fo=1, routed)           0.489    -0.026    lcd_inst/lcd_clk_pll/inst/clk_out1_clk_wiz_0
    BUFGCTRL_X0Y1        BUFG (Prop_bufg_I_O)         0.026     0.000 r  lcd_inst/lcd_clk_pll/inst/clkout1_buf/O
                         net (fo=234, routed)         0.589     0.589    lcd_inst/cmd_data_writer/CLK
    SLICE_X5Y89          FDCE                                         r  lcd_inst/cmd_data_writer/wr_substate_reg[0]/C
  -------------------------------------------------------------------    -------------------
    SLICE_X5Y89          FDCE (Prop_fdce_C_Q)         0.141     0.730 r  lcd_inst/cmd_data_writer/wr_substate_reg[0]/Q
                         net (fo=9, routed)           0.124     0.854    lcd_inst/cmd_data_writer/wr_substate_reg_n_0_[0]
    SLICE_X4Y89          LUT6 (Prop_lut6_I4_O)        0.045     0.899 r  lcd_inst/cmd_data_writer/wr_substate[1]_i_1/O
                         net (fo=1, routed)           0.000     0.899    lcd_inst/cmd_data_writer/wr_substate[1]_i_1_n_0
    SLICE_X4Y89          FDCE                                         r  lcd_inst/cmd_data_writer/wr_substate_reg[1]/D
  -------------------------------------------------------------------    -------------------

                         (clock clk_out1_clk_wiz_0 rise edge)
                                                      0.000     0.000 r  
    BUFGCTRL_X0Y0        BUFG                         0.000     0.000 r  main_clk_pll/inst/clkout1_buf/O
                         net (fo=162, routed)         0.816     0.816    lcd_inst/lcd_clk_pll/inst/clk_in1
    MMCME2_ADV_X0Y0      MMCME2_ADV (Prop_mmcme2_adv_CLKIN1_CLKOUT0)
                                                     -1.378    -0.563 r  lcd_inst/lcd_clk_pll/inst/mmcm_adv_inst/CLKOUT0
                         net (fo=1, routed)           0.534    -0.029    lcd_inst/lcd_clk_pll/inst/clk_out1_clk_wiz_0
    BUFGCTRL_X0Y1        BUFG (Prop_bufg_I_O)         0.029    -0.000 r  lcd_inst/lcd_clk_pll/inst/clkout1_buf/O
                         net (fo=234, routed)         0.860     0.859    lcd_inst/cmd_data_writer/CLK
    SLICE_X4Y89          FDCE                                         r  lcd_inst/cmd_data_writer/wr_substate_reg[1]/C
                         clock pessimism             -0.258     0.602    
    SLICE_X4Y89          FDCE (Hold_fdce_C_D)         0.092     0.694    lcd_inst/cmd_data_writer/wr_substate_reg[1]
  -------------------------------------------------------------------
                         required time                         -0.694    
                         arrival time                           0.899    
  -------------------------------------------------------------------
                         slack                                  0.205    

Slack (MET) :             0.207ns  (arrival time - required time)
  Source:                 lcd_inst/cmd_data_writer/wr_substate_reg[0]/C
                            (rising edge-triggered cell FDCE clocked by clk_out1_clk_wiz_0  {rise@0.000ns fall@10.000ns period=20.000ns})
  Destination:            lcd_inst/cmd_data_writer/LCD_WR_reg/D
                            (rising edge-triggered cell FDPE clocked by clk_out1_clk_wiz_0  {rise@0.000ns fall@10.000ns period=20.000ns})
  Path Group:             clk_out1_clk_wiz_0
  Path Type:              Hold (Min at Fast Process Corner)
  Requirement:            0.000ns  (clk_out1_clk_wiz_0 rise@0.000ns - clk_out1_clk_wiz_0 rise@0.000ns)
  Data Path Delay:        0.311ns  (logic 0.186ns (59.826%)  route 0.125ns (40.174%))
  Logic Levels:           1  (LUT6=1)
  Clock Path Skew:        0.013ns (DCD - SCD - CPR)
    Destination Clock Delay (DCD):    0.860ns
    Source Clock Delay      (SCD):    0.589ns
    Clock Pessimism Removal (CPR):    0.258ns

    Location             Delay type                Incr(ns)  Path(ns)    Netlist Resource(s)
  -------------------------------------------------------------------    -------------------
                         (clock clk_out1_clk_wiz_0 rise edge)
                                                      0.000     0.000 r  
    BUFGCTRL_X0Y0        BUFG                         0.000     0.000 r  main_clk_pll/inst/clkout1_buf/O
                         net (fo=162, routed)         0.549     0.549    lcd_inst/lcd_clk_pll/inst/clk_in1
    MMCME2_ADV_X0Y0      MMCME2_ADV (Prop_mmcme2_adv_CLKIN1_CLKOUT0)
                                                     -1.063    -0.515 r  lcd_inst/lcd_clk_pll/inst/mmcm_adv_inst/CLKOUT0
                         net (fo=1, routed)           0.489    -0.026    lcd_inst/lcd_clk_pll/inst/clk_out1_clk_wiz_0
    BUFGCTRL_X0Y1        BUFG (Prop_bufg_I_O)         0.026     0.000 r  lcd_inst/lcd_clk_pll/inst/clkout1_buf/O
                         net (fo=234, routed)         0.589     0.589    lcd_inst/cmd_data_writer/CLK
    SLICE_X5Y89          FDCE                                         r  lcd_inst/cmd_data_writer/wr_substate_reg[0]/C
  -------------------------------------------------------------------    -------------------
    SLICE_X5Y89          FDCE (Prop_fdce_C_Q)         0.141     0.730 r  lcd_inst/cmd_data_writer/wr_substate_reg[0]/Q
                         net (fo=9, routed)           0.125     0.855    lcd_inst/cmd_data_writer/wr_substate_reg_n_0_[0]
    SLICE_X4Y89          LUT6 (Prop_lut6_I0_O)        0.045     0.900 r  lcd_inst/cmd_data_writer/LCD_WR_i_1__0/O
                         net (fo=1, routed)           0.000     0.900    lcd_inst/cmd_data_writer/LCD_WR_i_1__0_n_0
    SLICE_X4Y89          FDPE                                         r  lcd_inst/cmd_data_writer/LCD_WR_reg/D
  -------------------------------------------------------------------    -------------------

                         (clock clk_out1_clk_wiz_0 rise edge)
                                                      0.000     0.000 r  
    BUFGCTRL_X0Y0        BUFG                         0.000     0.000 r  main_clk_pll/inst/clkout1_buf/O
                         net (fo=162, routed)         0.816     0.816    lcd_inst/lcd_clk_pll/inst/clk_in1
    MMCME2_ADV_X0Y0      MMCME2_ADV (Prop_mmcme2_adv_CLKIN1_CLKOUT0)
                                                     -1.378    -0.563 r  lcd_inst/lcd_clk_pll/inst/mmcm_adv_inst/CLKOUT0
                         net (fo=1, routed)           0.534    -0.029    lcd_inst/lcd_clk_pll/inst/clk_out1_clk_wiz_0
    BUFGCTRL_X0Y1        BUFG (Prop_bufg_I_O)         0.029    -0.000 r  lcd_inst/lcd_clk_pll/inst/clkout1_buf/O
                         net (fo=234, routed)         0.860     0.859    lcd_inst/cmd_data_writer/CLK
    SLICE_X4Y89          FDPE                                         r  lcd_inst/cmd_data_writer/LCD_WR_reg/C
                         clock pessimism             -0.258     0.602    
    SLICE_X4Y89          FDPE (Hold_fdpe_C_D)         0.091     0.693    lcd_inst/cmd_data_writer/LCD_WR_reg
  -------------------------------------------------------------------
                         required time                         -0.693    
                         arrival time                           0.900    
  -------------------------------------------------------------------
                         slack                                  0.207    

Slack (MET) :             0.210ns  (arrival time - required time)
  Source:                 lcd_inst/cmd_data_writer/wr_substate_reg[1]/C
                            (rising edge-triggered cell FDCE clocked by clk_out1_clk_wiz_0  {rise@0.000ns fall@10.000ns period=20.000ns})
  Destination:            lcd_inst/cmd_data_writer/wr_substate_reg[0]/D
                            (rising edge-triggered cell FDCE clocked by clk_out1_clk_wiz_0  {rise@0.000ns fall@10.000ns period=20.000ns})
  Path Group:             clk_out1_clk_wiz_0
  Path Type:              Hold (Min at Fast Process Corner)
  Requirement:            0.000ns  (clk_out1_clk_wiz_0 rise@0.000ns - clk_out1_clk_wiz_0 rise@0.000ns)
  Data Path Delay:        0.315ns  (logic 0.186ns (58.957%)  route 0.129ns (41.043%))
  Logic Levels:           1  (LUT6=1)
  Clock Path Skew:        0.013ns (DCD - SCD - CPR)
    Destination Clock Delay (DCD):    0.860ns
    Source Clock Delay      (SCD):    0.589ns
    Clock Pessimism Removal (CPR):    0.258ns

    Location             Delay type                Incr(ns)  Path(ns)    Netlist Resource(s)
  -------------------------------------------------------------------    -------------------
                         (clock clk_out1_clk_wiz_0 rise edge)
                                                      0.000     0.000 r  
    BUFGCTRL_X0Y0        BUFG                         0.000     0.000 r  main_clk_pll/inst/clkout1_buf/O
                         net (fo=162, routed)         0.549     0.549    lcd_inst/lcd_clk_pll/inst/clk_in1
    MMCME2_ADV_X0Y0      MMCME2_ADV (Prop_mmcme2_adv_CLKIN1_CLKOUT0)
                                                     -1.063    -0.515 r  lcd_inst/lcd_clk_pll/inst/mmcm_adv_inst/CLKOUT0
                         net (fo=1, routed)           0.489    -0.026    lcd_inst/lcd_clk_pll/inst/clk_out1_clk_wiz_0
    BUFGCTRL_X0Y1        BUFG (Prop_bufg_I_O)         0.026     0.000 r  lcd_inst/lcd_clk_pll/inst/clkout1_buf/O
                         net (fo=234, routed)         0.589     0.589    lcd_inst/cmd_data_writer/CLK
    SLICE_X4Y89          FDCE                                         r  lcd_inst/cmd_data_writer/wr_substate_reg[1]/C
  -------------------------------------------------------------------    -------------------
    SLICE_X4Y89          FDCE (Prop_fdce_C_Q)         0.141     0.730 r  lcd_inst/cmd_data_writer/wr_substate_reg[1]/Q
                         net (fo=10, routed)          0.129     0.859    lcd_inst/cmd_data_writer/wr_substate_reg_n_0_[1]
    SLICE_X5Y89          LUT6 (Prop_lut6_I3_O)        0.045     0.904 r  lcd_inst/cmd_data_writer/wr_substate[0]_i_1/O
                         net (fo=1, routed)           0.000     0.904    lcd_inst/cmd_data_writer/wr_substate[0]_i_1_n_0
    SLICE_X5Y89          FDCE                                         r  lcd_inst/cmd_data_writer/wr_substate_reg[0]/D
  -------------------------------------------------------------------    -------------------

                         (clock clk_out1_clk_wiz_0 rise edge)
                                                      0.000     0.000 r  
    BUFGCTRL_X0Y0        BUFG                         0.000     0.000 r  main_clk_pll/inst/clkout1_buf/O
                         net (fo=162, routed)         0.816     0.816    lcd_inst/lcd_clk_pll/inst/clk_in1
    MMCME2_ADV_X0Y0      MMCME2_ADV (Prop_mmcme2_adv_CLKIN1_CLKOUT0)
                                                     -1.378    -0.563 r  lcd_inst/lcd_clk_pll/inst/mmcm_adv_inst/CLKOUT0
                         net (fo=1, routed)           0.534    -0.029    lcd_inst/lcd_clk_pll/inst/clk_out1_clk_wiz_0
    BUFGCTRL_X0Y1        BUFG (Prop_bufg_I_O)         0.029    -0.000 r  lcd_inst/lcd_clk_pll/inst/clkout1_buf/O
                         net (fo=234, routed)         0.860     0.859    lcd_inst/cmd_data_writer/CLK
    SLICE_X5Y89          FDCE                                         r  lcd_inst/cmd_data_writer/wr_substate_reg[0]/C
                         clock pessimism             -0.258     0.602    
    SLICE_X5Y89          FDCE (Hold_fdce_C_D)         0.092     0.694    lcd_inst/cmd_data_writer/wr_substate_reg[0]
  -------------------------------------------------------------------
                         required time                         -0.694    
                         arrival time                           0.904    
  -------------------------------------------------------------------
                         slack                                  0.210    

Slack (MET) :             0.213ns  (arrival time - required time)
  Source:                 lcd_inst/cmd_data_writer/wr_substate_reg[2]/C
                            (rising edge-triggered cell FDCE clocked by clk_out1_clk_wiz_0  {rise@0.000ns fall@10.000ns period=20.000ns})
  Destination:            lcd_inst/cmd_data_writer/FSM_sequential_state_reg[1]/D
                            (rising edge-triggered cell FDCE clocked by clk_out1_clk_wiz_0  {rise@0.000ns fall@10.000ns period=20.000ns})
  Path Group:             clk_out1_clk_wiz_0
  Path Type:              Hold (Min at Fast Process Corner)
  Requirement:            0.000ns  (clk_out1_clk_wiz_0 rise@0.000ns - clk_out1_clk_wiz_0 rise@0.000ns)
  Data Path Delay:        0.318ns  (logic 0.186ns (58.581%)  route 0.132ns (41.419%))
  Logic Levels:           1  (LUT5=1)
  Clock Path Skew:        0.013ns (DCD - SCD - CPR)
    Destination Clock Delay (DCD):    0.860ns
    Source Clock Delay      (SCD):    0.589ns
    Clock Pessimism Removal (CPR):    0.258ns

    Location             Delay type                Incr(ns)  Path(ns)    Netlist Resource(s)
  -------------------------------------------------------------------    -------------------
                         (clock clk_out1_clk_wiz_0 rise edge)
                                                      0.000     0.000 r  
    BUFGCTRL_X0Y0        BUFG                         0.000     0.000 r  main_clk_pll/inst/clkout1_buf/O
                         net (fo=162, routed)         0.549     0.549    lcd_inst/lcd_clk_pll/inst/clk_in1
    MMCME2_ADV_X0Y0      MMCME2_ADV (Prop_mmcme2_adv_CLKIN1_CLKOUT0)
                                                     -1.063    -0.515 r  lcd_inst/lcd_clk_pll/inst/mmcm_adv_inst/CLKOUT0
                         net (fo=1, routed)           0.489    -0.026    lcd_inst/lcd_clk_pll/inst/clk_out1_clk_wiz_0
    BUFGCTRL_X0Y1        BUFG (Prop_bufg_I_O)         0.026     0.000 r  lcd_inst/lcd_clk_pll/inst/clkout1_buf/O
                         net (fo=234, routed)         0.589     0.589    lcd_inst/cmd_data_writer/CLK
    SLICE_X4Y89          FDCE                                         r  lcd_inst/cmd_data_writer/wr_substate_reg[2]/C
  -------------------------------------------------------------------    -------------------
    SLICE_X4Y89          FDCE (Prop_fdce_C_Q)         0.141     0.730 f  lcd_inst/cmd_data_writer/wr_substate_reg[2]/Q
                         net (fo=10, routed)          0.132     0.861    lcd_inst/cmd_data_writer/wr_substate_reg_n_0_[2]
    SLICE_X5Y89          LUT5 (Prop_lut5_I1_O)        0.045     0.906 r  lcd_inst/cmd_data_writer/FSM_sequential_state[1]_i_1/O
                         net (fo=1, routed)           0.000     0.906    lcd_inst/cmd_data_writer/FSM_sequential_state[1]_i_1_n_0
    SLICE_X5Y89          FDCE                                         r  lcd_inst/cmd_data_writer/FSM_sequential_state_reg[1]/D
  -------------------------------------------------------------------    -------------------

                         (clock clk_out1_clk_wiz_0 rise edge)
                                                      0.000     0.000 r  
    BUFGCTRL_X0Y0        BUFG                         0.000     0.000 r  main_clk_pll/inst/clkout1_buf/O
                         net (fo=162, routed)         0.816     0.816    lcd_inst/lcd_clk_pll/inst/clk_in1
    MMCME2_ADV_X0Y0      MMCME2_ADV (Prop_mmcme2_adv_CLKIN1_CLKOUT0)
                                                     -1.378    -0.563 r  lcd_inst/lcd_clk_pll/inst/mmcm_adv_inst/CLKOUT0
                         net (fo=1, routed)           0.534    -0.029    lcd_inst/lcd_clk_pll/inst/clk_out1_clk_wiz_0
    BUFGCTRL_X0Y1        BUFG (Prop_bufg_I_O)         0.029    -0.000 r  lcd_inst/lcd_clk_pll/inst/clkout1_buf/O
                         net (fo=234, routed)         0.860     0.859    lcd_inst/cmd_data_writer/CLK
    SLICE_X5Y89          FDCE                                         r  lcd_inst/cmd_data_writer/FSM_sequential_state_reg[1]/C
                         clock pessimism             -0.258     0.602    
    SLICE_X5Y89          FDCE (Hold_fdce_C_D)         0.092     0.694    lcd_inst/cmd_data_writer/FSM_sequential_state_reg[1]
  -------------------------------------------------------------------
                         required time                         -0.694    
                         arrival time                           0.906    
  -------------------------------------------------------------------
                         slack                                  0.213    

Slack (MET) :             0.215ns  (arrival time - required time)
  Source:                 lcd_inst/cmd_data_writer/wr_substate_reg[2]/C
                            (rising edge-triggered cell FDCE clocked by clk_out1_clk_wiz_0  {rise@0.000ns fall@10.000ns period=20.000ns})
  Destination:            lcd_inst/cmd_data_writer/FSM_sequential_state_reg[0]/D
                            (rising edge-triggered cell FDCE clocked by clk_out1_clk_wiz_0  {rise@0.000ns fall@10.000ns period=20.000ns})
  Path Group:             clk_out1_clk_wiz_0
  Path Type:              Hold (Min at Fast Process Corner)
  Requirement:            0.000ns  (clk_out1_clk_wiz_0 rise@0.000ns - clk_out1_clk_wiz_0 rise@0.000ns)
  Data Path Delay:        0.319ns  (logic 0.186ns (58.397%)  route 0.133ns (41.603%))
  Logic Levels:           1  (LUT6=1)
  Clock Path Skew:        0.013ns (DCD - SCD - CPR)
    Destination Clock Delay (DCD):    0.860ns
    Source Clock Delay      (SCD):    0.589ns
    Clock Pessimism Removal (CPR):    0.258ns

    Location             Delay type                Incr(ns)  Path(ns)    Netlist Resource(s)
  -------------------------------------------------------------------    -------------------
                         (clock clk_out1_clk_wiz_0 rise edge)
                                                      0.000     0.000 r  
    BUFGCTRL_X0Y0        BUFG                         0.000     0.000 r  main_clk_pll/inst/clkout1_buf/O
                         net (fo=162, routed)         0.549     0.549    lcd_inst/lcd_clk_pll/inst/clk_in1
    MMCME2_ADV_X0Y0      MMCME2_ADV (Prop_mmcme2_adv_CLKIN1_CLKOUT0)
                                                     -1.063    -0.515 r  lcd_inst/lcd_clk_pll/inst/mmcm_adv_inst/CLKOUT0
                         net (fo=1, routed)           0.489    -0.026    lcd_inst/lcd_clk_pll/inst/clk_out1_clk_wiz_0
    BUFGCTRL_X0Y1        BUFG (Prop_bufg_I_O)         0.026     0.000 r  lcd_inst/lcd_clk_pll/inst/clkout1_buf/O
                         net (fo=234, routed)         0.589     0.589    lcd_inst/cmd_data_writer/CLK
    SLICE_X4Y89          FDCE                                         r  lcd_inst/cmd_data_writer/wr_substate_reg[2]/C
  -------------------------------------------------------------------    -------------------
    SLICE_X4Y89          FDCE (Prop_fdce_C_Q)         0.141     0.730 r  lcd_inst/cmd_data_writer/wr_substate_reg[2]/Q
                         net (fo=10, routed)          0.133     0.862    lcd_inst/cmd_data_writer/wr_substate_reg_n_0_[2]
    SLICE_X5Y89          LUT6 (Prop_lut6_I3_O)        0.045     0.907 r  lcd_inst/cmd_data_writer/FSM_sequential_state[0]_i_1/O
                         net (fo=1, routed)           0.000     0.907    lcd_inst/cmd_data_writer/FSM_sequential_state[0]_i_1_n_0
    SLICE_X5Y89          FDCE                                         r  lcd_inst/cmd_data_writer/FSM_sequential_state_reg[0]/D
  -------------------------------------------------------------------    -------------------

                         (clock clk_out1_clk_wiz_0 rise edge)
                                                      0.000     0.000 r  
    BUFGCTRL_X0Y0        BUFG                         0.000     0.000 r  main_clk_pll/inst/clkout1_buf/O
                         net (fo=162, routed)         0.816     0.816    lcd_inst/lcd_clk_pll/inst/clk_in1
    MMCME2_ADV_X0Y0      MMCME2_ADV (Prop_mmcme2_adv_CLKIN1_CLKOUT0)
                                                     -1.378    -0.563 r  lcd_inst/lcd_clk_pll/inst/mmcm_adv_inst/CLKOUT0
                         net (fo=1, routed)           0.534    -0.029    lcd_inst/lcd_clk_pll/inst/clk_out1_clk_wiz_0
    BUFGCTRL_X0Y1        BUFG (Prop_bufg_I_O)         0.029    -0.000 r  lcd_inst/lcd_clk_pll/inst/clkout1_buf/O
                         net (fo=234, routed)         0.860     0.859    lcd_inst/cmd_data_writer/CLK
    SLICE_X5Y89          FDCE                                         r  lcd_inst/cmd_data_writer/FSM_sequential_state_reg[0]/C
                         clock pessimism             -0.258     0.602    
    SLICE_X5Y89          FDCE (Hold_fdce_C_D)         0.091     0.693    lcd_inst/cmd_data_writer/FSM_sequential_state_reg[0]
  -------------------------------------------------------------------
                         required time                         -0.693    
                         arrival time                           0.907    
  -------------------------------------------------------------------
                         slack                                  0.215    

Slack (MET) :             0.217ns  (arrival time - required time)
  Source:                 lcd_inst/cmd_ndata_writer/done_reg/C
                            (rising edge-triggered cell FDCE clocked by clk_out1_clk_wiz_0  {rise@0.000ns fall@10.000ns period=20.000ns})
  Destination:            lcd_inst/start_read_data_reg_reg/D
                            (rising edge-triggered cell FDRE clocked by clk_out1_clk_wiz_0  {rise@0.000ns fall@10.000ns period=20.000ns})
  Path Group:             clk_out1_clk_wiz_0
  Path Type:              Hold (Min at Fast Process Corner)
  Requirement:            0.000ns  (clk_out1_clk_wiz_0 rise@0.000ns - clk_out1_clk_wiz_0 rise@0.000ns)
  Data Path Delay:        0.322ns  (logic 0.186ns (57.801%)  route 0.136ns (42.199%))
  Logic Levels:           1  (LUT6=1)
  Clock Path Skew:        0.014ns (DCD - SCD - CPR)
    Destination Clock Delay (DCD):    0.856ns
    Source Clock Delay      (SCD):    0.587ns
    Clock Pessimism Removal (CPR):    0.255ns

    Location             Delay type                Incr(ns)  Path(ns)    Netlist Resource(s)
  -------------------------------------------------------------------    -------------------
                         (clock clk_out1_clk_wiz_0 rise edge)
                                                      0.000     0.000 r  
    BUFGCTRL_X0Y0        BUFG                         0.000     0.000 r  main_clk_pll/inst/clkout1_buf/O
                         net (fo=162, routed)         0.549     0.549    lcd_inst/lcd_clk_pll/inst/clk_in1
    MMCME2_ADV_X0Y0      MMCME2_ADV (Prop_mmcme2_adv_CLKIN1_CLKOUT0)
                                                     -1.063    -0.515 r  lcd_inst/lcd_clk_pll/inst/mmcm_adv_inst/CLKOUT0
                         net (fo=1, routed)           0.489    -0.026    lcd_inst/lcd_clk_pll/inst/clk_out1_clk_wiz_0
    BUFGCTRL_X0Y1        BUFG (Prop_bufg_I_O)         0.026     0.000 r  lcd_inst/lcd_clk_pll/inst/clkout1_buf/O
                         net (fo=234, routed)         0.587     0.587    lcd_inst/cmd_ndata_writer/CLK
    SLICE_X5Y85          FDCE                                         r  lcd_inst/cmd_ndata_writer/done_reg/C
  -------------------------------------------------------------------    -------------------
    SLICE_X5Y85          FDCE (Prop_fdce_C_Q)         0.141     0.728 f  lcd_inst/cmd_ndata_writer/done_reg/Q
                         net (fo=6, routed)           0.136     0.863    lcd_inst/cmd_ndata_writer/cmd_ndata_done
    SLICE_X4Y84          LUT6 (Prop_lut6_I2_O)        0.045     0.908 r  lcd_inst/cmd_ndata_writer/start_read_data_reg_i_1/O
                         net (fo=1, routed)           0.000     0.908    lcd_inst/cmd_ndata_writer_n_29
    SLICE_X4Y84          FDRE                                         r  lcd_inst/start_read_data_reg_reg/D
  -------------------------------------------------------------------    -------------------

                         (clock clk_out1_clk_wiz_0 rise edge)
                                                      0.000     0.000 r  
    BUFGCTRL_X0Y0        BUFG                         0.000     0.000 r  main_clk_pll/inst/clkout1_buf/O
                         net (fo=162, routed)         0.816     0.816    lcd_inst/lcd_clk_pll/inst/clk_in1
    MMCME2_ADV_X0Y0      MMCME2_ADV (Prop_mmcme2_adv_CLKIN1_CLKOUT0)
                                                     -1.378    -0.563 r  lcd_inst/lcd_clk_pll/inst/mmcm_adv_inst/CLKOUT0
                         net (fo=1, routed)           0.534    -0.029    lcd_inst/lcd_clk_pll/inst/clk_out1_clk_wiz_0
    BUFGCTRL_X0Y1        BUFG (Prop_bufg_I_O)         0.029    -0.000 r  lcd_inst/lcd_clk_pll/inst/clkout1_buf/O
                         net (fo=234, routed)         0.855     0.855    lcd_inst/clk_out1
    SLICE_X4Y84          FDRE                                         r  lcd_inst/start_read_data_reg_reg/C
                         clock pessimism             -0.255     0.601    
    SLICE_X4Y84          FDRE (Hold_fdre_C_D)         0.091     0.692    lcd_inst/start_read_data_reg_reg
  -------------------------------------------------------------------
                         required time                         -0.692    
                         arrival time                           0.908    
  -------------------------------------------------------------------
                         slack                                  0.217    

Slack (MET) :             0.220ns  (arrival time - required time)
  Source:                 lcd_inst/cmd_data_reg[8]/C
                            (rising edge-triggered cell FDCE clocked by clk_out1_clk_wiz_0  {rise@0.000ns fall@10.000ns period=20.000ns})
  Destination:            lcd_inst/cmd_data_writer/LCD_DATA_reg[8]/D
                            (rising edge-triggered cell FDRE clocked by clk_out1_clk_wiz_0  {rise@0.000ns fall@10.000ns period=20.000ns})
  Path Group:             clk_out1_clk_wiz_0
  Path Type:              Hold (Min at Fast Process Corner)
  Requirement:            0.000ns  (clk_out1_clk_wiz_0 rise@0.000ns - clk_out1_clk_wiz_0 rise@0.000ns)
  Data Path Delay:        0.328ns  (logic 0.141ns (42.959%)  route 0.187ns (57.041%))
  Logic Levels:           0  
  Clock Path Skew:        0.036ns (DCD - SCD - CPR)
    Destination Clock Delay (DCD):    0.860ns
    Source Clock Delay      (SCD):    0.590ns
    Clock Pessimism Removal (CPR):    0.234ns

    Location             Delay type                Incr(ns)  Path(ns)    Netlist Resource(s)
  -------------------------------------------------------------------    -------------------
                         (clock clk_out1_clk_wiz_0 rise edge)
                                                      0.000     0.000 r  
    BUFGCTRL_X0Y0        BUFG                         0.000     0.000 r  main_clk_pll/inst/clkout1_buf/O
                         net (fo=162, routed)         0.549     0.549    lcd_inst/lcd_clk_pll/inst/clk_in1
    MMCME2_ADV_X0Y0      MMCME2_ADV (Prop_mmcme2_adv_CLKIN1_CLKOUT0)
                                                     -1.063    -0.515 r  lcd_inst/lcd_clk_pll/inst/mmcm_adv_inst/CLKOUT0
                         net (fo=1, routed)           0.489    -0.026    lcd_inst/lcd_clk_pll/inst/clk_out1_clk_wiz_0
    BUFGCTRL_X0Y1        BUFG (Prop_bufg_I_O)         0.026     0.000 r  lcd_inst/lcd_clk_pll/inst/clkout1_buf/O
                         net (fo=234, routed)         0.590     0.590    lcd_inst/clk_out1
    SLICE_X4Y90          FDCE                                         r  lcd_inst/cmd_data_reg[8]/C
  -------------------------------------------------------------------    -------------------
    SLICE_X4Y90          FDCE (Prop_fdce_C_Q)         0.141     0.731 r  lcd_inst/cmd_data_reg[8]/Q
                         net (fo=2, routed)           0.187     0.918    lcd_inst/cmd_data_writer/LCD_DATA_reg[15]_0[6]
    SLICE_X3Y87          FDRE                                         r  lcd_inst/cmd_data_writer/LCD_DATA_reg[8]/D
  -------------------------------------------------------------------    -------------------

                         (clock clk_out1_clk_wiz_0 rise edge)
                                                      0.000     0.000 r  
    BUFGCTRL_X0Y0        BUFG                         0.000     0.000 r  main_clk_pll/inst/clkout1_buf/O
                         net (fo=162, routed)         0.816     0.816    lcd_inst/lcd_clk_pll/inst/clk_in1
    MMCME2_ADV_X0Y0      MMCME2_ADV (Prop_mmcme2_adv_CLKIN1_CLKOUT0)
                                                     -1.378    -0.563 r  lcd_inst/lcd_clk_pll/inst/mmcm_adv_inst/CLKOUT0
                         net (fo=1, routed)           0.534    -0.029    lcd_inst/lcd_clk_pll/inst/clk_out1_clk_wiz_0
    BUFGCTRL_X0Y1        BUFG (Prop_bufg_I_O)         0.029    -0.000 r  lcd_inst/lcd_clk_pll/inst/clkout1_buf/O
                         net (fo=234, routed)         0.859     0.859    lcd_inst/cmd_data_writer/CLK
    SLICE_X3Y87          FDRE                                         r  lcd_inst/cmd_data_writer/LCD_DATA_reg[8]/C
                         clock pessimism             -0.234     0.626    
    SLICE_X3Y87          FDRE (Hold_fdre_C_D)         0.072     0.698    lcd_inst/cmd_data_writer/LCD_DATA_reg[8]
  -------------------------------------------------------------------
                         required time                         -0.698    
                         arrival time                           0.918    
  -------------------------------------------------------------------
                         slack                                  0.220    

Slack (MET) :             0.228ns  (arrival time - required time)
  Source:                 lcd_inst/cmd_ndata_start_reg/C
                            (rising edge-triggered cell FDCE clocked by clk_out1_clk_wiz_0  {rise@0.000ns fall@10.000ns period=20.000ns})
  Destination:            lcd_inst/cmd_ndata_writer/LCD_WR_reg/D
                            (rising edge-triggered cell FDPE clocked by clk_out1_clk_wiz_0  {rise@0.000ns fall@10.000ns period=20.000ns})
  Path Group:             clk_out1_clk_wiz_0
  Path Type:              Hold (Min at Fast Process Corner)
  Requirement:            0.000ns  (clk_out1_clk_wiz_0 rise@0.000ns - clk_out1_clk_wiz_0 rise@0.000ns)
  Data Path Delay:        0.319ns  (logic 0.227ns (71.232%)  route 0.092ns (28.768%))
  Logic Levels:           1  (LUT5=1)
  Clock Path Skew:        0.000ns (DCD - SCD - CPR)
    Destination Clock Delay (DCD):    0.856ns
    Source Clock Delay      (SCD):    0.587ns
    Clock Pessimism Removal (CPR):    0.270ns

    Location             Delay type                Incr(ns)  Path(ns)    Netlist Resource(s)
  -------------------------------------------------------------------    -------------------
                         (clock clk_out1_clk_wiz_0 rise edge)
                                                      0.000     0.000 r  
    BUFGCTRL_X0Y0        BUFG                         0.000     0.000 r  main_clk_pll/inst/clkout1_buf/O
                         net (fo=162, routed)         0.549     0.549    lcd_inst/lcd_clk_pll/inst/clk_in1
    MMCME2_ADV_X0Y0      MMCME2_ADV (Prop_mmcme2_adv_CLKIN1_CLKOUT0)
                                                     -1.063    -0.515 r  lcd_inst/lcd_clk_pll/inst/mmcm_adv_inst/CLKOUT0
                         net (fo=1, routed)           0.489    -0.026    lcd_inst/lcd_clk_pll/inst/clk_out1_clk_wiz_0
    BUFGCTRL_X0Y1        BUFG (Prop_bufg_I_O)         0.026     0.000 r  lcd_inst/lcd_clk_pll/inst/clkout1_buf/O
                         net (fo=234, routed)         0.587     0.587    lcd_inst/clk_out1
    SLICE_X4Y86          FDCE                                         r  lcd_inst/cmd_ndata_start_reg/C
  -------------------------------------------------------------------    -------------------
    SLICE_X4Y86          FDCE (Prop_fdce_C_Q)         0.128     0.715 r  lcd_inst/cmd_ndata_start_reg/Q
                         net (fo=7, routed)           0.092     0.806    lcd_inst/cmd_ndata_writer/cmd_ndata_start
    SLICE_X4Y86          LUT5 (Prop_lut5_I1_O)        0.099     0.905 r  lcd_inst/cmd_ndata_writer/LCD_WR_i_1__1/O
                         net (fo=1, routed)           0.000     0.905    lcd_inst/cmd_ndata_writer/LCD_WR_i_1__1_n_0
    SLICE_X4Y86          FDPE                                         r  lcd_inst/cmd_ndata_writer/LCD_WR_reg/D
  -------------------------------------------------------------------    -------------------

                         (clock clk_out1_clk_wiz_0 rise edge)
                                                      0.000     0.000 r  
    BUFGCTRL_X0Y0        BUFG                         0.000     0.000 r  main_clk_pll/inst/clkout1_buf/O
                         net (fo=162, routed)         0.816     0.816    lcd_inst/lcd_clk_pll/inst/clk_in1
    MMCME2_ADV_X0Y0      MMCME2_ADV (Prop_mmcme2_adv_CLKIN1_CLKOUT0)
                                                     -1.378    -0.563 r  lcd_inst/lcd_clk_pll/inst/mmcm_adv_inst/CLKOUT0
                         net (fo=1, routed)           0.534    -0.029    lcd_inst/lcd_clk_pll/inst/clk_out1_clk_wiz_0
    BUFGCTRL_X0Y1        BUFG (Prop_bufg_I_O)         0.029    -0.000 r  lcd_inst/lcd_clk_pll/inst/clkout1_buf/O
                         net (fo=234, routed)         0.856     0.856    lcd_inst/cmd_ndata_writer/CLK
    SLICE_X4Y86          FDPE                                         r  lcd_inst/cmd_ndata_writer/LCD_WR_reg/C
                         clock pessimism             -0.270     0.587    
    SLICE_X4Y86          FDPE (Hold_fdpe_C_D)         0.091     0.678    lcd_inst/cmd_ndata_writer/LCD_WR_reg
  -------------------------------------------------------------------
                         required time                         -0.678    
                         arrival time                           0.905    
  -------------------------------------------------------------------
                         slack                                  0.228    

Slack (MET) :             0.242ns  (arrival time - required time)
  Source:                 lcd_inst/cmd_data_reg[9]/C
                            (rising edge-triggered cell FDCE clocked by clk_out1_clk_wiz_0  {rise@0.000ns fall@10.000ns period=20.000ns})
  Destination:            lcd_inst/cmd_writer/LCD_DATA_reg[9]/D
                            (rising edge-triggered cell FDRE clocked by clk_out1_clk_wiz_0  {rise@0.000ns fall@10.000ns period=20.000ns})
  Path Group:             clk_out1_clk_wiz_0
  Path Type:              Hold (Min at Fast Process Corner)
  Requirement:            0.000ns  (clk_out1_clk_wiz_0 rise@0.000ns - clk_out1_clk_wiz_0 rise@0.000ns)
  Data Path Delay:        0.323ns  (logic 0.141ns (43.653%)  route 0.182ns (56.347%))
  Logic Levels:           0  
  Clock Path Skew:        0.015ns (DCD - SCD - CPR)
    Destination Clock Delay (DCD):    0.860ns
    Source Clock Delay      (SCD):    0.590ns
    Clock Pessimism Removal (CPR):    0.255ns

    Location             Delay type                Incr(ns)  Path(ns)    Netlist Resource(s)
  -------------------------------------------------------------------    -------------------
                         (clock clk_out1_clk_wiz_0 rise edge)
                                                      0.000     0.000 r  
    BUFGCTRL_X0Y0        BUFG                         0.000     0.000 r  main_clk_pll/inst/clkout1_buf/O
                         net (fo=162, routed)         0.549     0.549    lcd_inst/lcd_clk_pll/inst/clk_in1
    MMCME2_ADV_X0Y0      MMCME2_ADV (Prop_mmcme2_adv_CLKIN1_CLKOUT0)
                                                     -1.063    -0.515 r  lcd_inst/lcd_clk_pll/inst/mmcm_adv_inst/CLKOUT0
                         net (fo=1, routed)           0.489    -0.026    lcd_inst/lcd_clk_pll/inst/clk_out1_clk_wiz_0
    BUFGCTRL_X0Y1        BUFG (Prop_bufg_I_O)         0.026     0.000 r  lcd_inst/lcd_clk_pll/inst/clkout1_buf/O
                         net (fo=234, routed)         0.590     0.590    lcd_inst/clk_out1
    SLICE_X4Y91          FDCE                                         r  lcd_inst/cmd_data_reg[9]/C
  -------------------------------------------------------------------    -------------------
    SLICE_X4Y91          FDCE (Prop_fdce_C_Q)         0.141     0.731 r  lcd_inst/cmd_data_reg[9]/Q
                         net (fo=2, routed)           0.182     0.913    lcd_inst/cmd_writer/LCD_DATA_reg[15]_1[7]
    SLICE_X4Y88          FDRE                                         r  lcd_inst/cmd_writer/LCD_DATA_reg[9]/D
  -------------------------------------------------------------------    -------------------

                         (clock clk_out1_clk_wiz_0 rise edge)
                                                      0.000     0.000 r  
    BUFGCTRL_X0Y0        BUFG                         0.000     0.000 r  main_clk_pll/inst/clkout1_buf/O
                         net (fo=162, routed)         0.816     0.816    lcd_inst/lcd_clk_pll/inst/clk_in1
    MMCME2_ADV_X0Y0      MMCME2_ADV (Prop_mmcme2_adv_CLKIN1_CLKOUT0)
                                                     -1.378    -0.563 r  lcd_inst/lcd_clk_pll/inst/mmcm_adv_inst/CLKOUT0
                         net (fo=1, routed)           0.534    -0.029    lcd_inst/lcd_clk_pll/inst/clk_out1_clk_wiz_0
    BUFGCTRL_X0Y1        BUFG (Prop_bufg_I_O)         0.029    -0.000 r  lcd_inst/lcd_clk_pll/inst/clkout1_buf/O
                         net (fo=234, routed)         0.860     0.859    lcd_inst/cmd_writer/clk_out1
    SLICE_X4Y88          FDRE                                         r  lcd_inst/cmd_writer/LCD_DATA_reg[9]/C
                         clock pessimism             -0.255     0.605    
    SLICE_X4Y88          FDRE (Hold_fdre_C_D)         0.066     0.671    lcd_inst/cmd_writer/LCD_DATA_reg[9]
  -------------------------------------------------------------------
                         required time                         -0.671    
                         arrival time                           0.913    
  -------------------------------------------------------------------
                         slack                                  0.242    

Slack (MET) :             0.242ns  (arrival time - required time)
  Source:                 lcd_inst/cmd_ndata_writer/FSM_sequential_fill_display_state_reg[0]/C
                            (rising edge-triggered cell FDCE clocked by clk_out1_clk_wiz_0  {rise@0.000ns fall@10.000ns period=20.000ns})
  Destination:            lcd_inst/cmd_ndata_writer/FSM_sequential_fill_display_state_reg[2]/D
                            (rising edge-triggered cell FDCE clocked by clk_out1_clk_wiz_0  {rise@0.000ns fall@10.000ns period=20.000ns})
  Path Group:             clk_out1_clk_wiz_0
  Path Type:              Hold (Min at Fast Process Corner)
  Requirement:            0.000ns  (clk_out1_clk_wiz_0 rise@0.000ns - clk_out1_clk_wiz_0 rise@0.000ns)
  Data Path Delay:        0.388ns  (logic 0.189ns (48.699%)  route 0.199ns (51.301%))
  Logic Levels:           1  (LUT3=1)
  Clock Path Skew:        0.015ns (DCD - SCD - CPR)
    Destination Clock Delay (DCD):    0.856ns
    Source Clock Delay      (SCD):    0.587ns
    Clock Pessimism Removal (CPR):    0.255ns

    Location             Delay type                Incr(ns)  Path(ns)    Netlist Resource(s)
  -------------------------------------------------------------------    -------------------
                         (clock clk_out1_clk_wiz_0 rise edge)
                                                      0.000     0.000 r  
    BUFGCTRL_X0Y0        BUFG                         0.000     0.000 r  main_clk_pll/inst/clkout1_buf/O
                         net (fo=162, routed)         0.549     0.549    lcd_inst/lcd_clk_pll/inst/clk_in1
    MMCME2_ADV_X0Y0      MMCME2_ADV (Prop_mmcme2_adv_CLKIN1_CLKOUT0)
                                                     -1.063    -0.515 r  lcd_inst/lcd_clk_pll/inst/mmcm_adv_inst/CLKOUT0
                         net (fo=1, routed)           0.489    -0.026    lcd_inst/lcd_clk_pll/inst/clk_out1_clk_wiz_0
    BUFGCTRL_X0Y1        BUFG (Prop_bufg_I_O)         0.026     0.000 r  lcd_inst/lcd_clk_pll/inst/clkout1_buf/O
                         net (fo=234, routed)         0.587     0.587    lcd_inst/cmd_ndata_writer/CLK
    SLICE_X5Y85          FDCE                                         r  lcd_inst/cmd_ndata_writer/FSM_sequential_fill_display_state_reg[0]/C
  -------------------------------------------------------------------    -------------------
    SLICE_X5Y85          FDCE (Prop_fdce_C_Q)         0.141     0.728 r  lcd_inst/cmd_ndata_writer/FSM_sequential_fill_display_state_reg[0]/Q
                         net (fo=10, routed)          0.199     0.927    lcd_inst/cmd_ndata_writer/fill_display_state[0]
    SLICE_X6Y86          LUT3 (Prop_lut3_I1_O)        0.048     0.975 r  lcd_inst/cmd_ndata_writer/FSM_sequential_fill_display_state[2]_i_1/O
                         net (fo=1, routed)           0.000     0.975    lcd_inst/cmd_ndata_writer/FSM_sequential_fill_display_state[2]_i_1_n_0
    SLICE_X6Y86          FDCE                                         r  lcd_inst/cmd_ndata_writer/FSM_sequential_fill_display_state_reg[2]/D
  -------------------------------------------------------------------    -------------------

                         (clock clk_out1_clk_wiz_0 rise edge)
                                                      0.000     0.000 r  
    BUFGCTRL_X0Y0        BUFG                         0.000     0.000 r  main_clk_pll/inst/clkout1_buf/O
                         net (fo=162, routed)         0.816     0.816    lcd_inst/lcd_clk_pll/inst/clk_in1
    MMCME2_ADV_X0Y0      MMCME2_ADV (Prop_mmcme2_adv_CLKIN1_CLKOUT0)
                                                     -1.378    -0.563 r  lcd_inst/lcd_clk_pll/inst/mmcm_adv_inst/CLKOUT0
                         net (fo=1, routed)           0.534    -0.029    lcd_inst/lcd_clk_pll/inst/clk_out1_clk_wiz_0
    BUFGCTRL_X0Y1        BUFG (Prop_bufg_I_O)         0.029    -0.000 r  lcd_inst/lcd_clk_pll/inst/clkout1_buf/O
                         net (fo=234, routed)         0.856     0.856    lcd_inst/cmd_ndata_writer/CLK
    SLICE_X6Y86          FDCE                                         r  lcd_inst/cmd_ndata_writer/FSM_sequential_fill_display_state_reg[2]/C
                         clock pessimism             -0.255     0.602    
    SLICE_X6Y86          FDCE (Hold_fdce_C_D)         0.131     0.733    lcd_inst/cmd_ndata_writer/FSM_sequential_fill_display_state_reg[2]
  -------------------------------------------------------------------
                         required time                         -0.733    
                         arrival time                           0.975    
  -------------------------------------------------------------------
                         slack                                  0.242    





Pulse Width Checks
--------------------------------------------------------------------------------------
Clock Name:         clk_out1_clk_wiz_0
Waveform(ns):       { 0.000 10.000 }
Period(ns):         20.000
Sources:            { lcd_inst/lcd_clk_pll/inst/mmcm_adv_inst/CLKOUT0 }

Check Type        Corner  Lib Pin             Reference Pin  Required(ns)  Actual(ns)  Slack(ns)  Location         Pin
Min Period        n/a     BUFG/I              n/a            2.155         20.000      17.845     BUFGCTRL_X0Y1    lcd_inst/lcd_clk_pll/inst/clkout1_buf/I
Min Period        n/a     DSP48E1/CLK         n/a            2.154         20.000      17.846     DSP48_X0Y35      lcd_inst/total_pixels0/CLK
Min Period        n/a     DSP48E1/CLK         n/a            2.154         20.000      17.846     DSP48_X0Y34      lcd_inst/total_pixels0__1/CLK
Min Period        n/a     MMCME2_ADV/CLKOUT0  n/a            1.249         20.000      18.751     MMCME2_ADV_X0Y0  lcd_inst/lcd_clk_pll/inst/mmcm_adv_inst/CLKOUT0
Min Period        n/a     FDCE/C              n/a            1.000         20.000      19.000     SLICE_X12Y87     fill_display_state1_carry__1_i_25/C
Min Period        n/a     FDCE/C              n/a            1.000         20.000      19.000     SLICE_X2Y76      lcd_inst/LCD_BL_reg_reg/C
Min Period        n/a     FDCE/C              n/a            1.000         20.000      19.000     SLICE_X1Y85      lcd_inst/LCD_RESET_reg_reg/C
Min Period        n/a     FDCE/C              n/a            1.000         20.000      19.000     SLICE_X3Y88      lcd_inst/active_writer_reg[0]/C
Min Period        n/a     FDCE/C              n/a            1.000         20.000      19.000     SLICE_X3Y88      lcd_inst/active_writer_reg[1]/C
Min Period        n/a     FDCE/C              n/a            1.000         20.000      19.000     SLICE_X3Y88      lcd_inst/active_writer_reg[2]/C
Max Period        n/a     MMCME2_ADV/CLKOUT0  n/a            213.360       20.000      193.360    MMCME2_ADV_X0Y0  lcd_inst/lcd_clk_pll/inst/mmcm_adv_inst/CLKOUT0
Low Pulse Width   Slow    FDCE/C              n/a            0.500         10.000      9.500      SLICE_X12Y87     fill_display_state1_carry__1_i_25/C
Low Pulse Width   Fast    FDCE/C              n/a            0.500         10.000      9.500      SLICE_X12Y87     fill_display_state1_carry__1_i_25/C
Low Pulse Width   Slow    FDCE/C              n/a            0.500         10.000      9.500      SLICE_X2Y76      lcd_inst/LCD_BL_reg_reg/C
Low Pulse Width   Fast    FDCE/C              n/a            0.500         10.000      9.500      SLICE_X2Y76      lcd_inst/LCD_BL_reg_reg/C
Low Pulse Width   Slow    FDCE/C              n/a            0.500         10.000      9.500      SLICE_X1Y85      lcd_inst/LCD_RESET_reg_reg/C
Low Pulse Width   Fast    FDCE/C              n/a            0.500         10.000      9.500      SLICE_X1Y85      lcd_inst/LCD_RESET_reg_reg/C
Low Pulse Width   Slow    FDCE/C              n/a            0.500         10.000      9.500      SLICE_X3Y88      lcd_inst/active_writer_reg[0]/C
Low Pulse Width   Fast    FDCE/C              n/a            0.500         10.000      9.500      SLICE_X3Y88      lcd_inst/active_writer_reg[0]/C
Low Pulse Width   Slow    FDCE/C              n/a            0.500         10.000      9.500      SLICE_X3Y88      lcd_inst/active_writer_reg[1]/C
Low Pulse Width   Fast    FDCE/C              n/a            0.500         10.000      9.500      SLICE_X3Y88      lcd_inst/active_writer_reg[1]/C
High Pulse Width  Slow    FDCE/C              n/a            0.500         10.000      9.500      SLICE_X12Y87     fill_display_state1_carry__1_i_25/C
High Pulse Width  Fast    FDCE/C              n/a            0.500         10.000      9.500      SLICE_X12Y87     fill_display_state1_carry__1_i_25/C
High Pulse Width  Slow    FDCE/C              n/a            0.500         10.000      9.500      SLICE_X2Y76      lcd_inst/LCD_BL_reg_reg/C
High Pulse Width  Fast    FDCE/C              n/a            0.500         10.000      9.500      SLICE_X2Y76      lcd_inst/LCD_BL_reg_reg/C
High Pulse Width  Slow    FDCE/C              n/a            0.500         10.000      9.500      SLICE_X1Y85      lcd_inst/LCD_RESET_reg_reg/C
High Pulse Width  Fast    FDCE/C              n/a            0.500         10.000      9.500      SLICE_X1Y85      lcd_inst/LCD_RESET_reg_reg/C
High Pulse Width  Slow    FDCE/C              n/a            0.500         10.000      9.500      SLICE_X3Y88      lcd_inst/active_writer_reg[0]/C
High Pulse Width  Fast    FDCE/C              n/a            0.500         10.000      9.500      SLICE_X3Y88      lcd_inst/active_writer_reg[0]/C
High Pulse Width  Slow    FDCE/C              n/a            0.500         10.000      9.500      SLICE_X3Y88      lcd_inst/active_writer_reg[1]/C
High Pulse Width  Fast    FDCE/C              n/a            0.500         10.000      9.500      SLICE_X3Y88      lcd_inst/active_writer_reg[1]/C



---------------------------------------------------------------------------------------------------
From Clock:  clkfbout_clk_wiz_0
  To Clock:  clkfbout_clk_wiz_0

Setup :           NA  Failing Endpoints,  Worst Slack           NA  ,  Total Violation           NA
Hold  :           NA  Failing Endpoints,  Worst Slack           NA  ,  Total Violation           NA
PW    :            0  Failing Endpoints,  Worst Slack       17.845ns,  Total Violation        0.000ns
---------------------------------------------------------------------------------------------------


Pulse Width Checks
--------------------------------------------------------------------------------------
Clock Name:         clkfbout_clk_wiz_0
Waveform(ns):       { 0.000 10.000 }
Period(ns):         20.000
Sources:            { lcd_inst/lcd_clk_pll/inst/mmcm_adv_inst/CLKFBOUT }

Check Type  Corner  Lib Pin              Reference Pin  Required(ns)  Actual(ns)  Slack(ns)  Location         Pin
Min Period  n/a     BUFG/I               n/a            2.155         20.000      17.845     BUFGCTRL_X0Y3    lcd_inst/lcd_clk_pll/inst/clkf_buf/I
Min Period  n/a     MMCME2_ADV/CLKFBOUT  n/a            1.249         20.000      18.751     MMCME2_ADV_X0Y0  lcd_inst/lcd_clk_pll/inst/mmcm_adv_inst/CLKFBOUT
Min Period  n/a     MMCME2_ADV/CLKFBIN   n/a            1.249         20.000      18.751     MMCME2_ADV_X0Y0  lcd_inst/lcd_clk_pll/inst/mmcm_adv_inst/CLKFBIN
Max Period  n/a     MMCME2_ADV/CLKFBIN   n/a            100.000       20.000      80.000     MMCME2_ADV_X0Y0  lcd_inst/lcd_clk_pll/inst/mmcm_adv_inst/CLKFBIN
Max Period  n/a     MMCME2_ADV/CLKFBOUT  n/a            213.360       20.000      193.360    MMCME2_ADV_X0Y0  lcd_inst/lcd_clk_pll/inst/mmcm_adv_inst/CLKFBOUT



---------------------------------------------------------------------------------------------------
From Clock:  main_clk_pll/inst/clk_in1
  To Clock:  main_clk_pll/inst/clk_in1

Setup :           NA  Failing Endpoints,  Worst Slack           NA  ,  Total Violation           NA
Hold  :           NA  Failing Endpoints,  Worst Slack           NA  ,  Total Violation           NA
PW    :            0  Failing Endpoints,  Worst Slack        7.000ns,  Total Violation        0.000ns
---------------------------------------------------------------------------------------------------


Pulse Width Checks
--------------------------------------------------------------------------------------
Clock Name:         main_clk_pll/inst/clk_in1
Waveform(ns):       { 0.000 10.000 }
Period(ns):         20.000
Sources:            { main_clk_pll/inst/clk_in1 }

Check Type        Corner  Lib Pin            Reference Pin  Required(ns)  Actual(ns)  Slack(ns)  Location         Pin
Min Period        n/a     MMCME2_ADV/CLKIN1  n/a            1.249         20.000      18.751     MMCME2_ADV_X1Y0  main_clk_pll/inst/mmcm_adv_inst/CLKIN1
Max Period        n/a     MMCME2_ADV/CLKIN1  n/a            100.000       20.000      80.000     MMCME2_ADV_X1Y0  main_clk_pll/inst/mmcm_adv_inst/CLKIN1
Low Pulse Width   Slow    MMCME2_ADV/CLKIN1  n/a            3.000         10.000      7.000      MMCME2_ADV_X1Y0  main_clk_pll/inst/mmcm_adv_inst/CLKIN1
Low Pulse Width   Fast    MMCME2_ADV/CLKIN1  n/a            3.000         10.000      7.000      MMCME2_ADV_X1Y0  main_clk_pll/inst/mmcm_adv_inst/CLKIN1
High Pulse Width  Slow    MMCME2_ADV/CLKIN1  n/a            3.000         10.000      7.000      MMCME2_ADV_X1Y0  main_clk_pll/inst/mmcm_adv_inst/CLKIN1
High Pulse Width  Fast    MMCME2_ADV/CLKIN1  n/a            3.000         10.000      7.000      MMCME2_ADV_X1Y0  main_clk_pll/inst/mmcm_adv_inst/CLKIN1



---------------------------------------------------------------------------------------------------
From Clock:  clk_out1_clk_wiz_1
  To Clock:  clk_out1_clk_wiz_1

Setup :            0  Failing Endpoints,  Worst Slack       75.364ns,  Total Violation        0.000ns
Hold  :            0  Failing Endpoints,  Worst Slack        0.194ns,  Total Violation        0.000ns
PW    :            0  Failing Endpoints,  Worst Slack       41.167ns,  Total Violation        0.000ns
---------------------------------------------------------------------------------------------------


Max Delay Paths
--------------------------------------------------------------------------------------
Slack (MET) :             75.364ns  (required time - arrival time)
  Source:                 screen_x1/CLK
                            (rising edge-triggered cell DSP48E1 clocked by clk_out1_clk_wiz_1  {rise@0.000ns fall@41.667ns period=83.333ns})
  Destination:            number_reg[3][1]/D
                            (rising edge-triggered cell FDPE clocked by clk_out1_clk_wiz_1  {rise@0.000ns fall@41.667ns period=83.333ns})
  Path Group:             clk_out1_clk_wiz_1
  Path Type:              Setup (Max at Slow Process Corner)
  Requirement:            83.333ns  (clk_out1_clk_wiz_1 rise@83.333ns - clk_out1_clk_wiz_1 rise@0.000ns)
  Data Path Delay:        7.610ns  (logic 1.553ns (20.407%)  route 6.057ns (79.593%))
  Logic Levels:           7  (CARRY4=4 LUT5=1 LUT6=2)
  Clock Path Skew:        -0.138ns (DCD - SCD + CPR)
    Destination Clock Delay (DCD):    1.426ns = ( 84.759 - 83.333 ) 
    Source Clock Delay      (SCD):    1.642ns
    Clock Pessimism Removal (CPR):    0.078ns
  Clock Uncertainty:      0.141ns  ((TSJ^2 + DJ^2)^1/2) / 2 + PE
    Total System Jitter     (TSJ):    0.071ns
    Discrete Jitter          (DJ):    0.273ns
    Phase Error              (PE):    0.000ns

    Location             Delay type                Incr(ns)  Path(ns)    Netlist Resource(s)
  -------------------------------------------------------------------    -------------------
                         (clock clk_out1_clk_wiz_1 rise edge)
                                                      0.000     0.000 r  
    BUFGCTRL_X0Y2        BUFG                         0.000     0.000 r  clk_IBUF_BUFG_inst/O
                         net (fo=187, routed)         1.575     1.575    main_clk_pll/inst/clk_in1
    MMCME2_ADV_X1Y0      MMCME2_ADV (Prop_mmcme2_adv_CLKIN1_CLKOUT0)
                                                     -3.333    -1.757 r  main_clk_pll/inst/mmcm_adv_inst/CLKOUT0
                         net (fo=1, routed)           1.661    -0.096    main_clk_pll/inst/clk_out1_clk_wiz_1
    BUFGCTRL_X0Y0        BUFG (Prop_bufg_I_O)         0.096    -0.000 r  main_clk_pll/inst/clkout1_buf/O
                         net (fo=162, routed)         1.642     1.642    la_out_OBUF[5]
    DSP48_X0Y25          DSP48E1                                      r  screen_x1/CLK
  -------------------------------------------------------------------    -------------------
    DSP48_X0Y25          DSP48E1 (Prop_dsp48e1_CLK_P[19])
                                                      0.434     2.076 r  screen_x1/P[19]
                         net (fo=14, routed)          1.654     3.730    screen_x1_n_86
    SLICE_X14Y65         LUT6 (Prop_lut6_I0_O)        0.124     3.854 r  number[1][3]_i_61/O
                         net (fo=1, routed)           0.695     4.548    number[1][3]_i_61_n_0
    SLICE_X12Y65         CARRY4 (Prop_carry4_DI[3]_CO[3])
                                                      0.396     4.944 r  number_reg[1][3]_i_55/CO[3]
                         net (fo=1, routed)           0.000     4.944    number_reg[1][3]_i_55_n_0
    SLICE_X12Y66         CARRY4 (Prop_carry4_CI_CO[3])
                                                      0.117     5.061 r  number_reg[1][3]_i_41/CO[3]
                         net (fo=1, routed)           0.000     5.061    number_reg[1][3]_i_41_n_0
    SLICE_X12Y67         CARRY4 (Prop_carry4_CI_CO[3])
                                                      0.117     5.178 r  number_reg[1][3]_i_26/CO[3]
                         net (fo=1, routed)           0.000     5.178    number_reg[1][3]_i_26_n_0
    SLICE_X12Y68         CARRY4 (Prop_carry4_CI_CO[3])
                                                      0.117     5.295 r  number_reg[1][3]_i_15/CO[3]
                         net (fo=2, routed)           1.143     6.438    p_23_in
    SLICE_X11Y68         LUT6 (Prop_lut6_I5_O)        0.124     6.562 r  number[1][3]_i_4/O
                         net (fo=8, routed)           1.592     8.154    number[1][3]_i_4_n_0
    SLICE_X14Y77         LUT5 (Prop_lut5_I4_O)        0.124     8.278 r  number[1][1]_i_1/O
                         net (fo=5, routed)           0.973     9.252    number0_in[1]
    SLICE_X13Y77         FDPE                                         r  number_reg[3][1]/D
  -------------------------------------------------------------------    -------------------

                         (clock clk_out1_clk_wiz_1 rise edge)
                                                     83.333    83.333 r  
    BUFGCTRL_X0Y2        BUFG                         0.000    83.333 r  clk_IBUF_BUFG_inst/O
                         net (fo=187, routed)         1.457    84.791    main_clk_pll/inst/clk_in1
    MMCME2_ADV_X1Y0      MMCME2_ADV (Prop_mmcme2_adv_CLKIN1_CLKOUT0)
                                                     -3.129    81.661 r  main_clk_pll/inst/mmcm_adv_inst/CLKOUT0
                         net (fo=1, routed)           1.581    83.242    main_clk_pll/inst/clk_out1_clk_wiz_1
    BUFGCTRL_X0Y0        BUFG (Prop_bufg_I_O)         0.091    83.333 r  main_clk_pll/inst/clkout1_buf/O
                         net (fo=162, routed)         1.426    84.759    la_out_OBUF[5]
    SLICE_X13Y77         FDPE                                         r  number_reg[3][1]/C
                         clock pessimism              0.078    84.837    
                         clock uncertainty           -0.141    84.696    
    SLICE_X13Y77         FDPE (Setup_fdpe_C_D)       -0.081    84.615    number_reg[3][1]
  -------------------------------------------------------------------
                         required time                         84.615    
                         arrival time                          -9.252    
  -------------------------------------------------------------------
                         slack                                 75.364    

Slack (MET) :             75.408ns  (required time - arrival time)
  Source:                 screen_x1/CLK
                            (rising edge-triggered cell DSP48E1 clocked by clk_out1_clk_wiz_1  {rise@0.000ns fall@41.667ns period=83.333ns})
  Destination:            number_reg[4][2]/D
                            (rising edge-triggered cell FDPE clocked by clk_out1_clk_wiz_1  {rise@0.000ns fall@41.667ns period=83.333ns})
  Path Group:             clk_out1_clk_wiz_1
  Path Type:              Setup (Max at Slow Process Corner)
  Requirement:            83.333ns  (clk_out1_clk_wiz_1 rise@83.333ns - clk_out1_clk_wiz_1 rise@0.000ns)
  Data Path Delay:        7.383ns  (logic 1.575ns (21.332%)  route 5.808ns (78.668%))
  Logic Levels:           7  (CARRY4=4 LUT5=1 LUT6=2)
  Clock Path Skew:        -0.136ns (DCD - SCD + CPR)
    Destination Clock Delay (DCD):    1.428ns = ( 84.761 - 83.333 ) 
    Source Clock Delay      (SCD):    1.642ns
    Clock Pessimism Removal (CPR):    0.078ns
  Clock Uncertainty:      0.141ns  ((TSJ^2 + DJ^2)^1/2) / 2 + PE
    Total System Jitter     (TSJ):    0.071ns
    Discrete Jitter          (DJ):    0.273ns
    Phase Error              (PE):    0.000ns

    Location             Delay type                Incr(ns)  Path(ns)    Netlist Resource(s)
  -------------------------------------------------------------------    -------------------
                         (clock clk_out1_clk_wiz_1 rise edge)
                                                      0.000     0.000 r  
    BUFGCTRL_X0Y2        BUFG                         0.000     0.000 r  clk_IBUF_BUFG_inst/O
                         net (fo=187, routed)         1.575     1.575    main_clk_pll/inst/clk_in1
    MMCME2_ADV_X1Y0      MMCME2_ADV (Prop_mmcme2_adv_CLKIN1_CLKOUT0)
                                                     -3.333    -1.757 r  main_clk_pll/inst/mmcm_adv_inst/CLKOUT0
                         net (fo=1, routed)           1.661    -0.096    main_clk_pll/inst/clk_out1_clk_wiz_1
    BUFGCTRL_X0Y0        BUFG (Prop_bufg_I_O)         0.096    -0.000 r  main_clk_pll/inst/clkout1_buf/O
                         net (fo=162, routed)         1.642     1.642    la_out_OBUF[5]
    DSP48_X0Y25          DSP48E1                                      r  screen_x1/CLK
  -------------------------------------------------------------------    -------------------
    DSP48_X0Y25          DSP48E1 (Prop_dsp48e1_CLK_P[19])
                                                      0.434     2.076 r  screen_x1/P[19]
                         net (fo=14, routed)          1.654     3.730    screen_x1_n_86
    SLICE_X14Y65         LUT6 (Prop_lut6_I0_O)        0.124     3.854 r  number[1][3]_i_61/O
                         net (fo=1, routed)           0.695     4.548    number[1][3]_i_61_n_0
    SLICE_X12Y65         CARRY4 (Prop_carry4_DI[3]_CO[3])
                                                      0.396     4.944 r  number_reg[1][3]_i_55/CO[3]
                         net (fo=1, routed)           0.000     4.944    number_reg[1][3]_i_55_n_0
    SLICE_X12Y66         CARRY4 (Prop_carry4_CI_CO[3])
                                                      0.117     5.061 r  number_reg[1][3]_i_41/CO[3]
                         net (fo=1, routed)           0.000     5.061    number_reg[1][3]_i_41_n_0
    SLICE_X12Y67         CARRY4 (Prop_carry4_CI_CO[3])
                                                      0.117     5.178 r  number_reg[1][3]_i_26/CO[3]
                         net (fo=1, routed)           0.000     5.178    number_reg[1][3]_i_26_n_0
    SLICE_X12Y68         CARRY4 (Prop_carry4_CI_CO[3])
                                                      0.117     5.295 r  number_reg[1][3]_i_15/CO[3]
                         net (fo=2, routed)           1.143     6.438    p_23_in
    SLICE_X11Y68         LUT6 (Prop_lut6_I5_O)        0.124     6.562 r  number[1][3]_i_4/O
                         net (fo=8, routed)           1.592     8.154    number[1][3]_i_4_n_0
    SLICE_X14Y77         LUT5 (Prop_lut5_I0_O)        0.146     8.300 r  number[1][2]_i_1/O
                         net (fo=5, routed)           0.724     9.025    number0_in[2]
    SLICE_X15Y78         FDPE                                         r  number_reg[4][2]/D
  -------------------------------------------------------------------    -------------------

                         (clock clk_out1_clk_wiz_1 rise edge)
                                                     83.333    83.333 r  
    BUFGCTRL_X0Y2        BUFG                         0.000    83.333 r  clk_IBUF_BUFG_inst/O
                         net (fo=187, routed)         1.457    84.791    main_clk_pll/inst/clk_in1
    MMCME2_ADV_X1Y0      MMCME2_ADV (Prop_mmcme2_adv_CLKIN1_CLKOUT0)
                                                     -3.129    81.661 r  main_clk_pll/inst/mmcm_adv_inst/CLKOUT0
                         net (fo=1, routed)           1.581    83.242    main_clk_pll/inst/clk_out1_clk_wiz_1
    BUFGCTRL_X0Y0        BUFG (Prop_bufg_I_O)         0.091    83.333 r  main_clk_pll/inst/clkout1_buf/O
                         net (fo=162, routed)         1.428    84.761    la_out_OBUF[5]
    SLICE_X15Y78         FDPE                                         r  number_reg[4][2]/C
                         clock pessimism              0.078    84.839    
                         clock uncertainty           -0.141    84.698    
    SLICE_X15Y78         FDPE (Setup_fdpe_C_D)       -0.265    84.433    number_reg[4][2]
  -------------------------------------------------------------------
                         required time                         84.433    
                         arrival time                          -9.025    
  -------------------------------------------------------------------
                         slack                                 75.408    

Slack (MET) :             75.450ns  (required time - arrival time)
  Source:                 screen_x1/CLK
                            (rising edge-triggered cell DSP48E1 clocked by clk_out1_clk_wiz_1  {rise@0.000ns fall@41.667ns period=83.333ns})
  Destination:            number_reg[3][2]/D
                            (rising edge-triggered cell FDCE clocked by clk_out1_clk_wiz_1  {rise@0.000ns fall@41.667ns period=83.333ns})
  Path Group:             clk_out1_clk_wiz_1
  Path Type:              Setup (Max at Slow Process Corner)
  Requirement:            83.333ns  (clk_out1_clk_wiz_1 rise@83.333ns - clk_out1_clk_wiz_1 rise@0.000ns)
  Data Path Delay:        7.340ns  (logic 1.575ns (21.458%)  route 5.765ns (78.542%))
  Logic Levels:           7  (CARRY4=4 LUT5=1 LUT6=2)
  Clock Path Skew:        -0.138ns (DCD - SCD + CPR)
    Destination Clock Delay (DCD):    1.426ns = ( 84.759 - 83.333 ) 
    Source Clock Delay      (SCD):    1.642ns
    Clock Pessimism Removal (CPR):    0.078ns
  Clock Uncertainty:      0.141ns  ((TSJ^2 + DJ^2)^1/2) / 2 + PE
    Total System Jitter     (TSJ):    0.071ns
    Discrete Jitter          (DJ):    0.273ns
    Phase Error              (PE):    0.000ns

    Location             Delay type                Incr(ns)  Path(ns)    Netlist Resource(s)
  -------------------------------------------------------------------    -------------------
                         (clock clk_out1_clk_wiz_1 rise edge)
                                                      0.000     0.000 r  
    BUFGCTRL_X0Y2        BUFG                         0.000     0.000 r  clk_IBUF_BUFG_inst/O
                         net (fo=187, routed)         1.575     1.575    main_clk_pll/inst/clk_in1
    MMCME2_ADV_X1Y0      MMCME2_ADV (Prop_mmcme2_adv_CLKIN1_CLKOUT0)
                                                     -3.333    -1.757 r  main_clk_pll/inst/mmcm_adv_inst/CLKOUT0
                         net (fo=1, routed)           1.661    -0.096    main_clk_pll/inst/clk_out1_clk_wiz_1
    BUFGCTRL_X0Y0        BUFG (Prop_bufg_I_O)         0.096    -0.000 r  main_clk_pll/inst/clkout1_buf/O
                         net (fo=162, routed)         1.642     1.642    la_out_OBUF[5]
    DSP48_X0Y25          DSP48E1                                      r  screen_x1/CLK
  -------------------------------------------------------------------    -------------------
    DSP48_X0Y25          DSP48E1 (Prop_dsp48e1_CLK_P[19])
                                                      0.434     2.076 r  screen_x1/P[19]
                         net (fo=14, routed)          1.654     3.730    screen_x1_n_86
    SLICE_X14Y65         LUT6 (Prop_lut6_I0_O)        0.124     3.854 r  number[1][3]_i_61/O
                         net (fo=1, routed)           0.695     4.548    number[1][3]_i_61_n_0
    SLICE_X12Y65         CARRY4 (Prop_carry4_DI[3]_CO[3])
                                                      0.396     4.944 r  number_reg[1][3]_i_55/CO[3]
                         net (fo=1, routed)           0.000     4.944    number_reg[1][3]_i_55_n_0
    SLICE_X12Y66         CARRY4 (Prop_carry4_CI_CO[3])
                                                      0.117     5.061 r  number_reg[1][3]_i_41/CO[3]
                         net (fo=1, routed)           0.000     5.061    number_reg[1][3]_i_41_n_0
    SLICE_X12Y67         CARRY4 (Prop_carry4_CI_CO[3])
                                                      0.117     5.178 r  number_reg[1][3]_i_26/CO[3]
                         net (fo=1, routed)           0.000     5.178    number_reg[1][3]_i_26_n_0
    SLICE_X12Y68         CARRY4 (Prop_carry4_CI_CO[3])
                                                      0.117     5.295 r  number_reg[1][3]_i_15/CO[3]
                         net (fo=2, routed)           1.143     6.438    p_23_in
    SLICE_X11Y68         LUT6 (Prop_lut6_I5_O)        0.124     6.562 r  number[1][3]_i_4/O
                         net (fo=8, routed)           1.592     8.154    number[1][3]_i_4_n_0
    SLICE_X14Y77         LUT5 (Prop_lut5_I0_O)        0.146     8.300 r  number[1][2]_i_1/O
                         net (fo=5, routed)           0.681     8.982    number0_in[2]
    SLICE_X13Y77         FDCE                                         r  number_reg[3][2]/D
  -------------------------------------------------------------------    -------------------

                         (clock clk_out1_clk_wiz_1 rise edge)
                                                     83.333    83.333 r  
    BUFGCTRL_X0Y2        BUFG                         0.000    83.333 r  clk_IBUF_BUFG_inst/O
                         net (fo=187, routed)         1.457    84.791    main_clk_pll/inst/clk_in1
    MMCME2_ADV_X1Y0      MMCME2_ADV (Prop_mmcme2_adv_CLKIN1_CLKOUT0)
                                                     -3.129    81.661 r  main_clk_pll/inst/mmcm_adv_inst/CLKOUT0
                         net (fo=1, routed)           1.581    83.242    main_clk_pll/inst/clk_out1_clk_wiz_1
    BUFGCTRL_X0Y0        BUFG (Prop_bufg_I_O)         0.091    83.333 r  main_clk_pll/inst/clkout1_buf/O
                         net (fo=162, routed)         1.426    84.759    la_out_OBUF[5]
    SLICE_X13Y77         FDCE                                         r  number_reg[3][2]/C
                         clock pessimism              0.078    84.837    
                         clock uncertainty           -0.141    84.696    
    SLICE_X13Y77         FDCE (Setup_fdce_C_D)       -0.265    84.431    number_reg[3][2]
  -------------------------------------------------------------------
                         required time                         84.431    
                         arrival time                          -8.982    
  -------------------------------------------------------------------
                         slack                                 75.450    

Slack (MET) :             75.496ns  (required time - arrival time)
  Source:                 screen_x1/CLK
                            (rising edge-triggered cell DSP48E1 clocked by clk_out1_clk_wiz_1  {rise@0.000ns fall@41.667ns period=83.333ns})
  Destination:            number_reg[3][3]/D
                            (rising edge-triggered cell FDCE clocked by clk_out1_clk_wiz_1  {rise@0.000ns fall@41.667ns period=83.333ns})
  Path Group:             clk_out1_clk_wiz_1
  Path Type:              Setup (Max at Slow Process Corner)
  Requirement:            83.333ns  (clk_out1_clk_wiz_1 rise@83.333ns - clk_out1_clk_wiz_1 rise@0.000ns)
  Data Path Delay:        7.501ns  (logic 1.553ns (20.705%)  route 5.948ns (79.295%))
  Logic Levels:           7  (CARRY4=4 LUT5=1 LUT6=2)
  Clock Path Skew:        -0.138ns (DCD - SCD + CPR)
    Destination Clock Delay (DCD):    1.426ns = ( 84.759 - 83.333 ) 
    Source Clock Delay      (SCD):    1.642ns
    Clock Pessimism Removal (CPR):    0.078ns
  Clock Uncertainty:      0.141ns  ((TSJ^2 + DJ^2)^1/2) / 2 + PE
    Total System Jitter     (TSJ):    0.071ns
    Discrete Jitter          (DJ):    0.273ns
    Phase Error              (PE):    0.000ns

    Location             Delay type                Incr(ns)  Path(ns)    Netlist Resource(s)
  -------------------------------------------------------------------    -------------------
                         (clock clk_out1_clk_wiz_1 rise edge)
                                                      0.000     0.000 r  
    BUFGCTRL_X0Y2        BUFG                         0.000     0.000 r  clk_IBUF_BUFG_inst/O
                         net (fo=187, routed)         1.575     1.575    main_clk_pll/inst/clk_in1
    MMCME2_ADV_X1Y0      MMCME2_ADV (Prop_mmcme2_adv_CLKIN1_CLKOUT0)
                                                     -3.333    -1.757 r  main_clk_pll/inst/mmcm_adv_inst/CLKOUT0
                         net (fo=1, routed)           1.661    -0.096    main_clk_pll/inst/clk_out1_clk_wiz_1
    BUFGCTRL_X0Y0        BUFG (Prop_bufg_I_O)         0.096    -0.000 r  main_clk_pll/inst/clkout1_buf/O
                         net (fo=162, routed)         1.642     1.642    la_out_OBUF[5]
    DSP48_X0Y25          DSP48E1                                      r  screen_x1/CLK
  -------------------------------------------------------------------    -------------------
    DSP48_X0Y25          DSP48E1 (Prop_dsp48e1_CLK_P[19])
                                                      0.434     2.076 r  screen_x1/P[19]
                         net (fo=14, routed)          1.654     3.730    screen_x1_n_86
    SLICE_X14Y65         LUT6 (Prop_lut6_I0_O)        0.124     3.854 r  number[1][3]_i_61/O
                         net (fo=1, routed)           0.695     4.548    number[1][3]_i_61_n_0
    SLICE_X12Y65         CARRY4 (Prop_carry4_DI[3]_CO[3])
                                                      0.396     4.944 r  number_reg[1][3]_i_55/CO[3]
                         net (fo=1, routed)           0.000     4.944    number_reg[1][3]_i_55_n_0
    SLICE_X12Y66         CARRY4 (Prop_carry4_CI_CO[3])
                                                      0.117     5.061 r  number_reg[1][3]_i_41/CO[3]
                         net (fo=1, routed)           0.000     5.061    number_reg[1][3]_i_41_n_0
    SLICE_X12Y67         CARRY4 (Prop_carry4_CI_CO[3])
                                                      0.117     5.178 r  number_reg[1][3]_i_26/CO[3]
                         net (fo=1, routed)           0.000     5.178    number_reg[1][3]_i_26_n_0
    SLICE_X12Y68         CARRY4 (Prop_carry4_CI_CO[3])
                                                      0.117     5.295 r  number_reg[1][3]_i_15/CO[3]
                         net (fo=2, routed)           1.143     6.438    p_23_in
    SLICE_X11Y68         LUT6 (Prop_lut6_I5_O)        0.124     6.562 r  number[1][3]_i_4/O
                         net (fo=8, routed)           1.584     8.146    number[1][3]_i_4_n_0
    SLICE_X14Y77         LUT5 (Prop_lut5_I0_O)        0.124     8.270 r  number[1][3]_i_2/O
                         net (fo=5, routed)           0.872     9.142    number0_in[3]
    SLICE_X13Y77         FDCE                                         r  number_reg[3][3]/D
  -------------------------------------------------------------------    -------------------

                         (clock clk_out1_clk_wiz_1 rise edge)
                                                     83.333    83.333 r  
    BUFGCTRL_X0Y2        BUFG                         0.000    83.333 r  clk_IBUF_BUFG_inst/O
                         net (fo=187, routed)         1.457    84.791    main_clk_pll/inst/clk_in1
    MMCME2_ADV_X1Y0      MMCME2_ADV (Prop_mmcme2_adv_CLKIN1_CLKOUT0)
                                                     -3.129    81.661 r  main_clk_pll/inst/mmcm_adv_inst/CLKOUT0
                         net (fo=1, routed)           1.581    83.242    main_clk_pll/inst/clk_out1_clk_wiz_1
    BUFGCTRL_X0Y0        BUFG (Prop_bufg_I_O)         0.091    83.333 r  main_clk_pll/inst/clkout1_buf/O
                         net (fo=162, routed)         1.426    84.759    la_out_OBUF[5]
    SLICE_X13Y77         FDCE                                         r  number_reg[3][3]/C
                         clock pessimism              0.078    84.837    
                         clock uncertainty           -0.141    84.696    
    SLICE_X13Y77         FDCE (Setup_fdce_C_D)       -0.058    84.638    number_reg[3][3]
  -------------------------------------------------------------------
                         required time                         84.638    
                         arrival time                          -9.142    
  -------------------------------------------------------------------
                         slack                                 75.496    

Slack (MET) :             75.505ns  (required time - arrival time)
  Source:                 screen_x1/CLK
                            (rising edge-triggered cell DSP48E1 clocked by clk_out1_clk_wiz_1  {rise@0.000ns fall@41.667ns period=83.333ns})
  Destination:            number_reg[2][3]/D
                            (rising edge-triggered cell FDCE clocked by clk_out1_clk_wiz_1  {rise@0.000ns fall@41.667ns period=83.333ns})
  Path Group:             clk_out1_clk_wiz_1
  Path Type:              Setup (Max at Slow Process Corner)
  Requirement:            83.333ns  (clk_out1_clk_wiz_1 rise@83.333ns - clk_out1_clk_wiz_1 rise@0.000ns)
  Data Path Delay:        7.494ns  (logic 1.553ns (20.724%)  route 5.941ns (79.276%))
  Logic Levels:           7  (CARRY4=4 LUT5=1 LUT6=2)
  Clock Path Skew:        -0.136ns (DCD - SCD + CPR)
    Destination Clock Delay (DCD):    1.428ns = ( 84.761 - 83.333 ) 
    Source Clock Delay      (SCD):    1.642ns
    Clock Pessimism Removal (CPR):    0.078ns
  Clock Uncertainty:      0.141ns  ((TSJ^2 + DJ^2)^1/2) / 2 + PE
    Total System Jitter     (TSJ):    0.071ns
    Discrete Jitter          (DJ):    0.273ns
    Phase Error              (PE):    0.000ns

    Location             Delay type                Incr(ns)  Path(ns)    Netlist Resource(s)
  -------------------------------------------------------------------    -------------------
                         (clock clk_out1_clk_wiz_1 rise edge)
                                                      0.000     0.000 r  
    BUFGCTRL_X0Y2        BUFG                         0.000     0.000 r  clk_IBUF_BUFG_inst/O
                         net (fo=187, routed)         1.575     1.575    main_clk_pll/inst/clk_in1
    MMCME2_ADV_X1Y0      MMCME2_ADV (Prop_mmcme2_adv_CLKIN1_CLKOUT0)
                                                     -3.333    -1.757 r  main_clk_pll/inst/mmcm_adv_inst/CLKOUT0
                         net (fo=1, routed)           1.661    -0.096    main_clk_pll/inst/clk_out1_clk_wiz_1
    BUFGCTRL_X0Y0        BUFG (Prop_bufg_I_O)         0.096    -0.000 r  main_clk_pll/inst/clkout1_buf/O
                         net (fo=162, routed)         1.642     1.642    la_out_OBUF[5]
    DSP48_X0Y25          DSP48E1                                      r  screen_x1/CLK
  -------------------------------------------------------------------    -------------------
    DSP48_X0Y25          DSP48E1 (Prop_dsp48e1_CLK_P[19])
                                                      0.434     2.076 r  screen_x1/P[19]
                         net (fo=14, routed)          1.654     3.730    screen_x1_n_86
    SLICE_X14Y65         LUT6 (Prop_lut6_I0_O)        0.124     3.854 r  number[1][3]_i_61/O
                         net (fo=1, routed)           0.695     4.548    number[1][3]_i_61_n_0
    SLICE_X12Y65         CARRY4 (Prop_carry4_DI[3]_CO[3])
                                                      0.396     4.944 r  number_reg[1][3]_i_55/CO[3]
                         net (fo=1, routed)           0.000     4.944    number_reg[1][3]_i_55_n_0
    SLICE_X12Y66         CARRY4 (Prop_carry4_CI_CO[3])
                                                      0.117     5.061 r  number_reg[1][3]_i_41/CO[3]
                         net (fo=1, routed)           0.000     5.061    number_reg[1][3]_i_41_n_0
    SLICE_X12Y67         CARRY4 (Prop_carry4_CI_CO[3])
                                                      0.117     5.178 r  number_reg[1][3]_i_26/CO[3]
                         net (fo=1, routed)           0.000     5.178    number_reg[1][3]_i_26_n_0
    SLICE_X12Y68         CARRY4 (Prop_carry4_CI_CO[3])
                                                      0.117     5.295 r  number_reg[1][3]_i_15/CO[3]
                         net (fo=2, routed)           1.143     6.438    p_23_in
    SLICE_X11Y68         LUT6 (Prop_lut6_I5_O)        0.124     6.562 r  number[1][3]_i_4/O
                         net (fo=8, routed)           1.584     8.146    number[1][3]_i_4_n_0
    SLICE_X14Y77         LUT5 (Prop_lut5_I0_O)        0.124     8.270 r  number[1][3]_i_2/O
                         net (fo=5, routed)           0.865     9.135    number0_in[3]
    SLICE_X13Y78         FDCE                                         r  number_reg[2][3]/D
  -------------------------------------------------------------------    -------------------

                         (clock clk_out1_clk_wiz_1 rise edge)
                                                     83.333    83.333 r  
    BUFGCTRL_X0Y2        BUFG                         0.000    83.333 r  clk_IBUF_BUFG_inst/O
                         net (fo=187, routed)         1.457    84.791    main_clk_pll/inst/clk_in1
    MMCME2_ADV_X1Y0      MMCME2_ADV (Prop_mmcme2_adv_CLKIN1_CLKOUT0)
                                                     -3.129    81.661 r  main_clk_pll/inst/mmcm_adv_inst/CLKOUT0
                         net (fo=1, routed)           1.581    83.242    main_clk_pll/inst/clk_out1_clk_wiz_1
    BUFGCTRL_X0Y0        BUFG (Prop_bufg_I_O)         0.091    83.333 r  main_clk_pll/inst/clkout1_buf/O
                         net (fo=162, routed)         1.428    84.761    la_out_OBUF[5]
    SLICE_X13Y78         FDCE                                         r  number_reg[2][3]/C
                         clock pessimism              0.078    84.839    
                         clock uncertainty           -0.141    84.698    
    SLICE_X13Y78         FDCE (Setup_fdce_C_D)       -0.058    84.640    number_reg[2][3]
  -------------------------------------------------------------------
                         required time                         84.640    
                         arrival time                          -9.135    
  -------------------------------------------------------------------
                         slack                                 75.505    

Slack (MET) :             75.505ns  (required time - arrival time)
  Source:                 screen_x1/CLK
                            (rising edge-triggered cell DSP48E1 clocked by clk_out1_clk_wiz_1  {rise@0.000ns fall@41.667ns period=83.333ns})
  Destination:            number_reg[2][1]/D
                            (rising edge-triggered cell FDPE clocked by clk_out1_clk_wiz_1  {rise@0.000ns fall@41.667ns period=83.333ns})
  Path Group:             clk_out1_clk_wiz_1
  Path Type:              Setup (Max at Slow Process Corner)
  Requirement:            83.333ns  (clk_out1_clk_wiz_1 rise@83.333ns - clk_out1_clk_wiz_1 rise@0.000ns)
  Data Path Delay:        7.470ns  (logic 1.553ns (20.789%)  route 5.917ns (79.211%))
  Logic Levels:           7  (CARRY4=4 LUT5=1 LUT6=2)
  Clock Path Skew:        -0.136ns (DCD - SCD + CPR)
    Destination Clock Delay (DCD):    1.428ns = ( 84.761 - 83.333 ) 
    Source Clock Delay      (SCD):    1.642ns
    Clock Pessimism Removal (CPR):    0.078ns
  Clock Uncertainty:      0.141ns  ((TSJ^2 + DJ^2)^1/2) / 2 + PE
    Total System Jitter     (TSJ):    0.071ns
    Discrete Jitter          (DJ):    0.273ns
    Phase Error              (PE):    0.000ns

    Location             Delay type                Incr(ns)  Path(ns)    Netlist Resource(s)
  -------------------------------------------------------------------    -------------------
                         (clock clk_out1_clk_wiz_1 rise edge)
                                                      0.000     0.000 r  
    BUFGCTRL_X0Y2        BUFG                         0.000     0.000 r  clk_IBUF_BUFG_inst/O
                         net (fo=187, routed)         1.575     1.575    main_clk_pll/inst/clk_in1
    MMCME2_ADV_X1Y0      MMCME2_ADV (Prop_mmcme2_adv_CLKIN1_CLKOUT0)
                                                     -3.333    -1.757 r  main_clk_pll/inst/mmcm_adv_inst/CLKOUT0
                         net (fo=1, routed)           1.661    -0.096    main_clk_pll/inst/clk_out1_clk_wiz_1
    BUFGCTRL_X0Y0        BUFG (Prop_bufg_I_O)         0.096    -0.000 r  main_clk_pll/inst/clkout1_buf/O
                         net (fo=162, routed)         1.642     1.642    la_out_OBUF[5]
    DSP48_X0Y25          DSP48E1                                      r  screen_x1/CLK
  -------------------------------------------------------------------    -------------------
    DSP48_X0Y25          DSP48E1 (Prop_dsp48e1_CLK_P[19])
                                                      0.434     2.076 r  screen_x1/P[19]
                         net (fo=14, routed)          1.654     3.730    screen_x1_n_86
    SLICE_X14Y65         LUT6 (Prop_lut6_I0_O)        0.124     3.854 r  number[1][3]_i_61/O
                         net (fo=1, routed)           0.695     4.548    number[1][3]_i_61_n_0
    SLICE_X12Y65         CARRY4 (Prop_carry4_DI[3]_CO[3])
                                                      0.396     4.944 r  number_reg[1][3]_i_55/CO[3]
                         net (fo=1, routed)           0.000     4.944    number_reg[1][3]_i_55_n_0
    SLICE_X12Y66         CARRY4 (Prop_carry4_CI_CO[3])
                                                      0.117     5.061 r  number_reg[1][3]_i_41/CO[3]
                         net (fo=1, routed)           0.000     5.061    number_reg[1][3]_i_41_n_0
    SLICE_X12Y67         CARRY4 (Prop_carry4_CI_CO[3])
                                                      0.117     5.178 r  number_reg[1][3]_i_26/CO[3]
                         net (fo=1, routed)           0.000     5.178    number_reg[1][3]_i_26_n_0
    SLICE_X12Y68         CARRY4 (Prop_carry4_CI_CO[3])
                                                      0.117     5.295 r  number_reg[1][3]_i_15/CO[3]
                         net (fo=2, routed)           1.143     6.438    p_23_in
    SLICE_X11Y68         LUT6 (Prop_lut6_I5_O)        0.124     6.562 r  number[1][3]_i_4/O
                         net (fo=8, routed)           1.592     8.154    number[1][3]_i_4_n_0
    SLICE_X14Y77         LUT5 (Prop_lut5_I4_O)        0.124     8.278 r  number[1][1]_i_1/O
                         net (fo=5, routed)           0.833     9.112    number0_in[1]
    SLICE_X13Y78         FDPE                                         r  number_reg[2][1]/D
  -------------------------------------------------------------------    -------------------

                         (clock clk_out1_clk_wiz_1 rise edge)
                                                     83.333    83.333 r  
    BUFGCTRL_X0Y2        BUFG                         0.000    83.333 r  clk_IBUF_BUFG_inst/O
                         net (fo=187, routed)         1.457    84.791    main_clk_pll/inst/clk_in1
    MMCME2_ADV_X1Y0      MMCME2_ADV (Prop_mmcme2_adv_CLKIN1_CLKOUT0)
                                                     -3.129    81.661 r  main_clk_pll/inst/mmcm_adv_inst/CLKOUT0
                         net (fo=1, routed)           1.581    83.242    main_clk_pll/inst/clk_out1_clk_wiz_1
    BUFGCTRL_X0Y0        BUFG (Prop_bufg_I_O)         0.091    83.333 r  main_clk_pll/inst/clkout1_buf/O
                         net (fo=162, routed)         1.428    84.761    la_out_OBUF[5]
    SLICE_X13Y78         FDPE                                         r  number_reg[2][1]/C
                         clock pessimism              0.078    84.839    
                         clock uncertainty           -0.141    84.698    
    SLICE_X13Y78         FDPE (Setup_fdpe_C_D)       -0.081    84.617    number_reg[2][1]
  -------------------------------------------------------------------
                         required time                         84.617    
                         arrival time                          -9.112    
  -------------------------------------------------------------------
                         slack                                 75.505    

Slack (MET) :             75.631ns  (required time - arrival time)
  Source:                 screen_x1/CLK
                            (rising edge-triggered cell DSP48E1 clocked by clk_out1_clk_wiz_1  {rise@0.000ns fall@41.667ns period=83.333ns})
  Destination:            number_reg[0][2]/D
                            (rising edge-triggered cell FDCE clocked by clk_out1_clk_wiz_1  {rise@0.000ns fall@41.667ns period=83.333ns})
  Path Group:             clk_out1_clk_wiz_1
  Path Type:              Setup (Max at Slow Process Corner)
  Requirement:            83.333ns  (clk_out1_clk_wiz_1 rise@83.333ns - clk_out1_clk_wiz_1 rise@0.000ns)
  Data Path Delay:        7.194ns  (logic 1.575ns (21.893%)  route 5.619ns (78.107%))
  Logic Levels:           7  (CARRY4=4 LUT5=1 LUT6=2)
  Clock Path Skew:        -0.136ns (DCD - SCD + CPR)
    Destination Clock Delay (DCD):    1.428ns = ( 84.761 - 83.333 ) 
    Source Clock Delay      (SCD):    1.642ns
    Clock Pessimism Removal (CPR):    0.078ns
  Clock Uncertainty:      0.141ns  ((TSJ^2 + DJ^2)^1/2) / 2 + PE
    Total System Jitter     (TSJ):    0.071ns
    Discrete Jitter          (DJ):    0.273ns
    Phase Error              (PE):    0.000ns

    Location             Delay type                Incr(ns)  Path(ns)    Netlist Resource(s)
  -------------------------------------------------------------------    -------------------
                         (clock clk_out1_clk_wiz_1 rise edge)
                                                      0.000     0.000 r  
    BUFGCTRL_X0Y2        BUFG                         0.000     0.000 r  clk_IBUF_BUFG_inst/O
                         net (fo=187, routed)         1.575     1.575    main_clk_pll/inst/clk_in1
    MMCME2_ADV_X1Y0      MMCME2_ADV (Prop_mmcme2_adv_CLKIN1_CLKOUT0)
                                                     -3.333    -1.757 r  main_clk_pll/inst/mmcm_adv_inst/CLKOUT0
                         net (fo=1, routed)           1.661    -0.096    main_clk_pll/inst/clk_out1_clk_wiz_1
    BUFGCTRL_X0Y0        BUFG (Prop_bufg_I_O)         0.096    -0.000 r  main_clk_pll/inst/clkout1_buf/O
                         net (fo=162, routed)         1.642     1.642    la_out_OBUF[5]
    DSP48_X0Y25          DSP48E1                                      r  screen_x1/CLK
  -------------------------------------------------------------------    -------------------
    DSP48_X0Y25          DSP48E1 (Prop_dsp48e1_CLK_P[19])
                                                      0.434     2.076 r  screen_x1/P[19]
                         net (fo=14, routed)          1.654     3.730    screen_x1_n_86
    SLICE_X14Y65         LUT6 (Prop_lut6_I0_O)        0.124     3.854 r  number[1][3]_i_61/O
                         net (fo=1, routed)           0.695     4.548    number[1][3]_i_61_n_0
    SLICE_X12Y65         CARRY4 (Prop_carry4_DI[3]_CO[3])
                                                      0.396     4.944 r  number_reg[1][3]_i_55/CO[3]
                         net (fo=1, routed)           0.000     4.944    number_reg[1][3]_i_55_n_0
    SLICE_X12Y66         CARRY4 (Prop_carry4_CI_CO[3])
                                                      0.117     5.061 r  number_reg[1][3]_i_41/CO[3]
                         net (fo=1, routed)           0.000     5.061    number_reg[1][3]_i_41_n_0
    SLICE_X12Y67         CARRY4 (Prop_carry4_CI_CO[3])
                                                      0.117     5.178 r  number_reg[1][3]_i_26/CO[3]
                         net (fo=1, routed)           0.000     5.178    number_reg[1][3]_i_26_n_0
    SLICE_X12Y68         CARRY4 (Prop_carry4_CI_CO[3])
                                                      0.117     5.295 r  number_reg[1][3]_i_15/CO[3]
                         net (fo=2, routed)           1.143     6.438    p_23_in
    SLICE_X11Y68         LUT6 (Prop_lut6_I5_O)        0.124     6.562 r  number[1][3]_i_4/O
                         net (fo=8, routed)           1.592     8.154    number[1][3]_i_4_n_0
    SLICE_X14Y77         LUT5 (Prop_lut5_I0_O)        0.146     8.300 r  number[1][2]_i_1/O
                         net (fo=5, routed)           0.535     8.835    number0_in[2]
    SLICE_X14Y78         FDCE                                         r  number_reg[0][2]/D
  -------------------------------------------------------------------    -------------------

                         (clock clk_out1_clk_wiz_1 rise edge)
                                                     83.333    83.333 r  
    BUFGCTRL_X0Y2        BUFG                         0.000    83.333 r  clk_IBUF_BUFG_inst/O
                         net (fo=187, routed)         1.457    84.791    main_clk_pll/inst/clk_in1
    MMCME2_ADV_X1Y0      MMCME2_ADV (Prop_mmcme2_adv_CLKIN1_CLKOUT0)
                                                     -3.129    81.661 r  main_clk_pll/inst/mmcm_adv_inst/CLKOUT0
                         net (fo=1, routed)           1.581    83.242    main_clk_pll/inst/clk_out1_clk_wiz_1
    BUFGCTRL_X0Y0        BUFG (Prop_bufg_I_O)         0.091    83.333 r  main_clk_pll/inst/clkout1_buf/O
                         net (fo=162, routed)         1.428    84.761    la_out_OBUF[5]
    SLICE_X14Y78         FDCE                                         r  number_reg[0][2]/C
                         clock pessimism              0.078    84.839    
                         clock uncertainty           -0.141    84.698    
    SLICE_X14Y78         FDCE (Setup_fdce_C_D)       -0.232    84.466    number_reg[0][2]
  -------------------------------------------------------------------
                         required time                         84.466    
                         arrival time                          -8.835    
  -------------------------------------------------------------------
                         slack                                 75.631    

Slack (MET) :             75.635ns  (required time - arrival time)
  Source:                 screen_x1/CLK
                            (rising edge-triggered cell DSP48E1 clocked by clk_out1_clk_wiz_1  {rise@0.000ns fall@41.667ns period=83.333ns})
  Destination:            number_reg[0][3]/D
                            (rising edge-triggered cell FDCE clocked by clk_out1_clk_wiz_1  {rise@0.000ns fall@41.667ns period=83.333ns})
  Path Group:             clk_out1_clk_wiz_1
  Path Type:              Setup (Max at Slow Process Corner)
  Requirement:            83.333ns  (clk_out1_clk_wiz_1 rise@83.333ns - clk_out1_clk_wiz_1 rise@0.000ns)
  Data Path Delay:        7.394ns  (logic 1.553ns (21.004%)  route 5.841ns (78.996%))
  Logic Levels:           7  (CARRY4=4 LUT5=1 LUT6=2)
  Clock Path Skew:        -0.136ns (DCD - SCD + CPR)
    Destination Clock Delay (DCD):    1.428ns = ( 84.761 - 83.333 ) 
    Source Clock Delay      (SCD):    1.642ns
    Clock Pessimism Removal (CPR):    0.078ns
  Clock Uncertainty:      0.141ns  ((TSJ^2 + DJ^2)^1/2) / 2 + PE
    Total System Jitter     (TSJ):    0.071ns
    Discrete Jitter          (DJ):    0.273ns
    Phase Error              (PE):    0.000ns

    Location             Delay type                Incr(ns)  Path(ns)    Netlist Resource(s)
  -------------------------------------------------------------------    -------------------
                         (clock clk_out1_clk_wiz_1 rise edge)
                                                      0.000     0.000 r  
    BUFGCTRL_X0Y2        BUFG                         0.000     0.000 r  clk_IBUF_BUFG_inst/O
                         net (fo=187, routed)         1.575     1.575    main_clk_pll/inst/clk_in1
    MMCME2_ADV_X1Y0      MMCME2_ADV (Prop_mmcme2_adv_CLKIN1_CLKOUT0)
                                                     -3.333    -1.757 r  main_clk_pll/inst/mmcm_adv_inst/CLKOUT0
                         net (fo=1, routed)           1.661    -0.096    main_clk_pll/inst/clk_out1_clk_wiz_1
    BUFGCTRL_X0Y0        BUFG (Prop_bufg_I_O)         0.096    -0.000 r  main_clk_pll/inst/clkout1_buf/O
                         net (fo=162, routed)         1.642     1.642    la_out_OBUF[5]
    DSP48_X0Y25          DSP48E1                                      r  screen_x1/CLK
  -------------------------------------------------------------------    -------------------
    DSP48_X0Y25          DSP48E1 (Prop_dsp48e1_CLK_P[19])
                                                      0.434     2.076 r  screen_x1/P[19]
                         net (fo=14, routed)          1.654     3.730    screen_x1_n_86
    SLICE_X14Y65         LUT6 (Prop_lut6_I0_O)        0.124     3.854 r  number[1][3]_i_61/O
                         net (fo=1, routed)           0.695     4.548    number[1][3]_i_61_n_0
    SLICE_X12Y65         CARRY4 (Prop_carry4_DI[3]_CO[3])
                                                      0.396     4.944 r  number_reg[1][3]_i_55/CO[3]
                         net (fo=1, routed)           0.000     4.944    number_reg[1][3]_i_55_n_0
    SLICE_X12Y66         CARRY4 (Prop_carry4_CI_CO[3])
                                                      0.117     5.061 r  number_reg[1][3]_i_41/CO[3]
                         net (fo=1, routed)           0.000     5.061    number_reg[1][3]_i_41_n_0
    SLICE_X12Y67         CARRY4 (Prop_carry4_CI_CO[3])
                                                      0.117     5.178 r  number_reg[1][3]_i_26/CO[3]
                         net (fo=1, routed)           0.000     5.178    number_reg[1][3]_i_26_n_0
    SLICE_X12Y68         CARRY4 (Prop_carry4_CI_CO[3])
                                                      0.117     5.295 r  number_reg[1][3]_i_15/CO[3]
                         net (fo=2, routed)           1.143     6.438    p_23_in
    SLICE_X11Y68         LUT6 (Prop_lut6_I5_O)        0.124     6.562 r  number[1][3]_i_4/O
                         net (fo=8, routed)           1.584     8.146    number[1][3]_i_4_n_0
    SLICE_X14Y77         LUT5 (Prop_lut5_I0_O)        0.124     8.270 r  number[1][3]_i_2/O
                         net (fo=5, routed)           0.765     9.035    number0_in[3]
    SLICE_X14Y78         FDCE                                         r  number_reg[0][3]/D
  -------------------------------------------------------------------    -------------------

                         (clock clk_out1_clk_wiz_1 rise edge)
                                                     83.333    83.333 r  
    BUFGCTRL_X0Y2        BUFG                         0.000    83.333 r  clk_IBUF_BUFG_inst/O
                         net (fo=187, routed)         1.457    84.791    main_clk_pll/inst/clk_in1
    MMCME2_ADV_X1Y0      MMCME2_ADV (Prop_mmcme2_adv_CLKIN1_CLKOUT0)
                                                     -3.129    81.661 r  main_clk_pll/inst/mmcm_adv_inst/CLKOUT0
                         net (fo=1, routed)           1.581    83.242    main_clk_pll/inst/clk_out1_clk_wiz_1
    BUFGCTRL_X0Y0        BUFG (Prop_bufg_I_O)         0.091    83.333 r  main_clk_pll/inst/clkout1_buf/O
                         net (fo=162, routed)         1.428    84.761    la_out_OBUF[5]
    SLICE_X14Y78         FDCE                                         r  number_reg[0][3]/C
                         clock pessimism              0.078    84.839    
                         clock uncertainty           -0.141    84.698    
    SLICE_X14Y78         FDCE (Setup_fdce_C_D)       -0.028    84.670    number_reg[0][3]
  -------------------------------------------------------------------
                         required time                         84.670    
                         arrival time                          -9.035    
  -------------------------------------------------------------------
                         slack                                 75.635    

Slack (MET) :             75.653ns  (required time - arrival time)
  Source:                 screen_x1/CLK
                            (rising edge-triggered cell DSP48E1 clocked by clk_out1_clk_wiz_1  {rise@0.000ns fall@41.667ns period=83.333ns})
  Destination:            number_reg[4][1]/D
                            (rising edge-triggered cell FDCE clocked by clk_out1_clk_wiz_1  {rise@0.000ns fall@41.667ns period=83.333ns})
  Path Group:             clk_out1_clk_wiz_1
  Path Type:              Setup (Max at Slow Process Corner)
  Requirement:            83.333ns  (clk_out1_clk_wiz_1 rise@83.333ns - clk_out1_clk_wiz_1 rise@0.000ns)
  Data Path Delay:        7.323ns  (logic 1.553ns (21.207%)  route 5.770ns (78.793%))
  Logic Levels:           7  (CARRY4=4 LUT5=1 LUT6=2)
  Clock Path Skew:        -0.136ns (DCD - SCD + CPR)
    Destination Clock Delay (DCD):    1.428ns = ( 84.761 - 83.333 ) 
    Source Clock Delay      (SCD):    1.642ns
    Clock Pessimism Removal (CPR):    0.078ns
  Clock Uncertainty:      0.141ns  ((TSJ^2 + DJ^2)^1/2) / 2 + PE
    Total System Jitter     (TSJ):    0.071ns
    Discrete Jitter          (DJ):    0.273ns
    Phase Error              (PE):    0.000ns

    Location             Delay type                Incr(ns)  Path(ns)    Netlist Resource(s)
  -------------------------------------------------------------------    -------------------
                         (clock clk_out1_clk_wiz_1 rise edge)
                                                      0.000     0.000 r  
    BUFGCTRL_X0Y2        BUFG                         0.000     0.000 r  clk_IBUF_BUFG_inst/O
                         net (fo=187, routed)         1.575     1.575    main_clk_pll/inst/clk_in1
    MMCME2_ADV_X1Y0      MMCME2_ADV (Prop_mmcme2_adv_CLKIN1_CLKOUT0)
                                                     -3.333    -1.757 r  main_clk_pll/inst/mmcm_adv_inst/CLKOUT0
                         net (fo=1, routed)           1.661    -0.096    main_clk_pll/inst/clk_out1_clk_wiz_1
    BUFGCTRL_X0Y0        BUFG (Prop_bufg_I_O)         0.096    -0.000 r  main_clk_pll/inst/clkout1_buf/O
                         net (fo=162, routed)         1.642     1.642    la_out_OBUF[5]
    DSP48_X0Y25          DSP48E1                                      r  screen_x1/CLK
  -------------------------------------------------------------------    -------------------
    DSP48_X0Y25          DSP48E1 (Prop_dsp48e1_CLK_P[19])
                                                      0.434     2.076 r  screen_x1/P[19]
                         net (fo=14, routed)          1.654     3.730    screen_x1_n_86
    SLICE_X14Y65         LUT6 (Prop_lut6_I0_O)        0.124     3.854 r  number[1][3]_i_61/O
                         net (fo=1, routed)           0.695     4.548    number[1][3]_i_61_n_0
    SLICE_X12Y65         CARRY4 (Prop_carry4_DI[3]_CO[3])
                                                      0.396     4.944 r  number_reg[1][3]_i_55/CO[3]
                         net (fo=1, routed)           0.000     4.944    number_reg[1][3]_i_55_n_0
    SLICE_X12Y66         CARRY4 (Prop_carry4_CI_CO[3])
                                                      0.117     5.061 r  number_reg[1][3]_i_41/CO[3]
                         net (fo=1, routed)           0.000     5.061    number_reg[1][3]_i_41_n_0
    SLICE_X12Y67         CARRY4 (Prop_carry4_CI_CO[3])
                                                      0.117     5.178 r  number_reg[1][3]_i_26/CO[3]
                         net (fo=1, routed)           0.000     5.178    number_reg[1][3]_i_26_n_0
    SLICE_X12Y68         CARRY4 (Prop_carry4_CI_CO[3])
                                                      0.117     5.295 r  number_reg[1][3]_i_15/CO[3]
                         net (fo=2, routed)           1.143     6.438    p_23_in
    SLICE_X11Y68         LUT6 (Prop_lut6_I5_O)        0.124     6.562 r  number[1][3]_i_4/O
                         net (fo=8, routed)           1.592     8.154    number[1][3]_i_4_n_0
    SLICE_X14Y77         LUT5 (Prop_lut5_I4_O)        0.124     8.278 r  number[1][1]_i_1/O
                         net (fo=5, routed)           0.686     8.965    number0_in[1]
    SLICE_X15Y78         FDCE                                         r  number_reg[4][1]/D
  -------------------------------------------------------------------    -------------------

                         (clock clk_out1_clk_wiz_1 rise edge)
                                                     83.333    83.333 r  
    BUFGCTRL_X0Y2        BUFG                         0.000    83.333 r  clk_IBUF_BUFG_inst/O
                         net (fo=187, routed)         1.457    84.791    main_clk_pll/inst/clk_in1
    MMCME2_ADV_X1Y0      MMCME2_ADV (Prop_mmcme2_adv_CLKIN1_CLKOUT0)
                                                     -3.129    81.661 r  main_clk_pll/inst/mmcm_adv_inst/CLKOUT0
                         net (fo=1, routed)           1.581    83.242    main_clk_pll/inst/clk_out1_clk_wiz_1
    BUFGCTRL_X0Y0        BUFG (Prop_bufg_I_O)         0.091    83.333 r  main_clk_pll/inst/clkout1_buf/O
                         net (fo=162, routed)         1.428    84.761    la_out_OBUF[5]
    SLICE_X15Y78         FDCE                                         r  number_reg[4][1]/C
                         clock pessimism              0.078    84.839    
                         clock uncertainty           -0.141    84.698    
    SLICE_X15Y78         FDCE (Setup_fdce_C_D)       -0.081    84.617    number_reg[4][1]
  -------------------------------------------------------------------
                         required time                         84.617    
                         arrival time                          -8.965    
  -------------------------------------------------------------------
                         slack                                 75.653    

Slack (MET) :             75.750ns  (required time - arrival time)
  Source:                 screen_x1/CLK
                            (rising edge-triggered cell DSP48E1 clocked by clk_out1_clk_wiz_1  {rise@0.000ns fall@41.667ns period=83.333ns})
  Destination:            number_reg[1][2]/D
                            (rising edge-triggered cell FDCE clocked by clk_out1_clk_wiz_1  {rise@0.000ns fall@41.667ns period=83.333ns})
  Path Group:             clk_out1_clk_wiz_1
  Path Type:              Setup (Max at Slow Process Corner)
  Requirement:            83.333ns  (clk_out1_clk_wiz_1 rise@83.333ns - clk_out1_clk_wiz_1 rise@0.000ns)
  Data Path Delay:        7.073ns  (logic 1.575ns (22.269%)  route 5.498ns (77.731%))
  Logic Levels:           7  (CARRY4=4 LUT5=1 LUT6=2)
  Clock Path Skew:        -0.138ns (DCD - SCD + CPR)
    Destination Clock Delay (DCD):    1.426ns = ( 84.759 - 83.333 ) 
    Source Clock Delay      (SCD):    1.642ns
    Clock Pessimism Removal (CPR):    0.078ns
  Clock Uncertainty:      0.141ns  ((TSJ^2 + DJ^2)^1/2) / 2 + PE
    Total System Jitter     (TSJ):    0.071ns
    Discrete Jitter          (DJ):    0.273ns
    Phase Error              (PE):    0.000ns

    Location             Delay type                Incr(ns)  Path(ns)    Netlist Resource(s)
  -------------------------------------------------------------------    -------------------
                         (clock clk_out1_clk_wiz_1 rise edge)
                                                      0.000     0.000 r  
    BUFGCTRL_X0Y2        BUFG                         0.000     0.000 r  clk_IBUF_BUFG_inst/O
                         net (fo=187, routed)         1.575     1.575    main_clk_pll/inst/clk_in1
    MMCME2_ADV_X1Y0      MMCME2_ADV (Prop_mmcme2_adv_CLKIN1_CLKOUT0)
                                                     -3.333    -1.757 r  main_clk_pll/inst/mmcm_adv_inst/CLKOUT0
                         net (fo=1, routed)           1.661    -0.096    main_clk_pll/inst/clk_out1_clk_wiz_1
    BUFGCTRL_X0Y0        BUFG (Prop_bufg_I_O)         0.096    -0.000 r  main_clk_pll/inst/clkout1_buf/O
                         net (fo=162, routed)         1.642     1.642    la_out_OBUF[5]
    DSP48_X0Y25          DSP48E1                                      r  screen_x1/CLK
  -------------------------------------------------------------------    -------------------
    DSP48_X0Y25          DSP48E1 (Prop_dsp48e1_CLK_P[19])
                                                      0.434     2.076 r  screen_x1/P[19]
                         net (fo=14, routed)          1.654     3.730    screen_x1_n_86
    SLICE_X14Y65         LUT6 (Prop_lut6_I0_O)        0.124     3.854 r  number[1][3]_i_61/O
                         net (fo=1, routed)           0.695     4.548    number[1][3]_i_61_n_0
    SLICE_X12Y65         CARRY4 (Prop_carry4_DI[3]_CO[3])
                                                      0.396     4.944 r  number_reg[1][3]_i_55/CO[3]
                         net (fo=1, routed)           0.000     4.944    number_reg[1][3]_i_55_n_0
    SLICE_X12Y66         CARRY4 (Prop_carry4_CI_CO[3])
                                                      0.117     5.061 r  number_reg[1][3]_i_41/CO[3]
                         net (fo=1, routed)           0.000     5.061    number_reg[1][3]_i_41_n_0
    SLICE_X12Y67         CARRY4 (Prop_carry4_CI_CO[3])
                                                      0.117     5.178 r  number_reg[1][3]_i_26/CO[3]
                         net (fo=1, routed)           0.000     5.178    number_reg[1][3]_i_26_n_0
    SLICE_X12Y68         CARRY4 (Prop_carry4_CI_CO[3])
                                                      0.117     5.295 r  number_reg[1][3]_i_15/CO[3]
                         net (fo=2, routed)           1.143     6.438    p_23_in
    SLICE_X11Y68         LUT6 (Prop_lut6_I5_O)        0.124     6.562 r  number[1][3]_i_4/O
                         net (fo=8, routed)           1.592     8.154    number[1][3]_i_4_n_0
    SLICE_X14Y77         LUT5 (Prop_lut5_I0_O)        0.146     8.300 r  number[1][2]_i_1/O
                         net (fo=5, routed)           0.414     8.714    number0_in[2]
    SLICE_X14Y77         FDCE                                         r  number_reg[1][2]/D
  -------------------------------------------------------------------    -------------------

                         (clock clk_out1_clk_wiz_1 rise edge)
                                                     83.333    83.333 r  
    BUFGCTRL_X0Y2        BUFG                         0.000    83.333 r  clk_IBUF_BUFG_inst/O
                         net (fo=187, routed)         1.457    84.791    main_clk_pll/inst/clk_in1
    MMCME2_ADV_X1Y0      MMCME2_ADV (Prop_mmcme2_adv_CLKIN1_CLKOUT0)
                                                     -3.129    81.661 r  main_clk_pll/inst/mmcm_adv_inst/CLKOUT0
                         net (fo=1, routed)           1.581    83.242    main_clk_pll/inst/clk_out1_clk_wiz_1
    BUFGCTRL_X0Y0        BUFG (Prop_bufg_I_O)         0.091    83.333 r  main_clk_pll/inst/clkout1_buf/O
                         net (fo=162, routed)         1.426    84.759    la_out_OBUF[5]
    SLICE_X14Y77         FDCE                                         r  number_reg[1][2]/C
                         clock pessimism              0.078    84.837    
                         clock uncertainty           -0.141    84.696    
    SLICE_X14Y77         FDCE (Setup_fdce_C_D)       -0.232    84.464    number_reg[1][2]
  -------------------------------------------------------------------
                         required time                         84.464    
                         arrival time                          -8.714    
  -------------------------------------------------------------------
                         slack                                 75.750    





Min Delay Paths
--------------------------------------------------------------------------------------
Slack (MET) :             0.194ns  (arrival time - required time)
  Source:                 bram_addra_reg[1]/C
                            (rising edge-triggered cell FDCE clocked by clk_out1_clk_wiz_1  {rise@0.000ns fall@41.667ns period=83.333ns})
  Destination:            <hidden>
                            (rising edge-triggered cell RAMB36E1 clocked by clk_out1_clk_wiz_1  {rise@0.000ns fall@41.667ns period=83.333ns})
  Path Group:             clk_out1_clk_wiz_1
  Path Type:              Hold (Min at Fast Process Corner)
  Requirement:            0.000ns  (clk_out1_clk_wiz_1 rise@0.000ns - clk_out1_clk_wiz_1 rise@0.000ns)
  Data Path Delay:        0.429ns  (logic 0.164ns (38.212%)  route 0.265ns (61.788%))
  Logic Levels:           0  
  Clock Path Skew:        0.052ns (DCD - SCD - CPR)
    Destination Clock Delay (DCD):    0.869ns
    Source Clock Delay      (SCD):    0.583ns
    Clock Pessimism Removal (CPR):    0.234ns

    Location             Delay type                Incr(ns)  Path(ns)    Netlist Resource(s)
  -------------------------------------------------------------------    -------------------
                         (clock clk_out1_clk_wiz_1 rise edge)
                                                      0.000     0.000 r  
    BUFGCTRL_X0Y2        BUFG                         0.000     0.000 r  clk_IBUF_BUFG_inst/O
                         net (fo=187, routed)         0.549     0.549    main_clk_pll/inst/clk_in1
    MMCME2_ADV_X1Y0      MMCME2_ADV (Prop_mmcme2_adv_CLKIN1_CLKOUT0)
                                                     -1.061    -0.512 r  main_clk_pll/inst/mmcm_adv_inst/CLKOUT0
                         net (fo=1, routed)           0.486    -0.026    main_clk_pll/inst/clk_out1_clk_wiz_1
    BUFGCTRL_X0Y0        BUFG (Prop_bufg_I_O)         0.026     0.000 r  main_clk_pll/inst/clkout1_buf/O
                         net (fo=162, routed)         0.583     0.583    la_out_OBUF[5]
    SLICE_X6Y80          FDCE                                         r  bram_addra_reg[1]/C
  -------------------------------------------------------------------    -------------------
    SLICE_X6Y80          FDCE (Prop_fdce_C_Q)         0.164     0.747 r  bram_addra_reg[1]/Q
                         net (fo=7, routed)           0.265     1.012    <hidden>
    RAMB36_X0Y16         RAMB36E1                                     r  <hidden>
  -------------------------------------------------------------------    -------------------

                         (clock clk_out1_clk_wiz_1 rise edge)
                                                      0.000     0.000 r  
    BUFGCTRL_X0Y2        BUFG                         0.000     0.000 r  clk_IBUF_BUFG_inst/O
                         net (fo=187, routed)         0.817     0.817    main_clk_pll/inst/clk_in1
    MMCME2_ADV_X1Y0      MMCME2_ADV (Prop_mmcme2_adv_CLKIN1_CLKOUT0)
                                                     -1.375    -0.559 r  main_clk_pll/inst/mmcm_adv_inst/CLKOUT0
                         net (fo=1, routed)           0.530    -0.029    main_clk_pll/inst/clk_out1_clk_wiz_1
    BUFGCTRL_X0Y0        BUFG (Prop_bufg_I_O)         0.029     0.000 r  main_clk_pll/inst/clkout1_buf/O
                         net (fo=162, routed)         0.869     0.869    <hidden>
    RAMB36_X0Y16         RAMB36E1                                     r  <hidden>
                         clock pessimism             -0.234     0.635    
    RAMB36_X0Y16         RAMB36E1 (Hold_ramb36e1_CLKARDCLK_ADDRARDADDR[1])
                                                      0.183     0.818    <hidden>
  -------------------------------------------------------------------
                         required time                         -0.818    
                         arrival time                           1.012    
  -------------------------------------------------------------------
                         slack                                  0.194    

Slack (MET) :             0.196ns  (arrival time - required time)
  Source:                 bram_addra_reg[0]/C
                            (rising edge-triggered cell FDCE clocked by clk_out1_clk_wiz_1  {rise@0.000ns fall@41.667ns period=83.333ns})
  Destination:            <hidden>
                            (rising edge-triggered cell RAMB36E1 clocked by clk_out1_clk_wiz_1  {rise@0.000ns fall@41.667ns period=83.333ns})
  Path Group:             clk_out1_clk_wiz_1
  Path Type:              Hold (Min at Fast Process Corner)
  Requirement:            0.000ns  (clk_out1_clk_wiz_1 rise@0.000ns - clk_out1_clk_wiz_1 rise@0.000ns)
  Data Path Delay:        0.431ns  (logic 0.164ns (38.020%)  route 0.267ns (61.980%))
  Logic Levels:           0  
  Clock Path Skew:        0.052ns (DCD - SCD - CPR)
    Destination Clock Delay (DCD):    0.869ns
    Source Clock Delay      (SCD):    0.583ns
    Clock Pessimism Removal (CPR):    0.234ns

    Location             Delay type                Incr(ns)  Path(ns)    Netlist Resource(s)
  -------------------------------------------------------------------    -------------------
                         (clock clk_out1_clk_wiz_1 rise edge)
                                                      0.000     0.000 r  
    BUFGCTRL_X0Y2        BUFG                         0.000     0.000 r  clk_IBUF_BUFG_inst/O
                         net (fo=187, routed)         0.549     0.549    main_clk_pll/inst/clk_in1
    MMCME2_ADV_X1Y0      MMCME2_ADV (Prop_mmcme2_adv_CLKIN1_CLKOUT0)
                                                     -1.061    -0.512 r  main_clk_pll/inst/mmcm_adv_inst/CLKOUT0
                         net (fo=1, routed)           0.486    -0.026    main_clk_pll/inst/clk_out1_clk_wiz_1
    BUFGCTRL_X0Y0        BUFG (Prop_bufg_I_O)         0.026     0.000 r  main_clk_pll/inst/clkout1_buf/O
                         net (fo=162, routed)         0.583     0.583    la_out_OBUF[5]
    SLICE_X6Y80          FDCE                                         r  bram_addra_reg[0]/C
  -------------------------------------------------------------------    -------------------
    SLICE_X6Y80          FDCE (Prop_fdce_C_Q)         0.164     0.747 r  bram_addra_reg[0]/Q
                         net (fo=7, routed)           0.267     1.014    <hidden>
    RAMB36_X0Y16         RAMB36E1                                     r  <hidden>
  -------------------------------------------------------------------    -------------------

                         (clock clk_out1_clk_wiz_1 rise edge)
                                                      0.000     0.000 r  
    BUFGCTRL_X0Y2        BUFG                         0.000     0.000 r  clk_IBUF_BUFG_inst/O
                         net (fo=187, routed)         0.817     0.817    main_clk_pll/inst/clk_in1
    MMCME2_ADV_X1Y0      MMCME2_ADV (Prop_mmcme2_adv_CLKIN1_CLKOUT0)
                                                     -1.375    -0.559 r  main_clk_pll/inst/mmcm_adv_inst/CLKOUT0
                         net (fo=1, routed)           0.530    -0.029    main_clk_pll/inst/clk_out1_clk_wiz_1
    BUFGCTRL_X0Y0        BUFG (Prop_bufg_I_O)         0.029     0.000 r  main_clk_pll/inst/clkout1_buf/O
                         net (fo=162, routed)         0.869     0.869    <hidden>
    RAMB36_X0Y16         RAMB36E1                                     r  <hidden>
                         clock pessimism             -0.234     0.635    
    RAMB36_X0Y16         RAMB36E1 (Hold_ramb36e1_CLKARDCLK_ADDRARDADDR[0])
                                                      0.183     0.818    <hidden>
  -------------------------------------------------------------------
                         required time                         -0.818    
                         arrival time                           1.014    
  -------------------------------------------------------------------
                         slack                                  0.196    

Slack (MET) :             0.198ns  (arrival time - required time)
  Source:                 bram_addra_reg[9]/C
                            (rising edge-triggered cell FDCE clocked by clk_out1_clk_wiz_1  {rise@0.000ns fall@41.667ns period=83.333ns})
  Destination:            <hidden>
                            (rising edge-triggered cell RAMB36E1 clocked by clk_out1_clk_wiz_1  {rise@0.000ns fall@41.667ns period=83.333ns})
  Path Group:             clk_out1_clk_wiz_1
  Path Type:              Hold (Min at Fast Process Corner)
  Requirement:            0.000ns  (clk_out1_clk_wiz_1 rise@0.000ns - clk_out1_clk_wiz_1 rise@0.000ns)
  Data Path Delay:        0.431ns  (logic 0.164ns (38.020%)  route 0.267ns (61.980%))
  Logic Levels:           0  
  Clock Path Skew:        0.050ns (DCD - SCD - CPR)
    Destination Clock Delay (DCD):    0.869ns
    Source Clock Delay      (SCD):    0.585ns
    Clock Pessimism Removal (CPR):    0.234ns

    Location             Delay type                Incr(ns)  Path(ns)    Netlist Resource(s)
  -------------------------------------------------------------------    -------------------
                         (clock clk_out1_clk_wiz_1 rise edge)
                                                      0.000     0.000 r  
    BUFGCTRL_X0Y2        BUFG                         0.000     0.000 r  clk_IBUF_BUFG_inst/O
                         net (fo=187, routed)         0.549     0.549    main_clk_pll/inst/clk_in1
    MMCME2_ADV_X1Y0      MMCME2_ADV (Prop_mmcme2_adv_CLKIN1_CLKOUT0)
                                                     -1.061    -0.512 r  main_clk_pll/inst/mmcm_adv_inst/CLKOUT0
                         net (fo=1, routed)           0.486    -0.026    main_clk_pll/inst/clk_out1_clk_wiz_1
    BUFGCTRL_X0Y0        BUFG (Prop_bufg_I_O)         0.026     0.000 r  main_clk_pll/inst/clkout1_buf/O
                         net (fo=162, routed)         0.585     0.585    la_out_OBUF[5]
    SLICE_X6Y82          FDCE                                         r  bram_addra_reg[9]/C
  -------------------------------------------------------------------    -------------------
    SLICE_X6Y82          FDCE (Prop_fdce_C_Q)         0.164     0.749 r  bram_addra_reg[9]/Q
                         net (fo=7, routed)           0.267     1.016    <hidden>
    RAMB36_X0Y16         RAMB36E1                                     r  <hidden>
  -------------------------------------------------------------------    -------------------

                         (clock clk_out1_clk_wiz_1 rise edge)
                                                      0.000     0.000 r  
    BUFGCTRL_X0Y2        BUFG                         0.000     0.000 r  clk_IBUF_BUFG_inst/O
                         net (fo=187, routed)         0.817     0.817    main_clk_pll/inst/clk_in1
    MMCME2_ADV_X1Y0      MMCME2_ADV (Prop_mmcme2_adv_CLKIN1_CLKOUT0)
                                                     -1.375    -0.559 r  main_clk_pll/inst/mmcm_adv_inst/CLKOUT0
                         net (fo=1, routed)           0.530    -0.029    main_clk_pll/inst/clk_out1_clk_wiz_1
    BUFGCTRL_X0Y0        BUFG (Prop_bufg_I_O)         0.029     0.000 r  main_clk_pll/inst/clkout1_buf/O
                         net (fo=162, routed)         0.869     0.869    <hidden>
    RAMB36_X0Y16         RAMB36E1                                     r  <hidden>
                         clock pessimism             -0.234     0.635    
    RAMB36_X0Y16         RAMB36E1 (Hold_ramb36e1_CLKARDCLK_ADDRARDADDR[9])
                                                      0.183     0.818    <hidden>
  -------------------------------------------------------------------
                         required time                         -0.818    
                         arrival time                           1.016    
  -------------------------------------------------------------------
                         slack                                  0.198    

Slack (MET) :             0.198ns  (arrival time - required time)
  Source:                 bram_addra_reg[11]/C
                            (rising edge-triggered cell FDCE clocked by clk_out1_clk_wiz_1  {rise@0.000ns fall@41.667ns period=83.333ns})
  Destination:            <hidden>
                            (rising edge-triggered cell RAMB36E1 clocked by clk_out1_clk_wiz_1  {rise@0.000ns fall@41.667ns period=83.333ns})
  Path Group:             clk_out1_clk_wiz_1
  Path Type:              Hold (Min at Fast Process Corner)
  Requirement:            0.000ns  (clk_out1_clk_wiz_1 rise@0.000ns - clk_out1_clk_wiz_1 rise@0.000ns)
  Data Path Delay:        0.431ns  (logic 0.164ns (38.014%)  route 0.267ns (61.986%))
  Logic Levels:           0  
  Clock Path Skew:        0.050ns (DCD - SCD - CPR)
    Destination Clock Delay (DCD):    0.869ns
    Source Clock Delay      (SCD):    0.585ns
    Clock Pessimism Removal (CPR):    0.234ns

    Location             Delay type                Incr(ns)  Path(ns)    Netlist Resource(s)
  -------------------------------------------------------------------    -------------------
                         (clock clk_out1_clk_wiz_1 rise edge)
                                                      0.000     0.000 r  
    BUFGCTRL_X0Y2        BUFG                         0.000     0.000 r  clk_IBUF_BUFG_inst/O
                         net (fo=187, routed)         0.549     0.549    main_clk_pll/inst/clk_in1
    MMCME2_ADV_X1Y0      MMCME2_ADV (Prop_mmcme2_adv_CLKIN1_CLKOUT0)
                                                     -1.061    -0.512 r  main_clk_pll/inst/mmcm_adv_inst/CLKOUT0
                         net (fo=1, routed)           0.486    -0.026    main_clk_pll/inst/clk_out1_clk_wiz_1
    BUFGCTRL_X0Y0        BUFG (Prop_bufg_I_O)         0.026     0.000 r  main_clk_pll/inst/clkout1_buf/O
                         net (fo=162, routed)         0.585     0.585    la_out_OBUF[5]
    SLICE_X6Y82          FDCE                                         r  bram_addra_reg[11]/C
  -------------------------------------------------------------------    -------------------
    SLICE_X6Y82          FDCE (Prop_fdce_C_Q)         0.164     0.749 r  bram_addra_reg[11]/Q
                         net (fo=7, routed)           0.267     1.016    <hidden>
    RAMB36_X0Y16         RAMB36E1                                     r  <hidden>
  -------------------------------------------------------------------    -------------------

                         (clock clk_out1_clk_wiz_1 rise edge)
                                                      0.000     0.000 r  
    BUFGCTRL_X0Y2        BUFG                         0.000     0.000 r  clk_IBUF_BUFG_inst/O
                         net (fo=187, routed)         0.817     0.817    main_clk_pll/inst/clk_in1
    MMCME2_ADV_X1Y0      MMCME2_ADV (Prop_mmcme2_adv_CLKIN1_CLKOUT0)
                                                     -1.375    -0.559 r  main_clk_pll/inst/mmcm_adv_inst/CLKOUT0
                         net (fo=1, routed)           0.530    -0.029    main_clk_pll/inst/clk_out1_clk_wiz_1
    BUFGCTRL_X0Y0        BUFG (Prop_bufg_I_O)         0.029     0.000 r  main_clk_pll/inst/clkout1_buf/O
                         net (fo=162, routed)         0.869     0.869    <hidden>
    RAMB36_X0Y16         RAMB36E1                                     r  <hidden>
                         clock pessimism             -0.234     0.635    
    RAMB36_X0Y16         RAMB36E1 (Hold_ramb36e1_CLKARDCLK_ADDRARDADDR[11])
                                                      0.183     0.818    <hidden>
  -------------------------------------------------------------------
                         required time                         -0.818    
                         arrival time                           1.016    
  -------------------------------------------------------------------
                         slack                                  0.198    

Slack (MET) :             0.208ns  (arrival time - required time)
  Source:                 bram_base_addra_reg[1]/C
                            (rising edge-triggered cell FDRE clocked by clk_out1_clk_wiz_1  {rise@0.000ns fall@41.667ns period=83.333ns})
  Destination:            bram_addra_reg[1]/D
                            (rising edge-triggered cell FDCE clocked by clk_out1_clk_wiz_1  {rise@0.000ns fall@41.667ns period=83.333ns})
  Path Group:             clk_out1_clk_wiz_1
  Path Type:              Hold (Min at Fast Process Corner)
  Requirement:            0.000ns  (clk_out1_clk_wiz_1 rise@0.000ns - clk_out1_clk_wiz_1 rise@0.000ns)
  Data Path Delay:        0.355ns  (logic 0.252ns (70.926%)  route 0.103ns (29.074%))
  Logic Levels:           2  (CARRY4=1 LUT2=1)
  Clock Path Skew:        0.013ns (DCD - SCD - CPR)
    Destination Clock Delay (DCD):    0.852ns
    Source Clock Delay      (SCD):    0.583ns
    Clock Pessimism Removal (CPR):    0.256ns

    Location             Delay type                Incr(ns)  Path(ns)    Netlist Resource(s)
  -------------------------------------------------------------------    -------------------
                         (clock clk_out1_clk_wiz_1 rise edge)
                                                      0.000     0.000 r  
    BUFGCTRL_X0Y2        BUFG                         0.000     0.000 r  clk_IBUF_BUFG_inst/O
                         net (fo=187, routed)         0.549     0.549    main_clk_pll/inst/clk_in1
    MMCME2_ADV_X1Y0      MMCME2_ADV (Prop_mmcme2_adv_CLKIN1_CLKOUT0)
                                                     -1.061    -0.512 r  main_clk_pll/inst/mmcm_adv_inst/CLKOUT0
                         net (fo=1, routed)           0.486    -0.026    main_clk_pll/inst/clk_out1_clk_wiz_1
    BUFGCTRL_X0Y0        BUFG (Prop_bufg_I_O)         0.026     0.000 r  main_clk_pll/inst/clkout1_buf/O
                         net (fo=162, routed)         0.583     0.583    la_out_OBUF[5]
    SLICE_X7Y80          FDRE                                         r  bram_base_addra_reg[1]/C
  -------------------------------------------------------------------    -------------------
    SLICE_X7Y80          FDRE (Prop_fdre_C_Q)         0.141     0.724 r  bram_base_addra_reg[1]/Q
                         net (fo=2, routed)           0.103     0.827    lcd_inst/cmd_ndata_writer/bram_addra_reg[17][1]
    SLICE_X6Y80          LUT2 (Prop_lut2_I0_O)        0.045     0.872 r  lcd_inst/cmd_ndata_writer/bram_addra[3]_i_2/O
                         net (fo=1, routed)           0.000     0.872    lcd_inst/cmd_ndata_writer/bram_addra[3]_i_2_n_0
    SLICE_X6Y80          CARRY4 (Prop_carry4_S[1]_O[1])
                                                      0.066     0.938 r  lcd_inst/cmd_ndata_writer/bram_addra_reg[3]_i_1/O[1]
                         net (fo=1, routed)           0.000     0.938    lcd_inst_n_28
    SLICE_X6Y80          FDCE                                         r  bram_addra_reg[1]/D
  -------------------------------------------------------------------    -------------------

                         (clock clk_out1_clk_wiz_1 rise edge)
                                                      0.000     0.000 r  
    BUFGCTRL_X0Y2        BUFG                         0.000     0.000 r  clk_IBUF_BUFG_inst/O
                         net (fo=187, routed)         0.817     0.817    main_clk_pll/inst/clk_in1
    MMCME2_ADV_X1Y0      MMCME2_ADV (Prop_mmcme2_adv_CLKIN1_CLKOUT0)
                                                     -1.375    -0.559 r  main_clk_pll/inst/mmcm_adv_inst/CLKOUT0
                         net (fo=1, routed)           0.530    -0.029    main_clk_pll/inst/clk_out1_clk_wiz_1
    BUFGCTRL_X0Y0        BUFG (Prop_bufg_I_O)         0.029     0.000 r  main_clk_pll/inst/clkout1_buf/O
                         net (fo=162, routed)         0.851     0.851    la_out_OBUF[5]
    SLICE_X6Y80          FDCE                                         r  bram_addra_reg[1]/C
                         clock pessimism             -0.256     0.596    
    SLICE_X6Y80          FDCE (Hold_fdce_C_D)         0.134     0.730    bram_addra_reg[1]
  -------------------------------------------------------------------
                         required time                         -0.730    
                         arrival time                           0.938    
  -------------------------------------------------------------------
                         slack                                  0.208    

Slack (MET) :             0.226ns  (arrival time - required time)
  Source:                 draw_step_reg[1]/C
                            (rising edge-triggered cell FDCE clocked by clk_out1_clk_wiz_1  {rise@0.000ns fall@41.667ns period=83.333ns})
  Destination:            bram_base_addra_reg[9]/D
                            (rising edge-triggered cell FDRE clocked by clk_out1_clk_wiz_1  {rise@0.000ns fall@41.667ns period=83.333ns})
  Path Group:             clk_out1_clk_wiz_1
  Path Type:              Hold (Min at Fast Process Corner)
  Requirement:            0.000ns  (clk_out1_clk_wiz_1 rise@0.000ns - clk_out1_clk_wiz_1 rise@0.000ns)
  Data Path Delay:        0.346ns  (logic 0.189ns (54.695%)  route 0.157ns (45.305%))
  Logic Levels:           1  (LUT4=1)
  Clock Path Skew:        0.013ns (DCD - SCD - CPR)
    Destination Clock Delay (DCD):    0.854ns
    Source Clock Delay      (SCD):    0.585ns
    Clock Pessimism Removal (CPR):    0.256ns

    Location             Delay type                Incr(ns)  Path(ns)    Netlist Resource(s)
  -------------------------------------------------------------------    -------------------
                         (clock clk_out1_clk_wiz_1 rise edge)
                                                      0.000     0.000 r  
    BUFGCTRL_X0Y2        BUFG                         0.000     0.000 r  clk_IBUF_BUFG_inst/O
                         net (fo=187, routed)         0.549     0.549    main_clk_pll/inst/clk_in1
    MMCME2_ADV_X1Y0      MMCME2_ADV (Prop_mmcme2_adv_CLKIN1_CLKOUT0)
                                                     -1.061    -0.512 r  main_clk_pll/inst/mmcm_adv_inst/CLKOUT0
                         net (fo=1, routed)           0.486    -0.026    main_clk_pll/inst/clk_out1_clk_wiz_1
    BUFGCTRL_X0Y0        BUFG (Prop_bufg_I_O)         0.026     0.000 r  main_clk_pll/inst/clkout1_buf/O
                         net (fo=162, routed)         0.585     0.585    la_out_OBUF[5]
    SLICE_X4Y82          FDCE                                         r  draw_step_reg[1]/C
  -------------------------------------------------------------------    -------------------
    SLICE_X4Y82          FDCE (Prop_fdce_C_Q)         0.141     0.726 r  draw_step_reg[1]/Q
                         net (fo=85, routed)          0.157     0.882    la_out_OBUF[1]
    SLICE_X5Y82          LUT4 (Prop_lut4_I2_O)        0.048     0.930 r  bram_base_addra[9]_i_1/O
                         net (fo=1, routed)           0.000     0.930    bram_base_addra[9]
    SLICE_X5Y82          FDRE                                         r  bram_base_addra_reg[9]/D
  -------------------------------------------------------------------    -------------------

                         (clock clk_out1_clk_wiz_1 rise edge)
                                                      0.000     0.000 r  
    BUFGCTRL_X0Y2        BUFG                         0.000     0.000 r  clk_IBUF_BUFG_inst/O
                         net (fo=187, routed)         0.817     0.817    main_clk_pll/inst/clk_in1
    MMCME2_ADV_X1Y0      MMCME2_ADV (Prop_mmcme2_adv_CLKIN1_CLKOUT0)
                                                     -1.375    -0.559 r  main_clk_pll/inst/mmcm_adv_inst/CLKOUT0
                         net (fo=1, routed)           0.530    -0.029    main_clk_pll/inst/clk_out1_clk_wiz_1
    BUFGCTRL_X0Y0        BUFG (Prop_bufg_I_O)         0.029     0.000 r  main_clk_pll/inst/clkout1_buf/O
                         net (fo=162, routed)         0.854     0.854    la_out_OBUF[5]
    SLICE_X5Y82          FDRE                                         r  bram_base_addra_reg[9]/C
                         clock pessimism             -0.256     0.598    
    SLICE_X5Y82          FDRE (Hold_fdre_C_D)         0.107     0.705    bram_base_addra_reg[9]
  -------------------------------------------------------------------
                         required time                         -0.705    
                         arrival time                           0.930    
  -------------------------------------------------------------------
                         slack                                  0.226    

Slack (MET) :             0.229ns  (arrival time - required time)
  Source:                 edit_mode_reg/C
                            (rising edge-triggered cell FDCE clocked by clk_out1_clk_wiz_1  {rise@0.000ns fall@41.667ns period=83.333ns})
  Destination:            selected_digit_reg[2]/D
                            (rising edge-triggered cell FDPE clocked by clk_out1_clk_wiz_1  {rise@0.000ns fall@41.667ns period=83.333ns})
  Path Group:             clk_out1_clk_wiz_1
  Path Type:              Hold (Min at Fast Process Corner)
  Requirement:            0.000ns  (clk_out1_clk_wiz_1 rise@0.000ns - clk_out1_clk_wiz_1 rise@0.000ns)
  Data Path Delay:        0.355ns  (logic 0.209ns (58.869%)  route 0.146ns (41.131%))
  Logic Levels:           1  (LUT6=1)
  Clock Path Skew:        0.034ns (DCD - SCD - CPR)
    Destination Clock Delay (DCD):    0.827ns
    Source Clock Delay      (SCD):    0.559ns
    Clock Pessimism Removal (CPR):    0.234ns

    Location             Delay type                Incr(ns)  Path(ns)    Netlist Resource(s)
  -------------------------------------------------------------------    -------------------
                         (clock clk_out1_clk_wiz_1 rise edge)
                                                      0.000     0.000 r  
    BUFGCTRL_X0Y2        BUFG                         0.000     0.000 r  clk_IBUF_BUFG_inst/O
                         net (fo=187, routed)         0.549     0.549    main_clk_pll/inst/clk_in1
    MMCME2_ADV_X1Y0      MMCME2_ADV (Prop_mmcme2_adv_CLKIN1_CLKOUT0)
                                                     -1.061    -0.512 r  main_clk_pll/inst/mmcm_adv_inst/CLKOUT0
                         net (fo=1, routed)           0.486    -0.026    main_clk_pll/inst/clk_out1_clk_wiz_1
    BUFGCTRL_X0Y0        BUFG (Prop_bufg_I_O)         0.026     0.000 r  main_clk_pll/inst/clkout1_buf/O
                         net (fo=162, routed)         0.559     0.559    la_out_OBUF[5]
    SLICE_X10Y66         FDCE                                         r  edit_mode_reg/C
  -------------------------------------------------------------------    -------------------
    SLICE_X10Y66         FDCE (Prop_fdce_C_Q)         0.164     0.723 r  edit_mode_reg/Q
                         net (fo=14, routed)          0.146     0.869    edit_mode_reg_n_0
    SLICE_X9Y66          LUT6 (Prop_lut6_I2_O)        0.045     0.914 r  selected_digit[2]_i_1/O
                         net (fo=1, routed)           0.000     0.914    selected_digit[2]_i_1_n_0
    SLICE_X9Y66          FDPE                                         r  selected_digit_reg[2]/D
  -------------------------------------------------------------------    -------------------

                         (clock clk_out1_clk_wiz_1 rise edge)
                                                      0.000     0.000 r  
    BUFGCTRL_X0Y2        BUFG                         0.000     0.000 r  clk_IBUF_BUFG_inst/O
                         net (fo=187, routed)         0.817     0.817    main_clk_pll/inst/clk_in1
    MMCME2_ADV_X1Y0      MMCME2_ADV (Prop_mmcme2_adv_CLKIN1_CLKOUT0)
                                                     -1.375    -0.559 r  main_clk_pll/inst/mmcm_adv_inst/CLKOUT0
                         net (fo=1, routed)           0.530    -0.029    main_clk_pll/inst/clk_out1_clk_wiz_1
    BUFGCTRL_X0Y0        BUFG (Prop_bufg_I_O)         0.029     0.000 r  main_clk_pll/inst/clkout1_buf/O
                         net (fo=162, routed)         0.826     0.826    la_out_OBUF[5]
    SLICE_X9Y66          FDPE                                         r  selected_digit_reg[2]/C
                         clock pessimism             -0.234     0.593    
    SLICE_X9Y66          FDPE (Hold_fdpe_C_D)         0.092     0.685    selected_digit_reg[2]
  -------------------------------------------------------------------
                         required time                         -0.685    
                         arrival time                           0.914    
  -------------------------------------------------------------------
                         slack                                  0.229    

Slack (MET) :             0.239ns  (arrival time - required time)
  Source:                 draw_step_reg[1]/C
                            (rising edge-triggered cell FDCE clocked by clk_out1_clk_wiz_1  {rise@0.000ns fall@41.667ns period=83.333ns})
  Destination:            bram_base_addra_reg[11]/D
                            (rising edge-triggered cell FDRE clocked by clk_out1_clk_wiz_1  {rise@0.000ns fall@41.667ns period=83.333ns})
  Path Group:             clk_out1_clk_wiz_1
  Path Type:              Hold (Min at Fast Process Corner)
  Requirement:            0.000ns  (clk_out1_clk_wiz_1 rise@0.000ns - clk_out1_clk_wiz_1 rise@0.000ns)
  Data Path Delay:        0.343ns  (logic 0.186ns (54.298%)  route 0.157ns (45.702%))
  Logic Levels:           1  (LUT4=1)
  Clock Path Skew:        0.013ns (DCD - SCD - CPR)
    Destination Clock Delay (DCD):    0.854ns
    Source Clock Delay      (SCD):    0.585ns
    Clock Pessimism Removal (CPR):    0.256ns

    Location             Delay type                Incr(ns)  Path(ns)    Netlist Resource(s)
  -------------------------------------------------------------------    -------------------
                         (clock clk_out1_clk_wiz_1 rise edge)
                                                      0.000     0.000 r  
    BUFGCTRL_X0Y2        BUFG                         0.000     0.000 r  clk_IBUF_BUFG_inst/O
                         net (fo=187, routed)         0.549     0.549    main_clk_pll/inst/clk_in1
    MMCME2_ADV_X1Y0      MMCME2_ADV (Prop_mmcme2_adv_CLKIN1_CLKOUT0)
                                                     -1.061    -0.512 r  main_clk_pll/inst/mmcm_adv_inst/CLKOUT0
                         net (fo=1, routed)           0.486    -0.026    main_clk_pll/inst/clk_out1_clk_wiz_1
    BUFGCTRL_X0Y0        BUFG (Prop_bufg_I_O)         0.026     0.000 r  main_clk_pll/inst/clkout1_buf/O
                         net (fo=162, routed)         0.585     0.585    la_out_OBUF[5]
    SLICE_X4Y82          FDCE                                         r  draw_step_reg[1]/C
  -------------------------------------------------------------------    -------------------
    SLICE_X4Y82          FDCE (Prop_fdce_C_Q)         0.141     0.726 r  draw_step_reg[1]/Q
                         net (fo=85, routed)          0.157     0.882    la_out_OBUF[1]
    SLICE_X5Y82          LUT4 (Prop_lut4_I1_O)        0.045     0.927 r  bram_base_addra[11]_i_1/O
                         net (fo=1, routed)           0.000     0.927    bram_base_addra[11]
    SLICE_X5Y82          FDRE                                         r  bram_base_addra_reg[11]/D
  -------------------------------------------------------------------    -------------------

                         (clock clk_out1_clk_wiz_1 rise edge)
                                                      0.000     0.000 r  
    BUFGCTRL_X0Y2        BUFG                         0.000     0.000 r  clk_IBUF_BUFG_inst/O
                         net (fo=187, routed)         0.817     0.817    main_clk_pll/inst/clk_in1
    MMCME2_ADV_X1Y0      MMCME2_ADV (Prop_mmcme2_adv_CLKIN1_CLKOUT0)
                                                     -1.375    -0.559 r  main_clk_pll/inst/mmcm_adv_inst/CLKOUT0
                         net (fo=1, routed)           0.530    -0.029    main_clk_pll/inst/clk_out1_clk_wiz_1
    BUFGCTRL_X0Y0        BUFG (Prop_bufg_I_O)         0.029     0.000 r  main_clk_pll/inst/clkout1_buf/O
                         net (fo=162, routed)         0.854     0.854    la_out_OBUF[5]
    SLICE_X5Y82          FDRE                                         r  bram_base_addra_reg[11]/C
                         clock pessimism             -0.256     0.598    
    SLICE_X5Y82          FDRE (Hold_fdre_C_D)         0.091     0.689    bram_base_addra_reg[11]
  -------------------------------------------------------------------
                         required time                         -0.689    
                         arrival time                           0.927    
  -------------------------------------------------------------------
                         slack                                  0.239    

Slack (MET) :             0.249ns  (arrival time - required time)
  Source:                 bram_addra_reg[10]/C
                            (rising edge-triggered cell FDCE clocked by clk_out1_clk_wiz_1  {rise@0.000ns fall@41.667ns period=83.333ns})
  Destination:            <hidden>
                            (rising edge-triggered cell RAMB36E1 clocked by clk_out1_clk_wiz_1  {rise@0.000ns fall@41.667ns period=83.333ns})
  Path Group:             clk_out1_clk_wiz_1
  Path Type:              Hold (Min at Fast Process Corner)
  Requirement:            0.000ns  (clk_out1_clk_wiz_1 rise@0.000ns - clk_out1_clk_wiz_1 rise@0.000ns)
  Data Path Delay:        0.482ns  (logic 0.164ns (34.022%)  route 0.318ns (65.978%))
  Logic Levels:           0  
  Clock Path Skew:        0.050ns (DCD - SCD - CPR)
    Destination Clock Delay (DCD):    0.869ns
    Source Clock Delay      (SCD):    0.585ns
    Clock Pessimism Removal (CPR):    0.234ns

    Location             Delay type                Incr(ns)  Path(ns)    Netlist Resource(s)
  -------------------------------------------------------------------    -------------------
                         (clock clk_out1_clk_wiz_1 rise edge)
                                                      0.000     0.000 r  
    BUFGCTRL_X0Y2        BUFG                         0.000     0.000 r  clk_IBUF_BUFG_inst/O
                         net (fo=187, routed)         0.549     0.549    main_clk_pll/inst/clk_in1
    MMCME2_ADV_X1Y0      MMCME2_ADV (Prop_mmcme2_adv_CLKIN1_CLKOUT0)
                                                     -1.061    -0.512 r  main_clk_pll/inst/mmcm_adv_inst/CLKOUT0
                         net (fo=1, routed)           0.486    -0.026    main_clk_pll/inst/clk_out1_clk_wiz_1
    BUFGCTRL_X0Y0        BUFG (Prop_bufg_I_O)         0.026     0.000 r  main_clk_pll/inst/clkout1_buf/O
                         net (fo=162, routed)         0.585     0.585    la_out_OBUF[5]
    SLICE_X6Y82          FDCE                                         r  bram_addra_reg[10]/C
  -------------------------------------------------------------------    -------------------
    SLICE_X6Y82          FDCE (Prop_fdce_C_Q)         0.164     0.749 r  bram_addra_reg[10]/Q
                         net (fo=7, routed)           0.318     1.067    <hidden>
    RAMB36_X0Y16         RAMB36E1                                     r  <hidden>
  -------------------------------------------------------------------    -------------------

                         (clock clk_out1_clk_wiz_1 rise edge)
                                                      0.000     0.000 r  
    BUFGCTRL_X0Y2        BUFG                         0.000     0.000 r  clk_IBUF_BUFG_inst/O
                         net (fo=187, routed)         0.817     0.817    main_clk_pll/inst/clk_in1
    MMCME2_ADV_X1Y0      MMCME2_ADV (Prop_mmcme2_adv_CLKIN1_CLKOUT0)
                                                     -1.375    -0.559 r  main_clk_pll/inst/mmcm_adv_inst/CLKOUT0
                         net (fo=1, routed)           0.530    -0.029    main_clk_pll/inst/clk_out1_clk_wiz_1
    BUFGCTRL_X0Y0        BUFG (Prop_bufg_I_O)         0.029     0.000 r  main_clk_pll/inst/clkout1_buf/O
                         net (fo=162, routed)         0.869     0.869    <hidden>
    RAMB36_X0Y16         RAMB36E1                                     r  <hidden>
                         clock pessimism             -0.234     0.635    
    RAMB36_X0Y16         RAMB36E1 (Hold_ramb36e1_CLKARDCLK_ADDRARDADDR[10])
                                                      0.183     0.818    <hidden>
  -------------------------------------------------------------------
                         required time                         -0.818    
                         arrival time                           1.067    
  -------------------------------------------------------------------
                         slack                                  0.249    

Slack (MET) :             0.251ns  (arrival time - required time)
  Source:                 <hidden>
                            (rising edge-triggered cell FDRE clocked by clk_out1_clk_wiz_1  {rise@0.000ns fall@41.667ns period=83.333ns})
  Destination:            <hidden>
                            (rising edge-triggered cell FDRE clocked by clk_out1_clk_wiz_1  {rise@0.000ns fall@41.667ns period=83.333ns})
  Path Group:             clk_out1_clk_wiz_1
  Path Type:              Hold (Min at Fast Process Corner)
  Requirement:            0.000ns  (clk_out1_clk_wiz_1 rise@0.000ns - clk_out1_clk_wiz_1 rise@0.000ns)
  Data Path Delay:        0.245ns  (logic 0.128ns (52.331%)  route 0.117ns (47.670%))
  Logic Levels:           0  
  Clock Path Skew:        0.000ns (DCD - SCD - CPR)
    Destination Clock Delay (DCD):    0.849ns
    Source Clock Delay      (SCD):    0.581ns
    Clock Pessimism Removal (CPR):    0.268ns

    Location             Delay type                Incr(ns)  Path(ns)    Netlist Resource(s)
  -------------------------------------------------------------------    -------------------
                         (clock clk_out1_clk_wiz_1 rise edge)
                                                      0.000     0.000 r  
    BUFGCTRL_X0Y2        BUFG                         0.000     0.000 r  clk_IBUF_BUFG_inst/O
                         net (fo=187, routed)         0.549     0.549    main_clk_pll/inst/clk_in1
    MMCME2_ADV_X1Y0      MMCME2_ADV (Prop_mmcme2_adv_CLKIN1_CLKOUT0)
                                                     -1.061    -0.512 r  main_clk_pll/inst/mmcm_adv_inst/CLKOUT0
                         net (fo=1, routed)           0.486    -0.026    main_clk_pll/inst/clk_out1_clk_wiz_1
    BUFGCTRL_X0Y0        BUFG (Prop_bufg_I_O)         0.026     0.000 r  main_clk_pll/inst/clkout1_buf/O
                         net (fo=162, routed)         0.581     0.581    <hidden>
    SLICE_X7Y77          FDRE                                         r  <hidden>
  -------------------------------------------------------------------    -------------------
    SLICE_X7Y77          FDRE (Prop_fdre_C_Q)         0.128     0.709 r  <hidden>
                         net (fo=2, routed)           0.117     0.825    <hidden>
    SLICE_X7Y77          FDRE                                         r  <hidden>
  -------------------------------------------------------------------    -------------------

                         (clock clk_out1_clk_wiz_1 rise edge)
                                                      0.000     0.000 r  
    BUFGCTRL_X0Y2        BUFG                         0.000     0.000 r  clk_IBUF_BUFG_inst/O
                         net (fo=187, routed)         0.817     0.817    main_clk_pll/inst/clk_in1
    MMCME2_ADV_X1Y0      MMCME2_ADV (Prop_mmcme2_adv_CLKIN1_CLKOUT0)
                                                     -1.375    -0.559 r  main_clk_pll/inst/mmcm_adv_inst/CLKOUT0
                         net (fo=1, routed)           0.530    -0.029    main_clk_pll/inst/clk_out1_clk_wiz_1
    BUFGCTRL_X0Y0        BUFG (Prop_bufg_I_O)         0.029     0.000 r  main_clk_pll/inst/clkout1_buf/O
                         net (fo=162, routed)         0.849     0.849    <hidden>
    SLICE_X7Y77          FDRE                                         r  <hidden>
                         clock pessimism             -0.268     0.581    
    SLICE_X7Y77          FDRE (Hold_fdre_C_D)        -0.006     0.575    <hidden>
  -------------------------------------------------------------------
                         required time                         -0.575    
                         arrival time                           0.825    
  -------------------------------------------------------------------
                         slack                                  0.251    





Pulse Width Checks
--------------------------------------------------------------------------------------
Clock Name:         clk_out1_clk_wiz_1
Waveform(ns):       { 0.000 41.667 }
Period(ns):         83.333
Sources:            { main_clk_pll/inst/mmcm_adv_inst/CLKOUT0 }

Check Type        Corner  Lib Pin             Reference Pin  Required(ns)  Actual(ns)  Slack(ns)  Location         Pin
Min Period        n/a     RAMB36E1/CLKARDCLK  n/a            2.892         83.333      80.441     RAMB36_X0Y18     <hidden>
Min Period        n/a     RAMB36E1/CLKARDCLK  n/a            2.892         83.333      80.441     RAMB36_X0Y19     <hidden>
Min Period        n/a     RAMB36E1/CLKARDCLK  n/a            2.892         83.333      80.441     RAMB36_X0Y14     <hidden>
Min Period        n/a     RAMB36E1/CLKARDCLK  n/a            2.892         83.333      80.441     RAMB36_X0Y15     <hidden>
Min Period        n/a     RAMB36E1/CLKARDCLK  n/a            2.892         83.333      80.441     RAMB36_X0Y16     <hidden>
Min Period        n/a     RAMB36E1/CLKARDCLK  n/a            2.892         83.333      80.441     RAMB36_X0Y17     <hidden>
Min Period        n/a     RAMB36E1/CLKBWRCLK  n/a            2.576         83.333      80.757     RAMB36_X0Y18     <hidden>
Min Period        n/a     RAMB36E1/CLKBWRCLK  n/a            2.576         83.333      80.757     RAMB36_X0Y19     <hidden>
Min Period        n/a     RAMB36E1/CLKBWRCLK  n/a            2.576         83.333      80.757     RAMB36_X0Y14     <hidden>
Min Period        n/a     RAMB36E1/CLKBWRCLK  n/a            2.576         83.333      80.757     RAMB36_X0Y15     <hidden>
Max Period        n/a     MMCME2_ADV/CLKOUT0  n/a            213.360       83.333      130.027    MMCME2_ADV_X1Y0  main_clk_pll/inst/mmcm_adv_inst/CLKOUT0
Low Pulse Width   Slow    FDCE/C              n/a            0.500         41.667      41.167     SLICE_X6Y80      bram_addra_reg[0]/C
Low Pulse Width   Fast    FDCE/C              n/a            0.500         41.667      41.167     SLICE_X6Y80      bram_addra_reg[0]/C
Low Pulse Width   Slow    FDCE/C              n/a            0.500         41.667      41.167     SLICE_X6Y82      bram_addra_reg[10]/C
Low Pulse Width   Fast    FDCE/C              n/a            0.500         41.667      41.167     SLICE_X6Y82      bram_addra_reg[10]/C
Low Pulse Width   Slow    FDCE/C              n/a            0.500         41.667      41.167     SLICE_X6Y82      bram_addra_reg[11]/C
Low Pulse Width   Fast    FDCE/C              n/a            0.500         41.667      41.167     SLICE_X6Y82      bram_addra_reg[11]/C
Low Pulse Width   Slow    FDCE/C              n/a            0.500         41.667      41.167     SLICE_X6Y83      bram_addra_reg[12]/C
Low Pulse Width   Fast    FDCE/C              n/a            0.500         41.667      41.167     SLICE_X6Y83      bram_addra_reg[12]/C
Low Pulse Width   Slow    FDCE/C              n/a            0.500         41.667      41.167     SLICE_X6Y83      bram_addra_reg[13]/C
Low Pulse Width   Fast    FDCE/C              n/a            0.500         41.667      41.167     SLICE_X6Y83      bram_addra_reg[13]/C
High Pulse Width  Slow    FDCE/C              n/a            0.500         41.667      41.167     SLICE_X6Y80      bram_addra_reg[0]/C
High Pulse Width  Fast    FDCE/C              n/a            0.500         41.667      41.167     SLICE_X6Y80      bram_addra_reg[0]/C
High Pulse Width  Slow    FDCE/C              n/a            0.500         41.667      41.167     SLICE_X6Y82      bram_addra_reg[10]/C
High Pulse Width  Fast    FDCE/C              n/a            0.500         41.667      41.167     SLICE_X6Y82      bram_addra_reg[10]/C
High Pulse Width  Slow    FDCE/C              n/a            0.500         41.667      41.167     SLICE_X6Y82      bram_addra_reg[11]/C
High Pulse Width  Fast    FDCE/C              n/a            0.500         41.667      41.167     SLICE_X6Y82      bram_addra_reg[11]/C
High Pulse Width  Slow    FDCE/C              n/a            0.500         41.667      41.167     SLICE_X6Y83      bram_addra_reg[12]/C
High Pulse Width  Fast    FDCE/C              n/a            0.500         41.667      41.167     SLICE_X6Y83      bram_addra_reg[12]/C
High Pulse Width  Slow    FDCE/C              n/a            0.500         41.667      41.167     SLICE_X6Y83      bram_addra_reg[13]/C
High Pulse Width  Fast    FDCE/C              n/a            0.500         41.667      41.167     SLICE_X6Y83      bram_addra_reg[13]/C



---------------------------------------------------------------------------------------------------
From Clock:  clkfbout_clk_wiz_1
  To Clock:  clkfbout_clk_wiz_1

Setup :           NA  Failing Endpoints,  Worst Slack           NA  ,  Total Violation           NA
Hold  :           NA  Failing Endpoints,  Worst Slack           NA  ,  Total Violation           NA
PW    :            0  Failing Endpoints,  Worst Slack       17.845ns,  Total Violation        0.000ns
---------------------------------------------------------------------------------------------------


Pulse Width Checks
--------------------------------------------------------------------------------------
Clock Name:         clkfbout_clk_wiz_1
Waveform(ns):       { 0.000 10.000 }
Period(ns):         20.000
Sources:            { main_clk_pll/inst/mmcm_adv_inst/CLKFBOUT }

Check Type  Corner  Lib Pin              Reference Pin  Required(ns)  Actual(ns)  Slack(ns)  Location         Pin
Min Period  n/a     BUFG/I               n/a            2.155         20.000      17.845     BUFGCTRL_X0Y4    main_clk_pll/inst/clkf_buf/I
Min Period  n/a     MMCME2_ADV/CLKFBOUT  n/a            1.249         20.000      18.751     MMCME2_ADV_X1Y0  main_clk_pll/inst/mmcm_adv_inst/CLKFBOUT
Min Period  n/a     MMCME2_ADV/CLKFBIN   n/a            1.249         20.000      18.751     MMCME2_ADV_X1Y0  main_clk_pll/inst/mmcm_adv_inst/CLKFBIN
Max Period  n/a     MMCME2_ADV/CLKFBIN   n/a            100.000       20.000      80.000     MMCME2_ADV_X1Y0  main_clk_pll/inst/mmcm_adv_inst/CLKFBIN
Max Period  n/a     MMCME2_ADV/CLKFBOUT  n/a            213.360       20.000      193.360    MMCME2_ADV_X1Y0  main_clk_pll/inst/mmcm_adv_inst/CLKFBOUT



---------------------------------------------------------------------------------------------------
From Clock:  clk_out1_clk_wiz_1
  To Clock:  clk_out1_clk_wiz_0

Setup :          185  Failing Endpoints,  Worst Slack       -5.930ns,  Total Violation     -625.235ns
Hold  :            0  Failing Endpoints,  Worst Slack        0.175ns,  Total Violation        0.000ns
---------------------------------------------------------------------------------------------------


Max Delay Paths
--------------------------------------------------------------------------------------
Slack (VIOLATED) :        -5.930ns  (required time - arrival time)
  Source:                 x_end_reg[5]/C
                            (rising edge-triggered cell FDCE clocked by clk_out1_clk_wiz_1  {rise@0.000ns fall@41.667ns period=83.333ns})
  Destination:            lcd_inst/total_pixels0__1/PCIN[0]
                            (rising edge-triggered cell DSP48E1 clocked by clk_out1_clk_wiz_0  {rise@0.000ns fall@10.000ns period=20.000ns})
  Path Group:             clk_out1_clk_wiz_0
  Path Type:              Setup (Max at Slow Process Corner)
  Requirement:            3.333ns  (clk_out1_clk_wiz_0 rise@420.000ns - clk_out1_clk_wiz_1 rise@416.667ns)
  Data Path Delay:        7.495ns  (logic 5.709ns (76.169%)  route 1.786ns (23.831%))
  Logic Levels:           4  (CARRY4=2 DSP48E1=1 LUT4=1)
  Clock Path Skew:        -0.028ns (DCD - SCD + CPR)
    Destination Clock Delay (DCD):    1.525ns = ( 421.525 - 420.000 ) 
    Source Clock Delay      (SCD):    1.553ns = ( 418.220 - 416.667 ) 
    Clock Pessimism Removal (CPR):    0.000ns
  Clock Uncertainty:      0.341ns  ((TSJ^2 + DJ^2)^1/2) / 2 + PE
    Total System Jitter     (TSJ):    0.071ns
    Discrete Jitter          (DJ):    0.206ns
    Phase Error              (PE):    0.232ns
  Clock Domain Crossing:  Inter clock paths are considered valid unless explicitly excluded by timing constraints such as set_clock_groups or set_false_path.

    Location             Delay type                Incr(ns)  Path(ns)    Netlist Resource(s)
  -------------------------------------------------------------------    -------------------
                         (clock clk_out1_clk_wiz_1 rise edge)
                                                    416.667   416.667 r  
    BUFGCTRL_X0Y2        BUFG                         0.000   416.667 r  clk_IBUF_BUFG_inst/O
                         net (fo=187, routed)         1.575   418.242    main_clk_pll/inst/clk_in1
    MMCME2_ADV_X1Y0      MMCME2_ADV (Prop_mmcme2_adv_CLKIN1_CLKOUT0)
                                                     -3.333   414.909 r  main_clk_pll/inst/mmcm_adv_inst/CLKOUT0
                         net (fo=1, routed)           1.661   416.571    main_clk_pll/inst/clk_out1_clk_wiz_1
    BUFGCTRL_X0Y0        BUFG (Prop_bufg_I_O)         0.096   416.667 r  main_clk_pll/inst/clkout1_buf/O
                         net (fo=162, routed)         1.553   418.220    la_out_OBUF[5]
    SLICE_X14Y87         FDCE                                         r  x_end_reg[5]/C
  -------------------------------------------------------------------    -------------------
    SLICE_X14Y87         FDCE (Prop_fdce_C_Q)         0.518   418.738 r  x_end_reg[5]/Q
                         net (fo=4, routed)           0.822   419.560    lcd_inst/total_pixels0__1_1[5]
    SLICE_X12Y87         LUT4 (Prop_lut4_I2_O)        0.124   419.684 r  lcd_inst/total_pixels0__0_i_9/O
                         net (fo=1, routed)           0.000   419.684    lcd_inst/total_pixels0__0_i_9_n_0
    SLICE_X12Y87         CARRY4 (Prop_carry4_S[1]_CO[3])
                                                      0.533   420.217 r  lcd_inst/total_pixels0__0_i_1/CO[3]
                         net (fo=1, routed)           0.000   420.217    lcd_inst/total_pixels0__0_i_1_n_0
    SLICE_X12Y88         CARRY4 (Prop_carry4_CI_O[3])
                                                      0.315   420.532 r  lcd_inst/total_pixels0_i_2/O[3]
                         net (fo=27, routed)          0.962   421.494    lcd_inst/total_pixels10_in[31]
    DSP48_X0Y33          DSP48E1 (Prop_dsp48e1_A[15]_PCOUT[0])
                                                      4.219   425.713 r  lcd_inst/total_pixels0__0/PCOUT[0]
                         net (fo=1, routed)           0.002   425.715    lcd_inst/total_pixels0__0_n_153
    DSP48_X0Y34          DSP48E1                                      r  lcd_inst/total_pixels0__1/PCIN[0]
  -------------------------------------------------------------------    -------------------

                         (clock clk_out1_clk_wiz_0 rise edge)
                                                    420.000   420.000 r  
    BUFGCTRL_X0Y0        BUFG                         0.000   420.000 r  main_clk_pll/inst/clkout1_buf/O
                         net (fo=162, routed)         1.455   421.455    lcd_inst/lcd_clk_pll/inst/clk_in1
    MMCME2_ADV_X0Y0      MMCME2_ADV (Prop_mmcme2_adv_CLKIN1_CLKOUT0)
                                                     -3.133   418.322 r  lcd_inst/lcd_clk_pll/inst/mmcm_adv_inst/CLKOUT0
                         net (fo=1, routed)           1.587   419.909    lcd_inst/lcd_clk_pll/inst/clk_out1_clk_wiz_0
    BUFGCTRL_X0Y1        BUFG (Prop_bufg_I_O)         0.091   420.000 r  lcd_inst/lcd_clk_pll/inst/clkout1_buf/O
                         net (fo=234, routed)         1.525   421.525    lcd_inst/clk_out1
    DSP48_X0Y34          DSP48E1                                      r  lcd_inst/total_pixels0__1/CLK
                         clock pessimism              0.000   421.525    
                         clock uncertainty           -0.341   421.185    
    DSP48_X0Y34          DSP48E1 (Setup_dsp48e1_CLK_PCIN[0])
                                                     -1.400   419.785    lcd_inst/total_pixels0__1
  -------------------------------------------------------------------
                         required time                        419.784    
                         arrival time                        -425.715    
  -------------------------------------------------------------------
                         slack                                 -5.930    

Slack (VIOLATED) :        -5.930ns  (required time - arrival time)
  Source:                 x_end_reg[5]/C
                            (rising edge-triggered cell FDCE clocked by clk_out1_clk_wiz_1  {rise@0.000ns fall@41.667ns period=83.333ns})
  Destination:            lcd_inst/total_pixels0__1/PCIN[10]
                            (rising edge-triggered cell DSP48E1 clocked by clk_out1_clk_wiz_0  {rise@0.000ns fall@10.000ns period=20.000ns})
  Path Group:             clk_out1_clk_wiz_0
  Path Type:              Setup (Max at Slow Process Corner)
  Requirement:            3.333ns  (clk_out1_clk_wiz_0 rise@420.000ns - clk_out1_clk_wiz_1 rise@416.667ns)
  Data Path Delay:        7.495ns  (logic 5.709ns (76.169%)  route 1.786ns (23.831%))
  Logic Levels:           4  (CARRY4=2 DSP48E1=1 LUT4=1)
  Clock Path Skew:        -0.028ns (DCD - SCD + CPR)
    Destination Clock Delay (DCD):    1.525ns = ( 421.525 - 420.000 ) 
    Source Clock Delay      (SCD):    1.553ns = ( 418.220 - 416.667 ) 
    Clock Pessimism Removal (CPR):    0.000ns
  Clock Uncertainty:      0.341ns  ((TSJ^2 + DJ^2)^1/2) / 2 + PE
    Total System Jitter     (TSJ):    0.071ns
    Discrete Jitter          (DJ):    0.206ns
    Phase Error              (PE):    0.232ns
  Clock Domain Crossing:  Inter clock paths are considered valid unless explicitly excluded by timing constraints such as set_clock_groups or set_false_path.

    Location             Delay type                Incr(ns)  Path(ns)    Netlist Resource(s)
  -------------------------------------------------------------------    -------------------
                         (clock clk_out1_clk_wiz_1 rise edge)
                                                    416.667   416.667 r  
    BUFGCTRL_X0Y2        BUFG                         0.000   416.667 r  clk_IBUF_BUFG_inst/O
                         net (fo=187, routed)         1.575   418.242    main_clk_pll/inst/clk_in1
    MMCME2_ADV_X1Y0      MMCME2_ADV (Prop_mmcme2_adv_CLKIN1_CLKOUT0)
                                                     -3.333   414.909 r  main_clk_pll/inst/mmcm_adv_inst/CLKOUT0
                         net (fo=1, routed)           1.661   416.571    main_clk_pll/inst/clk_out1_clk_wiz_1
    BUFGCTRL_X0Y0        BUFG (Prop_bufg_I_O)         0.096   416.667 r  main_clk_pll/inst/clkout1_buf/O
                         net (fo=162, routed)         1.553   418.220    la_out_OBUF[5]
    SLICE_X14Y87         FDCE                                         r  x_end_reg[5]/C
  -------------------------------------------------------------------    -------------------
    SLICE_X14Y87         FDCE (Prop_fdce_C_Q)         0.518   418.738 r  x_end_reg[5]/Q
                         net (fo=4, routed)           0.822   419.560    lcd_inst/total_pixels0__1_1[5]
    SLICE_X12Y87         LUT4 (Prop_lut4_I2_O)        0.124   419.684 r  lcd_inst/total_pixels0__0_i_9/O
                         net (fo=1, routed)           0.000   419.684    lcd_inst/total_pixels0__0_i_9_n_0
    SLICE_X12Y87         CARRY4 (Prop_carry4_S[1]_CO[3])
                                                      0.533   420.217 r  lcd_inst/total_pixels0__0_i_1/CO[3]
                         net (fo=1, routed)           0.000   420.217    lcd_inst/total_pixels0__0_i_1_n_0
    SLICE_X12Y88         CARRY4 (Prop_carry4_CI_O[3])
                                                      0.315   420.532 r  lcd_inst/total_pixels0_i_2/O[3]
                         net (fo=27, routed)          0.962   421.494    lcd_inst/total_pixels10_in[31]
    DSP48_X0Y33          DSP48E1 (Prop_dsp48e1_A[15]_PCOUT[10])
                                                      4.219   425.713 r  lcd_inst/total_pixels0__0/PCOUT[10]
                         net (fo=1, routed)           0.002   425.715    lcd_inst/total_pixels0__0_n_143
    DSP48_X0Y34          DSP48E1                                      r  lcd_inst/total_pixels0__1/PCIN[10]
  -------------------------------------------------------------------    -------------------

                         (clock clk_out1_clk_wiz_0 rise edge)
                                                    420.000   420.000 r  
    BUFGCTRL_X0Y0        BUFG                         0.000   420.000 r  main_clk_pll/inst/clkout1_buf/O
                         net (fo=162, routed)         1.455   421.455    lcd_inst/lcd_clk_pll/inst/clk_in1
    MMCME2_ADV_X0Y0      MMCME2_ADV (Prop_mmcme2_adv_CLKIN1_CLKOUT0)
                                                     -3.133   418.322 r  lcd_inst/lcd_clk_pll/inst/mmcm_adv_inst/CLKOUT0
                         net (fo=1, routed)           1.587   419.909    lcd_inst/lcd_clk_pll/inst/clk_out1_clk_wiz_0
    BUFGCTRL_X0Y1        BUFG (Prop_bufg_I_O)         0.091   420.000 r  lcd_inst/lcd_clk_pll/inst/clkout1_buf/O
                         net (fo=234, routed)         1.525   421.525    lcd_inst/clk_out1
    DSP48_X0Y34          DSP48E1                                      r  lcd_inst/total_pixels0__1/CLK
                         clock pessimism              0.000   421.525    
                         clock uncertainty           -0.341   421.185    
    DSP48_X0Y34          DSP48E1 (Setup_dsp48e1_CLK_PCIN[10])
                                                     -1.400   419.785    lcd_inst/total_pixels0__1
  -------------------------------------------------------------------
                         required time                        419.784    
                         arrival time                        -425.715    
  -------------------------------------------------------------------
                         slack                                 -5.930    

Slack (VIOLATED) :        -5.930ns  (required time - arrival time)
  Source:                 x_end_reg[5]/C
                            (rising edge-triggered cell FDCE clocked by clk_out1_clk_wiz_1  {rise@0.000ns fall@41.667ns period=83.333ns})
  Destination:            lcd_inst/total_pixels0__1/PCIN[11]
                            (rising edge-triggered cell DSP48E1 clocked by clk_out1_clk_wiz_0  {rise@0.000ns fall@10.000ns period=20.000ns})
  Path Group:             clk_out1_clk_wiz_0
  Path Type:              Setup (Max at Slow Process Corner)
  Requirement:            3.333ns  (clk_out1_clk_wiz_0 rise@420.000ns - clk_out1_clk_wiz_1 rise@416.667ns)
  Data Path Delay:        7.495ns  (logic 5.709ns (76.169%)  route 1.786ns (23.831%))
  Logic Levels:           4  (CARRY4=2 DSP48E1=1 LUT4=1)
  Clock Path Skew:        -0.028ns (DCD - SCD + CPR)
    Destination Clock Delay (DCD):    1.525ns = ( 421.525 - 420.000 ) 
    Source Clock Delay      (SCD):    1.553ns = ( 418.220 - 416.667 ) 
    Clock Pessimism Removal (CPR):    0.000ns
  Clock Uncertainty:      0.341ns  ((TSJ^2 + DJ^2)^1/2) / 2 + PE
    Total System Jitter     (TSJ):    0.071ns
    Discrete Jitter          (DJ):    0.206ns
    Phase Error              (PE):    0.232ns
  Clock Domain Crossing:  Inter clock paths are considered valid unless explicitly excluded by timing constraints such as set_clock_groups or set_false_path.

    Location             Delay type                Incr(ns)  Path(ns)    Netlist Resource(s)
  -------------------------------------------------------------------    -------------------
                         (clock clk_out1_clk_wiz_1 rise edge)
                                                    416.667   416.667 r  
    BUFGCTRL_X0Y2        BUFG                         0.000   416.667 r  clk_IBUF_BUFG_inst/O
                         net (fo=187, routed)         1.575   418.242    main_clk_pll/inst/clk_in1
    MMCME2_ADV_X1Y0      MMCME2_ADV (Prop_mmcme2_adv_CLKIN1_CLKOUT0)
                                                     -3.333   414.909 r  main_clk_pll/inst/mmcm_adv_inst/CLKOUT0
                         net (fo=1, routed)           1.661   416.571    main_clk_pll/inst/clk_out1_clk_wiz_1
    BUFGCTRL_X0Y0        BUFG (Prop_bufg_I_O)         0.096   416.667 r  main_clk_pll/inst/clkout1_buf/O
                         net (fo=162, routed)         1.553   418.220    la_out_OBUF[5]
    SLICE_X14Y87         FDCE                                         r  x_end_reg[5]/C
  -------------------------------------------------------------------    -------------------
    SLICE_X14Y87         FDCE (Prop_fdce_C_Q)         0.518   418.738 r  x_end_reg[5]/Q
                         net (fo=4, routed)           0.822   419.560    lcd_inst/total_pixels0__1_1[5]
    SLICE_X12Y87         LUT4 (Prop_lut4_I2_O)        0.124   419.684 r  lcd_inst/total_pixels0__0_i_9/O
                         net (fo=1, routed)           0.000   419.684    lcd_inst/total_pixels0__0_i_9_n_0
    SLICE_X12Y87         CARRY4 (Prop_carry4_S[1]_CO[3])
                                                      0.533   420.217 r  lcd_inst/total_pixels0__0_i_1/CO[3]
                         net (fo=1, routed)           0.000   420.217    lcd_inst/total_pixels0__0_i_1_n_0
    SLICE_X12Y88         CARRY4 (Prop_carry4_CI_O[3])
                                                      0.315   420.532 r  lcd_inst/total_pixels0_i_2/O[3]
                         net (fo=27, routed)          0.962   421.494    lcd_inst/total_pixels10_in[31]
    DSP48_X0Y33          DSP48E1 (Prop_dsp48e1_A[15]_PCOUT[11])
                                                      4.219   425.713 r  lcd_inst/total_pixels0__0/PCOUT[11]
                         net (fo=1, routed)           0.002   425.715    lcd_inst/total_pixels0__0_n_142
    DSP48_X0Y34          DSP48E1                                      r  lcd_inst/total_pixels0__1/PCIN[11]
  -------------------------------------------------------------------    -------------------

                         (clock clk_out1_clk_wiz_0 rise edge)
                                                    420.000   420.000 r  
    BUFGCTRL_X0Y0        BUFG                         0.000   420.000 r  main_clk_pll/inst/clkout1_buf/O
                         net (fo=162, routed)         1.455   421.455    lcd_inst/lcd_clk_pll/inst/clk_in1
    MMCME2_ADV_X0Y0      MMCME2_ADV (Prop_mmcme2_adv_CLKIN1_CLKOUT0)
                                                     -3.133   418.322 r  lcd_inst/lcd_clk_pll/inst/mmcm_adv_inst/CLKOUT0
                         net (fo=1, routed)           1.587   419.909    lcd_inst/lcd_clk_pll/inst/clk_out1_clk_wiz_0
    BUFGCTRL_X0Y1        BUFG (Prop_bufg_I_O)         0.091   420.000 r  lcd_inst/lcd_clk_pll/inst/clkout1_buf/O
                         net (fo=234, routed)         1.525   421.525    lcd_inst/clk_out1
    DSP48_X0Y34          DSP48E1                                      r  lcd_inst/total_pixels0__1/CLK
                         clock pessimism              0.000   421.525    
                         clock uncertainty           -0.341   421.185    
    DSP48_X0Y34          DSP48E1 (Setup_dsp48e1_CLK_PCIN[11])
                                                     -1.400   419.785    lcd_inst/total_pixels0__1
  -------------------------------------------------------------------
                         required time                        419.784    
                         arrival time                        -425.715    
  -------------------------------------------------------------------
                         slack                                 -5.930    

Slack (VIOLATED) :        -5.930ns  (required time - arrival time)
  Source:                 x_end_reg[5]/C
                            (rising edge-triggered cell FDCE clocked by clk_out1_clk_wiz_1  {rise@0.000ns fall@41.667ns period=83.333ns})
  Destination:            lcd_inst/total_pixels0__1/PCIN[12]
                            (rising edge-triggered cell DSP48E1 clocked by clk_out1_clk_wiz_0  {rise@0.000ns fall@10.000ns period=20.000ns})
  Path Group:             clk_out1_clk_wiz_0
  Path Type:              Setup (Max at Slow Process Corner)
  Requirement:            3.333ns  (clk_out1_clk_wiz_0 rise@420.000ns - clk_out1_clk_wiz_1 rise@416.667ns)
  Data Path Delay:        7.495ns  (logic 5.709ns (76.169%)  route 1.786ns (23.831%))
  Logic Levels:           4  (CARRY4=2 DSP48E1=1 LUT4=1)
  Clock Path Skew:        -0.028ns (DCD - SCD + CPR)
    Destination Clock Delay (DCD):    1.525ns = ( 421.525 - 420.000 ) 
    Source Clock Delay      (SCD):    1.553ns = ( 418.220 - 416.667 ) 
    Clock Pessimism Removal (CPR):    0.000ns
  Clock Uncertainty:      0.341ns  ((TSJ^2 + DJ^2)^1/2) / 2 + PE
    Total System Jitter     (TSJ):    0.071ns
    Discrete Jitter          (DJ):    0.206ns
    Phase Error              (PE):    0.232ns
  Clock Domain Crossing:  Inter clock paths are considered valid unless explicitly excluded by timing constraints such as set_clock_groups or set_false_path.

    Location             Delay type                Incr(ns)  Path(ns)    Netlist Resource(s)
  -------------------------------------------------------------------    -------------------
                         (clock clk_out1_clk_wiz_1 rise edge)
                                                    416.667   416.667 r  
    BUFGCTRL_X0Y2        BUFG                         0.000   416.667 r  clk_IBUF_BUFG_inst/O
                         net (fo=187, routed)         1.575   418.242    main_clk_pll/inst/clk_in1
    MMCME2_ADV_X1Y0      MMCME2_ADV (Prop_mmcme2_adv_CLKIN1_CLKOUT0)
                                                     -3.333   414.909 r  main_clk_pll/inst/mmcm_adv_inst/CLKOUT0
                         net (fo=1, routed)           1.661   416.571    main_clk_pll/inst/clk_out1_clk_wiz_1
    BUFGCTRL_X0Y0        BUFG (Prop_bufg_I_O)         0.096   416.667 r  main_clk_pll/inst/clkout1_buf/O
                         net (fo=162, routed)         1.553   418.220    la_out_OBUF[5]
    SLICE_X14Y87         FDCE                                         r  x_end_reg[5]/C
  -------------------------------------------------------------------    -------------------
    SLICE_X14Y87         FDCE (Prop_fdce_C_Q)         0.518   418.738 r  x_end_reg[5]/Q
                         net (fo=4, routed)           0.822   419.560    lcd_inst/total_pixels0__1_1[5]
    SLICE_X12Y87         LUT4 (Prop_lut4_I2_O)        0.124   419.684 r  lcd_inst/total_pixels0__0_i_9/O
                         net (fo=1, routed)           0.000   419.684    lcd_inst/total_pixels0__0_i_9_n_0
    SLICE_X12Y87         CARRY4 (Prop_carry4_S[1]_CO[3])
                                                      0.533   420.217 r  lcd_inst/total_pixels0__0_i_1/CO[3]
                         net (fo=1, routed)           0.000   420.217    lcd_inst/total_pixels0__0_i_1_n_0
    SLICE_X12Y88         CARRY4 (Prop_carry4_CI_O[3])
                                                      0.315   420.532 r  lcd_inst/total_pixels0_i_2/O[3]
                         net (fo=27, routed)          0.962   421.494    lcd_inst/total_pixels10_in[31]
    DSP48_X0Y33          DSP48E1 (Prop_dsp48e1_A[15]_PCOUT[12])
                                                      4.219   425.713 r  lcd_inst/total_pixels0__0/PCOUT[12]
                         net (fo=1, routed)           0.002   425.715    lcd_inst/total_pixels0__0_n_141
    DSP48_X0Y34          DSP48E1                                      r  lcd_inst/total_pixels0__1/PCIN[12]
  -------------------------------------------------------------------    -------------------

                         (clock clk_out1_clk_wiz_0 rise edge)
                                                    420.000   420.000 r  
    BUFGCTRL_X0Y0        BUFG                         0.000   420.000 r  main_clk_pll/inst/clkout1_buf/O
                         net (fo=162, routed)         1.455   421.455    lcd_inst/lcd_clk_pll/inst/clk_in1
    MMCME2_ADV_X0Y0      MMCME2_ADV (Prop_mmcme2_adv_CLKIN1_CLKOUT0)
                                                     -3.133   418.322 r  lcd_inst/lcd_clk_pll/inst/mmcm_adv_inst/CLKOUT0
                         net (fo=1, routed)           1.587   419.909    lcd_inst/lcd_clk_pll/inst/clk_out1_clk_wiz_0
    BUFGCTRL_X0Y1        BUFG (Prop_bufg_I_O)         0.091   420.000 r  lcd_inst/lcd_clk_pll/inst/clkout1_buf/O
                         net (fo=234, routed)         1.525   421.525    lcd_inst/clk_out1
    DSP48_X0Y34          DSP48E1                                      r  lcd_inst/total_pixels0__1/CLK
                         clock pessimism              0.000   421.525    
                         clock uncertainty           -0.341   421.185    
    DSP48_X0Y34          DSP48E1 (Setup_dsp48e1_CLK_PCIN[12])
                                                     -1.400   419.785    lcd_inst/total_pixels0__1
  -------------------------------------------------------------------
                         required time                        419.784    
                         arrival time                        -425.715    
  -------------------------------------------------------------------
                         slack                                 -5.930    

Slack (VIOLATED) :        -5.930ns  (required time - arrival time)
  Source:                 x_end_reg[5]/C
                            (rising edge-triggered cell FDCE clocked by clk_out1_clk_wiz_1  {rise@0.000ns fall@41.667ns period=83.333ns})
  Destination:            lcd_inst/total_pixels0__1/PCIN[13]
                            (rising edge-triggered cell DSP48E1 clocked by clk_out1_clk_wiz_0  {rise@0.000ns fall@10.000ns period=20.000ns})
  Path Group:             clk_out1_clk_wiz_0
  Path Type:              Setup (Max at Slow Process Corner)
  Requirement:            3.333ns  (clk_out1_clk_wiz_0 rise@420.000ns - clk_out1_clk_wiz_1 rise@416.667ns)
  Data Path Delay:        7.495ns  (logic 5.709ns (76.169%)  route 1.786ns (23.831%))
  Logic Levels:           4  (CARRY4=2 DSP48E1=1 LUT4=1)
  Clock Path Skew:        -0.028ns (DCD - SCD + CPR)
    Destination Clock Delay (DCD):    1.525ns = ( 421.525 - 420.000 ) 
    Source Clock Delay      (SCD):    1.553ns = ( 418.220 - 416.667 ) 
    Clock Pessimism Removal (CPR):    0.000ns
  Clock Uncertainty:      0.341ns  ((TSJ^2 + DJ^2)^1/2) / 2 + PE
    Total System Jitter     (TSJ):    0.071ns
    Discrete Jitter          (DJ):    0.206ns
    Phase Error              (PE):    0.232ns
  Clock Domain Crossing:  Inter clock paths are considered valid unless explicitly excluded by timing constraints such as set_clock_groups or set_false_path.

    Location             Delay type                Incr(ns)  Path(ns)    Netlist Resource(s)
  -------------------------------------------------------------------    -------------------
                         (clock clk_out1_clk_wiz_1 rise edge)
                                                    416.667   416.667 r  
    BUFGCTRL_X0Y2        BUFG                         0.000   416.667 r  clk_IBUF_BUFG_inst/O
                         net (fo=187, routed)         1.575   418.242    main_clk_pll/inst/clk_in1
    MMCME2_ADV_X1Y0      MMCME2_ADV (Prop_mmcme2_adv_CLKIN1_CLKOUT0)
                                                     -3.333   414.909 r  main_clk_pll/inst/mmcm_adv_inst/CLKOUT0
                         net (fo=1, routed)           1.661   416.571    main_clk_pll/inst/clk_out1_clk_wiz_1
    BUFGCTRL_X0Y0        BUFG (Prop_bufg_I_O)         0.096   416.667 r  main_clk_pll/inst/clkout1_buf/O
                         net (fo=162, routed)         1.553   418.220    la_out_OBUF[5]
    SLICE_X14Y87         FDCE                                         r  x_end_reg[5]/C
  -------------------------------------------------------------------    -------------------
    SLICE_X14Y87         FDCE (Prop_fdce_C_Q)         0.518   418.738 r  x_end_reg[5]/Q
                         net (fo=4, routed)           0.822   419.560    lcd_inst/total_pixels0__1_1[5]
    SLICE_X12Y87         LUT4 (Prop_lut4_I2_O)        0.124   419.684 r  lcd_inst/total_pixels0__0_i_9/O
                         net (fo=1, routed)           0.000   419.684    lcd_inst/total_pixels0__0_i_9_n_0
    SLICE_X12Y87         CARRY4 (Prop_carry4_S[1]_CO[3])
                                                      0.533   420.217 r  lcd_inst/total_pixels0__0_i_1/CO[3]
                         net (fo=1, routed)           0.000   420.217    lcd_inst/total_pixels0__0_i_1_n_0
    SLICE_X12Y88         CARRY4 (Prop_carry4_CI_O[3])
                                                      0.315   420.532 r  lcd_inst/total_pixels0_i_2/O[3]
                         net (fo=27, routed)          0.962   421.494    lcd_inst/total_pixels10_in[31]
    DSP48_X0Y33          DSP48E1 (Prop_dsp48e1_A[15]_PCOUT[13])
                                                      4.219   425.713 r  lcd_inst/total_pixels0__0/PCOUT[13]
                         net (fo=1, routed)           0.002   425.715    lcd_inst/total_pixels0__0_n_140
    DSP48_X0Y34          DSP48E1                                      r  lcd_inst/total_pixels0__1/PCIN[13]
  -------------------------------------------------------------------    -------------------

                         (clock clk_out1_clk_wiz_0 rise edge)
                                                    420.000   420.000 r  
    BUFGCTRL_X0Y0        BUFG                         0.000   420.000 r  main_clk_pll/inst/clkout1_buf/O
                         net (fo=162, routed)         1.455   421.455    lcd_inst/lcd_clk_pll/inst/clk_in1
    MMCME2_ADV_X0Y0      MMCME2_ADV (Prop_mmcme2_adv_CLKIN1_CLKOUT0)
                                                     -3.133   418.322 r  lcd_inst/lcd_clk_pll/inst/mmcm_adv_inst/CLKOUT0
                         net (fo=1, routed)           1.587   419.909    lcd_inst/lcd_clk_pll/inst/clk_out1_clk_wiz_0
    BUFGCTRL_X0Y1        BUFG (Prop_bufg_I_O)         0.091   420.000 r  lcd_inst/lcd_clk_pll/inst/clkout1_buf/O
                         net (fo=234, routed)         1.525   421.525    lcd_inst/clk_out1
    DSP48_X0Y34          DSP48E1                                      r  lcd_inst/total_pixels0__1/CLK
                         clock pessimism              0.000   421.525    
                         clock uncertainty           -0.341   421.185    
    DSP48_X0Y34          DSP48E1 (Setup_dsp48e1_CLK_PCIN[13])
                                                     -1.400   419.785    lcd_inst/total_pixels0__1
  -------------------------------------------------------------------
                         required time                        419.784    
                         arrival time                        -425.715    
  -------------------------------------------------------------------
                         slack                                 -5.930    

Slack (VIOLATED) :        -5.930ns  (required time - arrival time)
  Source:                 x_end_reg[5]/C
                            (rising edge-triggered cell FDCE clocked by clk_out1_clk_wiz_1  {rise@0.000ns fall@41.667ns period=83.333ns})
  Destination:            lcd_inst/total_pixels0__1/PCIN[14]
                            (rising edge-triggered cell DSP48E1 clocked by clk_out1_clk_wiz_0  {rise@0.000ns fall@10.000ns period=20.000ns})
  Path Group:             clk_out1_clk_wiz_0
  Path Type:              Setup (Max at Slow Process Corner)
  Requirement:            3.333ns  (clk_out1_clk_wiz_0 rise@420.000ns - clk_out1_clk_wiz_1 rise@416.667ns)
  Data Path Delay:        7.495ns  (logic 5.709ns (76.169%)  route 1.786ns (23.831%))
  Logic Levels:           4  (CARRY4=2 DSP48E1=1 LUT4=1)
  Clock Path Skew:        -0.028ns (DCD - SCD + CPR)
    Destination Clock Delay (DCD):    1.525ns = ( 421.525 - 420.000 ) 
    Source Clock Delay      (SCD):    1.553ns = ( 418.220 - 416.667 ) 
    Clock Pessimism Removal (CPR):    0.000ns
  Clock Uncertainty:      0.341ns  ((TSJ^2 + DJ^2)^1/2) / 2 + PE
    Total System Jitter     (TSJ):    0.071ns
    Discrete Jitter          (DJ):    0.206ns
    Phase Error              (PE):    0.232ns
  Clock Domain Crossing:  Inter clock paths are considered valid unless explicitly excluded by timing constraints such as set_clock_groups or set_false_path.

    Location             Delay type                Incr(ns)  Path(ns)    Netlist Resource(s)
  -------------------------------------------------------------------    -------------------
                         (clock clk_out1_clk_wiz_1 rise edge)
                                                    416.667   416.667 r  
    BUFGCTRL_X0Y2        BUFG                         0.000   416.667 r  clk_IBUF_BUFG_inst/O
                         net (fo=187, routed)         1.575   418.242    main_clk_pll/inst/clk_in1
    MMCME2_ADV_X1Y0      MMCME2_ADV (Prop_mmcme2_adv_CLKIN1_CLKOUT0)
                                                     -3.333   414.909 r  main_clk_pll/inst/mmcm_adv_inst/CLKOUT0
                         net (fo=1, routed)           1.661   416.571    main_clk_pll/inst/clk_out1_clk_wiz_1
    BUFGCTRL_X0Y0        BUFG (Prop_bufg_I_O)         0.096   416.667 r  main_clk_pll/inst/clkout1_buf/O
                         net (fo=162, routed)         1.553   418.220    la_out_OBUF[5]
    SLICE_X14Y87         FDCE                                         r  x_end_reg[5]/C
  -------------------------------------------------------------------    -------------------
    SLICE_X14Y87         FDCE (Prop_fdce_C_Q)         0.518   418.738 r  x_end_reg[5]/Q
                         net (fo=4, routed)           0.822   419.560    lcd_inst/total_pixels0__1_1[5]
    SLICE_X12Y87         LUT4 (Prop_lut4_I2_O)        0.124   419.684 r  lcd_inst/total_pixels0__0_i_9/O
                         net (fo=1, routed)           0.000   419.684    lcd_inst/total_pixels0__0_i_9_n_0
    SLICE_X12Y87         CARRY4 (Prop_carry4_S[1]_CO[3])
                                                      0.533   420.217 r  lcd_inst/total_pixels0__0_i_1/CO[3]
                         net (fo=1, routed)           0.000   420.217    lcd_inst/total_pixels0__0_i_1_n_0
    SLICE_X12Y88         CARRY4 (Prop_carry4_CI_O[3])
                                                      0.315   420.532 r  lcd_inst/total_pixels0_i_2/O[3]
                         net (fo=27, routed)          0.962   421.494    lcd_inst/total_pixels10_in[31]
    DSP48_X0Y33          DSP48E1 (Prop_dsp48e1_A[15]_PCOUT[14])
                                                      4.219   425.713 r  lcd_inst/total_pixels0__0/PCOUT[14]
                         net (fo=1, routed)           0.002   425.715    lcd_inst/total_pixels0__0_n_139
    DSP48_X0Y34          DSP48E1                                      r  lcd_inst/total_pixels0__1/PCIN[14]
  -------------------------------------------------------------------    -------------------

                         (clock clk_out1_clk_wiz_0 rise edge)
                                                    420.000   420.000 r  
    BUFGCTRL_X0Y0        BUFG                         0.000   420.000 r  main_clk_pll/inst/clkout1_buf/O
                         net (fo=162, routed)         1.455   421.455    lcd_inst/lcd_clk_pll/inst/clk_in1
    MMCME2_ADV_X0Y0      MMCME2_ADV (Prop_mmcme2_adv_CLKIN1_CLKOUT0)
                                                     -3.133   418.322 r  lcd_inst/lcd_clk_pll/inst/mmcm_adv_inst/CLKOUT0
                         net (fo=1, routed)           1.587   419.909    lcd_inst/lcd_clk_pll/inst/clk_out1_clk_wiz_0
    BUFGCTRL_X0Y1        BUFG (Prop_bufg_I_O)         0.091   420.000 r  lcd_inst/lcd_clk_pll/inst/clkout1_buf/O
                         net (fo=234, routed)         1.525   421.525    lcd_inst/clk_out1
    DSP48_X0Y34          DSP48E1                                      r  lcd_inst/total_pixels0__1/CLK
                         clock pessimism              0.000   421.525    
                         clock uncertainty           -0.341   421.185    
    DSP48_X0Y34          DSP48E1 (Setup_dsp48e1_CLK_PCIN[14])
                                                     -1.400   419.785    lcd_inst/total_pixels0__1
  -------------------------------------------------------------------
                         required time                        419.784    
                         arrival time                        -425.715    
  -------------------------------------------------------------------
                         slack                                 -5.930    

Slack (VIOLATED) :        -5.930ns  (required time - arrival time)
  Source:                 x_end_reg[5]/C
                            (rising edge-triggered cell FDCE clocked by clk_out1_clk_wiz_1  {rise@0.000ns fall@41.667ns period=83.333ns})
  Destination:            lcd_inst/total_pixels0__1/PCIN[15]
                            (rising edge-triggered cell DSP48E1 clocked by clk_out1_clk_wiz_0  {rise@0.000ns fall@10.000ns period=20.000ns})
  Path Group:             clk_out1_clk_wiz_0
  Path Type:              Setup (Max at Slow Process Corner)
  Requirement:            3.333ns  (clk_out1_clk_wiz_0 rise@420.000ns - clk_out1_clk_wiz_1 rise@416.667ns)
  Data Path Delay:        7.495ns  (logic 5.709ns (76.169%)  route 1.786ns (23.831%))
  Logic Levels:           4  (CARRY4=2 DSP48E1=1 LUT4=1)
  Clock Path Skew:        -0.028ns (DCD - SCD + CPR)
    Destination Clock Delay (DCD):    1.525ns = ( 421.525 - 420.000 ) 
    Source Clock Delay      (SCD):    1.553ns = ( 418.220 - 416.667 ) 
    Clock Pessimism Removal (CPR):    0.000ns
  Clock Uncertainty:      0.341ns  ((TSJ^2 + DJ^2)^1/2) / 2 + PE
    Total System Jitter     (TSJ):    0.071ns
    Discrete Jitter          (DJ):    0.206ns
    Phase Error              (PE):    0.232ns
  Clock Domain Crossing:  Inter clock paths are considered valid unless explicitly excluded by timing constraints such as set_clock_groups or set_false_path.

    Location             Delay type                Incr(ns)  Path(ns)    Netlist Resource(s)
  -------------------------------------------------------------------    -------------------
                         (clock clk_out1_clk_wiz_1 rise edge)
                                                    416.667   416.667 r  
    BUFGCTRL_X0Y2        BUFG                         0.000   416.667 r  clk_IBUF_BUFG_inst/O
                         net (fo=187, routed)         1.575   418.242    main_clk_pll/inst/clk_in1
    MMCME2_ADV_X1Y0      MMCME2_ADV (Prop_mmcme2_adv_CLKIN1_CLKOUT0)
                                                     -3.333   414.909 r  main_clk_pll/inst/mmcm_adv_inst/CLKOUT0
                         net (fo=1, routed)           1.661   416.571    main_clk_pll/inst/clk_out1_clk_wiz_1
    BUFGCTRL_X0Y0        BUFG (Prop_bufg_I_O)         0.096   416.667 r  main_clk_pll/inst/clkout1_buf/O
                         net (fo=162, routed)         1.553   418.220    la_out_OBUF[5]
    SLICE_X14Y87         FDCE                                         r  x_end_reg[5]/C
  -------------------------------------------------------------------    -------------------
    SLICE_X14Y87         FDCE (Prop_fdce_C_Q)         0.518   418.738 r  x_end_reg[5]/Q
                         net (fo=4, routed)           0.822   419.560    lcd_inst/total_pixels0__1_1[5]
    SLICE_X12Y87         LUT4 (Prop_lut4_I2_O)        0.124   419.684 r  lcd_inst/total_pixels0__0_i_9/O
                         net (fo=1, routed)           0.000   419.684    lcd_inst/total_pixels0__0_i_9_n_0
    SLICE_X12Y87         CARRY4 (Prop_carry4_S[1]_CO[3])
                                                      0.533   420.217 r  lcd_inst/total_pixels0__0_i_1/CO[3]
                         net (fo=1, routed)           0.000   420.217    lcd_inst/total_pixels0__0_i_1_n_0
    SLICE_X12Y88         CARRY4 (Prop_carry4_CI_O[3])
                                                      0.315   420.532 r  lcd_inst/total_pixels0_i_2/O[3]
                         net (fo=27, routed)          0.962   421.494    lcd_inst/total_pixels10_in[31]
    DSP48_X0Y33          DSP48E1 (Prop_dsp48e1_A[15]_PCOUT[15])
                                                      4.219   425.713 r  lcd_inst/total_pixels0__0/PCOUT[15]
                         net (fo=1, routed)           0.002   425.715    lcd_inst/total_pixels0__0_n_138
    DSP48_X0Y34          DSP48E1                                      r  lcd_inst/total_pixels0__1/PCIN[15]
  -------------------------------------------------------------------    -------------------

                         (clock clk_out1_clk_wiz_0 rise edge)
                                                    420.000   420.000 r  
    BUFGCTRL_X0Y0        BUFG                         0.000   420.000 r  main_clk_pll/inst/clkout1_buf/O
                         net (fo=162, routed)         1.455   421.455    lcd_inst/lcd_clk_pll/inst/clk_in1
    MMCME2_ADV_X0Y0      MMCME2_ADV (Prop_mmcme2_adv_CLKIN1_CLKOUT0)
                                                     -3.133   418.322 r  lcd_inst/lcd_clk_pll/inst/mmcm_adv_inst/CLKOUT0
                         net (fo=1, routed)           1.587   419.909    lcd_inst/lcd_clk_pll/inst/clk_out1_clk_wiz_0
    BUFGCTRL_X0Y1        BUFG (Prop_bufg_I_O)         0.091   420.000 r  lcd_inst/lcd_clk_pll/inst/clkout1_buf/O
                         net (fo=234, routed)         1.525   421.525    lcd_inst/clk_out1
    DSP48_X0Y34          DSP48E1                                      r  lcd_inst/total_pixels0__1/CLK
                         clock pessimism              0.000   421.525    
                         clock uncertainty           -0.341   421.185    
    DSP48_X0Y34          DSP48E1 (Setup_dsp48e1_CLK_PCIN[15])
                                                     -1.400   419.785    lcd_inst/total_pixels0__1
  -------------------------------------------------------------------
                         required time                        419.784    
                         arrival time                        -425.715    
  -------------------------------------------------------------------
                         slack                                 -5.930    

Slack (VIOLATED) :        -5.930ns  (required time - arrival time)
  Source:                 x_end_reg[5]/C
                            (rising edge-triggered cell FDCE clocked by clk_out1_clk_wiz_1  {rise@0.000ns fall@41.667ns period=83.333ns})
  Destination:            lcd_inst/total_pixels0__1/PCIN[16]
                            (rising edge-triggered cell DSP48E1 clocked by clk_out1_clk_wiz_0  {rise@0.000ns fall@10.000ns period=20.000ns})
  Path Group:             clk_out1_clk_wiz_0
  Path Type:              Setup (Max at Slow Process Corner)
  Requirement:            3.333ns  (clk_out1_clk_wiz_0 rise@420.000ns - clk_out1_clk_wiz_1 rise@416.667ns)
  Data Path Delay:        7.495ns  (logic 5.709ns (76.169%)  route 1.786ns (23.831%))
  Logic Levels:           4  (CARRY4=2 DSP48E1=1 LUT4=1)
  Clock Path Skew:        -0.028ns (DCD - SCD + CPR)
    Destination Clock Delay (DCD):    1.525ns = ( 421.525 - 420.000 ) 
    Source Clock Delay      (SCD):    1.553ns = ( 418.220 - 416.667 ) 
    Clock Pessimism Removal (CPR):    0.000ns
  Clock Uncertainty:      0.341ns  ((TSJ^2 + DJ^2)^1/2) / 2 + PE
    Total System Jitter     (TSJ):    0.071ns
    Discrete Jitter          (DJ):    0.206ns
    Phase Error              (PE):    0.232ns
  Clock Domain Crossing:  Inter clock paths are considered valid unless explicitly excluded by timing constraints such as set_clock_groups or set_false_path.

    Location             Delay type                Incr(ns)  Path(ns)    Netlist Resource(s)
  -------------------------------------------------------------------    -------------------
                         (clock clk_out1_clk_wiz_1 rise edge)
                                                    416.667   416.667 r  
    BUFGCTRL_X0Y2        BUFG                         0.000   416.667 r  clk_IBUF_BUFG_inst/O
                         net (fo=187, routed)         1.575   418.242    main_clk_pll/inst/clk_in1
    MMCME2_ADV_X1Y0      MMCME2_ADV (Prop_mmcme2_adv_CLKIN1_CLKOUT0)
                                                     -3.333   414.909 r  main_clk_pll/inst/mmcm_adv_inst/CLKOUT0
                         net (fo=1, routed)           1.661   416.571    main_clk_pll/inst/clk_out1_clk_wiz_1
    BUFGCTRL_X0Y0        BUFG (Prop_bufg_I_O)         0.096   416.667 r  main_clk_pll/inst/clkout1_buf/O
                         net (fo=162, routed)         1.553   418.220    la_out_OBUF[5]
    SLICE_X14Y87         FDCE                                         r  x_end_reg[5]/C
  -------------------------------------------------------------------    -------------------
    SLICE_X14Y87         FDCE (Prop_fdce_C_Q)         0.518   418.738 r  x_end_reg[5]/Q
                         net (fo=4, routed)           0.822   419.560    lcd_inst/total_pixels0__1_1[5]
    SLICE_X12Y87         LUT4 (Prop_lut4_I2_O)        0.124   419.684 r  lcd_inst/total_pixels0__0_i_9/O
                         net (fo=1, routed)           0.000   419.684    lcd_inst/total_pixels0__0_i_9_n_0
    SLICE_X12Y87         CARRY4 (Prop_carry4_S[1]_CO[3])
                                                      0.533   420.217 r  lcd_inst/total_pixels0__0_i_1/CO[3]
                         net (fo=1, routed)           0.000   420.217    lcd_inst/total_pixels0__0_i_1_n_0
    SLICE_X12Y88         CARRY4 (Prop_carry4_CI_O[3])
                                                      0.315   420.532 r  lcd_inst/total_pixels0_i_2/O[3]
                         net (fo=27, routed)          0.962   421.494    lcd_inst/total_pixels10_in[31]
    DSP48_X0Y33          DSP48E1 (Prop_dsp48e1_A[15]_PCOUT[16])
                                                      4.219   425.713 r  lcd_inst/total_pixels0__0/PCOUT[16]
                         net (fo=1, routed)           0.002   425.715    lcd_inst/total_pixels0__0_n_137
    DSP48_X0Y34          DSP48E1                                      r  lcd_inst/total_pixels0__1/PCIN[16]
  -------------------------------------------------------------------    -------------------

                         (clock clk_out1_clk_wiz_0 rise edge)
                                                    420.000   420.000 r  
    BUFGCTRL_X0Y0        BUFG                         0.000   420.000 r  main_clk_pll/inst/clkout1_buf/O
                         net (fo=162, routed)         1.455   421.455    lcd_inst/lcd_clk_pll/inst/clk_in1
    MMCME2_ADV_X0Y0      MMCME2_ADV (Prop_mmcme2_adv_CLKIN1_CLKOUT0)
                                                     -3.133   418.322 r  lcd_inst/lcd_clk_pll/inst/mmcm_adv_inst/CLKOUT0
                         net (fo=1, routed)           1.587   419.909    lcd_inst/lcd_clk_pll/inst/clk_out1_clk_wiz_0
    BUFGCTRL_X0Y1        BUFG (Prop_bufg_I_O)         0.091   420.000 r  lcd_inst/lcd_clk_pll/inst/clkout1_buf/O
                         net (fo=234, routed)         1.525   421.525    lcd_inst/clk_out1
    DSP48_X0Y34          DSP48E1                                      r  lcd_inst/total_pixels0__1/CLK
                         clock pessimism              0.000   421.525    
                         clock uncertainty           -0.341   421.185    
    DSP48_X0Y34          DSP48E1 (Setup_dsp48e1_CLK_PCIN[16])
                                                     -1.400   419.785    lcd_inst/total_pixels0__1
  -------------------------------------------------------------------
                         required time                        419.784    
                         arrival time                        -425.715    
  -------------------------------------------------------------------
                         slack                                 -5.930    

Slack (VIOLATED) :        -5.930ns  (required time - arrival time)
  Source:                 x_end_reg[5]/C
                            (rising edge-triggered cell FDCE clocked by clk_out1_clk_wiz_1  {rise@0.000ns fall@41.667ns period=83.333ns})
  Destination:            lcd_inst/total_pixels0__1/PCIN[17]
                            (rising edge-triggered cell DSP48E1 clocked by clk_out1_clk_wiz_0  {rise@0.000ns fall@10.000ns period=20.000ns})
  Path Group:             clk_out1_clk_wiz_0
  Path Type:              Setup (Max at Slow Process Corner)
  Requirement:            3.333ns  (clk_out1_clk_wiz_0 rise@420.000ns - clk_out1_clk_wiz_1 rise@416.667ns)
  Data Path Delay:        7.495ns  (logic 5.709ns (76.169%)  route 1.786ns (23.831%))
  Logic Levels:           4  (CARRY4=2 DSP48E1=1 LUT4=1)
  Clock Path Skew:        -0.028ns (DCD - SCD + CPR)
    Destination Clock Delay (DCD):    1.525ns = ( 421.525 - 420.000 ) 
    Source Clock Delay      (SCD):    1.553ns = ( 418.220 - 416.667 ) 
    Clock Pessimism Removal (CPR):    0.000ns
  Clock Uncertainty:      0.341ns  ((TSJ^2 + DJ^2)^1/2) / 2 + PE
    Total System Jitter     (TSJ):    0.071ns
    Discrete Jitter          (DJ):    0.206ns
    Phase Error              (PE):    0.232ns
  Clock Domain Crossing:  Inter clock paths are considered valid unless explicitly excluded by timing constraints such as set_clock_groups or set_false_path.

    Location             Delay type                Incr(ns)  Path(ns)    Netlist Resource(s)
  -------------------------------------------------------------------    -------------------
                         (clock clk_out1_clk_wiz_1 rise edge)
                                                    416.667   416.667 r  
    BUFGCTRL_X0Y2        BUFG                         0.000   416.667 r  clk_IBUF_BUFG_inst/O
                         net (fo=187, routed)         1.575   418.242    main_clk_pll/inst/clk_in1
    MMCME2_ADV_X1Y0      MMCME2_ADV (Prop_mmcme2_adv_CLKIN1_CLKOUT0)
                                                     -3.333   414.909 r  main_clk_pll/inst/mmcm_adv_inst/CLKOUT0
                         net (fo=1, routed)           1.661   416.571    main_clk_pll/inst/clk_out1_clk_wiz_1
    BUFGCTRL_X0Y0        BUFG (Prop_bufg_I_O)         0.096   416.667 r  main_clk_pll/inst/clkout1_buf/O
                         net (fo=162, routed)         1.553   418.220    la_out_OBUF[5]
    SLICE_X14Y87         FDCE                                         r  x_end_reg[5]/C
  -------------------------------------------------------------------    -------------------
    SLICE_X14Y87         FDCE (Prop_fdce_C_Q)         0.518   418.738 r  x_end_reg[5]/Q
                         net (fo=4, routed)           0.822   419.560    lcd_inst/total_pixels0__1_1[5]
    SLICE_X12Y87         LUT4 (Prop_lut4_I2_O)        0.124   419.684 r  lcd_inst/total_pixels0__0_i_9/O
                         net (fo=1, routed)           0.000   419.684    lcd_inst/total_pixels0__0_i_9_n_0
    SLICE_X12Y87         CARRY4 (Prop_carry4_S[1]_CO[3])
                                                      0.533   420.217 r  lcd_inst/total_pixels0__0_i_1/CO[3]
                         net (fo=1, routed)           0.000   420.217    lcd_inst/total_pixels0__0_i_1_n_0
    SLICE_X12Y88         CARRY4 (Prop_carry4_CI_O[3])
                                                      0.315   420.532 r  lcd_inst/total_pixels0_i_2/O[3]
                         net (fo=27, routed)          0.962   421.494    lcd_inst/total_pixels10_in[31]
    DSP48_X0Y33          DSP48E1 (Prop_dsp48e1_A[15]_PCOUT[17])
                                                      4.219   425.713 r  lcd_inst/total_pixels0__0/PCOUT[17]
                         net (fo=1, routed)           0.002   425.715    lcd_inst/total_pixels0__0_n_136
    DSP48_X0Y34          DSP48E1                                      r  lcd_inst/total_pixels0__1/PCIN[17]
  -------------------------------------------------------------------    -------------------

                         (clock clk_out1_clk_wiz_0 rise edge)
                                                    420.000   420.000 r  
    BUFGCTRL_X0Y0        BUFG                         0.000   420.000 r  main_clk_pll/inst/clkout1_buf/O
                         net (fo=162, routed)         1.455   421.455    lcd_inst/lcd_clk_pll/inst/clk_in1
    MMCME2_ADV_X0Y0      MMCME2_ADV (Prop_mmcme2_adv_CLKIN1_CLKOUT0)
                                                     -3.133   418.322 r  lcd_inst/lcd_clk_pll/inst/mmcm_adv_inst/CLKOUT0
                         net (fo=1, routed)           1.587   419.909    lcd_inst/lcd_clk_pll/inst/clk_out1_clk_wiz_0
    BUFGCTRL_X0Y1        BUFG (Prop_bufg_I_O)         0.091   420.000 r  lcd_inst/lcd_clk_pll/inst/clkout1_buf/O
                         net (fo=234, routed)         1.525   421.525    lcd_inst/clk_out1
    DSP48_X0Y34          DSP48E1                                      r  lcd_inst/total_pixels0__1/CLK
                         clock pessimism              0.000   421.525    
                         clock uncertainty           -0.341   421.185    
    DSP48_X0Y34          DSP48E1 (Setup_dsp48e1_CLK_PCIN[17])
                                                     -1.400   419.785    lcd_inst/total_pixels0__1
  -------------------------------------------------------------------
                         required time                        419.784    
                         arrival time                        -425.715    
  -------------------------------------------------------------------
                         slack                                 -5.930    

Slack (VIOLATED) :        -5.930ns  (required time - arrival time)
  Source:                 x_end_reg[5]/C
                            (rising edge-triggered cell FDCE clocked by clk_out1_clk_wiz_1  {rise@0.000ns fall@41.667ns period=83.333ns})
  Destination:            lcd_inst/total_pixels0__1/PCIN[18]
                            (rising edge-triggered cell DSP48E1 clocked by clk_out1_clk_wiz_0  {rise@0.000ns fall@10.000ns period=20.000ns})
  Path Group:             clk_out1_clk_wiz_0
  Path Type:              Setup (Max at Slow Process Corner)
  Requirement:            3.333ns  (clk_out1_clk_wiz_0 rise@420.000ns - clk_out1_clk_wiz_1 rise@416.667ns)
  Data Path Delay:        7.495ns  (logic 5.709ns (76.169%)  route 1.786ns (23.831%))
  Logic Levels:           4  (CARRY4=2 DSP48E1=1 LUT4=1)
  Clock Path Skew:        -0.028ns (DCD - SCD + CPR)
    Destination Clock Delay (DCD):    1.525ns = ( 421.525 - 420.000 ) 
    Source Clock Delay      (SCD):    1.553ns = ( 418.220 - 416.667 ) 
    Clock Pessimism Removal (CPR):    0.000ns
  Clock Uncertainty:      0.341ns  ((TSJ^2 + DJ^2)^1/2) / 2 + PE
    Total System Jitter     (TSJ):    0.071ns
    Discrete Jitter          (DJ):    0.206ns
    Phase Error              (PE):    0.232ns
  Clock Domain Crossing:  Inter clock paths are considered valid unless explicitly excluded by timing constraints such as set_clock_groups or set_false_path.

    Location             Delay type                Incr(ns)  Path(ns)    Netlist Resource(s)
  -------------------------------------------------------------------    -------------------
                         (clock clk_out1_clk_wiz_1 rise edge)
                                                    416.667   416.667 r  
    BUFGCTRL_X0Y2        BUFG                         0.000   416.667 r  clk_IBUF_BUFG_inst/O
                         net (fo=187, routed)         1.575   418.242    main_clk_pll/inst/clk_in1
    MMCME2_ADV_X1Y0      MMCME2_ADV (Prop_mmcme2_adv_CLKIN1_CLKOUT0)
                                                     -3.333   414.909 r  main_clk_pll/inst/mmcm_adv_inst/CLKOUT0
                         net (fo=1, routed)           1.661   416.571    main_clk_pll/inst/clk_out1_clk_wiz_1
    BUFGCTRL_X0Y0        BUFG (Prop_bufg_I_O)         0.096   416.667 r  main_clk_pll/inst/clkout1_buf/O
                         net (fo=162, routed)         1.553   418.220    la_out_OBUF[5]
    SLICE_X14Y87         FDCE                                         r  x_end_reg[5]/C
  -------------------------------------------------------------------    -------------------
    SLICE_X14Y87         FDCE (Prop_fdce_C_Q)         0.518   418.738 r  x_end_reg[5]/Q
                         net (fo=4, routed)           0.822   419.560    lcd_inst/total_pixels0__1_1[5]
    SLICE_X12Y87         LUT4 (Prop_lut4_I2_O)        0.124   419.684 r  lcd_inst/total_pixels0__0_i_9/O
                         net (fo=1, routed)           0.000   419.684    lcd_inst/total_pixels0__0_i_9_n_0
    SLICE_X12Y87         CARRY4 (Prop_carry4_S[1]_CO[3])
                                                      0.533   420.217 r  lcd_inst/total_pixels0__0_i_1/CO[3]
                         net (fo=1, routed)           0.000   420.217    lcd_inst/total_pixels0__0_i_1_n_0
    SLICE_X12Y88         CARRY4 (Prop_carry4_CI_O[3])
                                                      0.315   420.532 r  lcd_inst/total_pixels0_i_2/O[3]
                         net (fo=27, routed)          0.962   421.494    lcd_inst/total_pixels10_in[31]
    DSP48_X0Y33          DSP48E1 (Prop_dsp48e1_A[15]_PCOUT[18])
                                                      4.219   425.713 r  lcd_inst/total_pixels0__0/PCOUT[18]
                         net (fo=1, routed)           0.002   425.715    lcd_inst/total_pixels0__0_n_135
    DSP48_X0Y34          DSP48E1                                      r  lcd_inst/total_pixels0__1/PCIN[18]
  -------------------------------------------------------------------    -------------------

                         (clock clk_out1_clk_wiz_0 rise edge)
                                                    420.000   420.000 r  
    BUFGCTRL_X0Y0        BUFG                         0.000   420.000 r  main_clk_pll/inst/clkout1_buf/O
                         net (fo=162, routed)         1.455   421.455    lcd_inst/lcd_clk_pll/inst/clk_in1
    MMCME2_ADV_X0Y0      MMCME2_ADV (Prop_mmcme2_adv_CLKIN1_CLKOUT0)
                                                     -3.133   418.322 r  lcd_inst/lcd_clk_pll/inst/mmcm_adv_inst/CLKOUT0
                         net (fo=1, routed)           1.587   419.909    lcd_inst/lcd_clk_pll/inst/clk_out1_clk_wiz_0
    BUFGCTRL_X0Y1        BUFG (Prop_bufg_I_O)         0.091   420.000 r  lcd_inst/lcd_clk_pll/inst/clkout1_buf/O
                         net (fo=234, routed)         1.525   421.525    lcd_inst/clk_out1
    DSP48_X0Y34          DSP48E1                                      r  lcd_inst/total_pixels0__1/CLK
                         clock pessimism              0.000   421.525    
                         clock uncertainty           -0.341   421.185    
    DSP48_X0Y34          DSP48E1 (Setup_dsp48e1_CLK_PCIN[18])
                                                     -1.400   419.785    lcd_inst/total_pixels0__1
  -------------------------------------------------------------------
                         required time                        419.784    
                         arrival time                        -425.715    
  -------------------------------------------------------------------
                         slack                                 -5.930    





Min Delay Paths
--------------------------------------------------------------------------------------
Slack (MET) :             0.175ns  (arrival time - required time)
  Source:                 solid_color_reg[15]/C
                            (rising edge-triggered cell FDRE clocked by clk_out1_clk_wiz_1  {rise@0.000ns fall@41.667ns period=83.333ns})
  Destination:            lcd_inst/cmd_ndata_writer/LCD_DATA_reg[15]/D
                            (rising edge-triggered cell FDCE clocked by clk_out1_clk_wiz_0  {rise@0.000ns fall@10.000ns period=20.000ns})
  Path Group:             clk_out1_clk_wiz_0
  Path Type:              Hold (Min at Fast Process Corner)
  Requirement:            0.000ns  (clk_out1_clk_wiz_0 rise@0.000ns - clk_out1_clk_wiz_1 rise@0.000ns)
  Data Path Delay:        0.892ns  (logic 0.227ns (25.445%)  route 0.665ns (74.555%))
  Logic Levels:           1  (LUT4=1)
  Clock Path Skew:        0.270ns (DCD - SCD - CPR)
    Destination Clock Delay (DCD):    0.858ns
    Source Clock Delay      (SCD):    0.589ns
    Clock Pessimism Removal (CPR):    -0.000ns
  Clock Uncertainty:      0.341ns  ((TSJ^2 + DJ^2)^1/2) / 2 + PE
    Total System Jitter     (TSJ):    0.071ns
    Discrete Jitter          (DJ):    0.206ns
    Phase Error              (PE):    0.232ns
  Clock Domain Crossing:  Inter clock paths are considered valid unless explicitly excluded by timing constraints such as set_clock_groups or set_false_path.

    Location             Delay type                Incr(ns)  Path(ns)    Netlist Resource(s)
  -------------------------------------------------------------------    -------------------
                         (clock clk_out1_clk_wiz_1 rise edge)
                                                      0.000     0.000 r  
    BUFGCTRL_X0Y2        BUFG                         0.000     0.000 r  clk_IBUF_BUFG_inst/O
                         net (fo=187, routed)         0.549     0.549    main_clk_pll/inst/clk_in1
    MMCME2_ADV_X1Y0      MMCME2_ADV (Prop_mmcme2_adv_CLKIN1_CLKOUT0)
                                                     -1.061    -0.512 r  main_clk_pll/inst/mmcm_adv_inst/CLKOUT0
                         net (fo=1, routed)           0.486    -0.026    main_clk_pll/inst/clk_out1_clk_wiz_1
    BUFGCTRL_X0Y0        BUFG (Prop_bufg_I_O)         0.026     0.000 r  main_clk_pll/inst/clkout1_buf/O
                         net (fo=162, routed)         0.589     0.589    la_out_OBUF[5]
    SLICE_X3Y84          FDRE                                         r  solid_color_reg[15]/C
  -------------------------------------------------------------------    -------------------
    SLICE_X3Y84          FDRE (Prop_fdre_C_Q)         0.128     0.717 r  solid_color_reg[15]/Q
                         net (fo=2, routed)           0.665     1.382    lcd_inst/cmd_ndata_writer/LCD_DATA_reg[13]_0[1]
    SLICE_X3Y85          LUT4 (Prop_lut4_I3_O)        0.099     1.481 r  lcd_inst/cmd_ndata_writer/LCD_DATA[15]_i_2/O
                         net (fo=1, routed)           0.000     1.481    lcd_inst/cmd_ndata_writer/LCD_DATA0_in[15]
    SLICE_X3Y85          FDCE                                         r  lcd_inst/cmd_ndata_writer/LCD_DATA_reg[15]/D
  -------------------------------------------------------------------    -------------------

                         (clock clk_out1_clk_wiz_0 rise edge)
                                                      0.000     0.000 r  
    BUFGCTRL_X0Y0        BUFG                         0.000     0.000 r  main_clk_pll/inst/clkout1_buf/O
                         net (fo=162, routed)         0.816     0.816    lcd_inst/lcd_clk_pll/inst/clk_in1
    MMCME2_ADV_X0Y0      MMCME2_ADV (Prop_mmcme2_adv_CLKIN1_CLKOUT0)
                                                     -1.378    -0.563 r  lcd_inst/lcd_clk_pll/inst/mmcm_adv_inst/CLKOUT0
                         net (fo=1, routed)           0.534    -0.029    lcd_inst/lcd_clk_pll/inst/clk_out1_clk_wiz_0
    BUFGCTRL_X0Y1        BUFG (Prop_bufg_I_O)         0.029    -0.000 r  lcd_inst/lcd_clk_pll/inst/clkout1_buf/O
                         net (fo=234, routed)         0.858     0.858    lcd_inst/cmd_ndata_writer/CLK
    SLICE_X3Y85          FDCE                                         r  lcd_inst/cmd_ndata_writer/LCD_DATA_reg[15]/C
                         clock pessimism              0.000     0.858    
                         clock uncertainty            0.341     1.199    
    SLICE_X3Y85          FDCE (Hold_fdce_C_D)         0.107     1.306    lcd_inst/cmd_ndata_writer/LCD_DATA_reg[15]
  -------------------------------------------------------------------
                         required time                         -1.306    
                         arrival time                           1.481    
  -------------------------------------------------------------------
                         slack                                  0.175    

Slack (MET) :             0.176ns  (arrival time - required time)
  Source:                 update_screen_reg/C
                            (rising edge-triggered cell FDCE clocked by clk_out1_clk_wiz_1  {rise@0.000ns fall@41.667ns period=83.333ns})
  Destination:            lcd_inst/state_reg[1]/CE
                            (rising edge-triggered cell FDCE clocked by clk_out1_clk_wiz_0  {rise@0.000ns fall@10.000ns period=20.000ns})
  Path Group:             clk_out1_clk_wiz_0
  Path Type:              Hold (Min at Fast Process Corner)
  Requirement:            0.000ns  (clk_out1_clk_wiz_0 rise@0.000ns - clk_out1_clk_wiz_1 rise@0.000ns)
  Data Path Delay:        0.683ns  (logic 0.273ns (39.962%)  route 0.410ns (60.038%))
  Logic Levels:           2  (LUT6=1 MUXF7=1)
  Clock Path Skew:        0.269ns (DCD - SCD - CPR)
    Destination Clock Delay (DCD):    0.858ns
    Source Clock Delay      (SCD):    0.589ns
    Clock Pessimism Removal (CPR):    -0.000ns
  Clock Uncertainty:      0.341ns  ((TSJ^2 + DJ^2)^1/2) / 2 + PE
    Total System Jitter     (TSJ):    0.071ns
    Discrete Jitter          (DJ):    0.206ns
    Phase Error              (PE):    0.232ns
  Clock Domain Crossing:  Inter clock paths are considered valid unless explicitly excluded by timing constraints such as set_clock_groups or set_false_path.

    Location             Delay type                Incr(ns)  Path(ns)    Netlist Resource(s)
  -------------------------------------------------------------------    -------------------
                         (clock clk_out1_clk_wiz_1 rise edge)
                                                      0.000     0.000 r  
    BUFGCTRL_X0Y2        BUFG                         0.000     0.000 r  clk_IBUF_BUFG_inst/O
                         net (fo=187, routed)         0.549     0.549    main_clk_pll/inst/clk_in1
    MMCME2_ADV_X1Y0      MMCME2_ADV (Prop_mmcme2_adv_CLKIN1_CLKOUT0)
                                                     -1.061    -0.512 r  main_clk_pll/inst/mmcm_adv_inst/CLKOUT0
                         net (fo=1, routed)           0.486    -0.026    main_clk_pll/inst/clk_out1_clk_wiz_1
    BUFGCTRL_X0Y0        BUFG (Prop_bufg_I_O)         0.026     0.000 r  main_clk_pll/inst/clkout1_buf/O
                         net (fo=162, routed)         0.589     0.589    la_out_OBUF[5]
    SLICE_X6Y89          FDCE                                         r  update_screen_reg/C
  -------------------------------------------------------------------    -------------------
    SLICE_X6Y89          FDCE (Prop_fdce_C_Q)         0.164     0.753 r  update_screen_reg/Q
                         net (fo=4, routed)           0.237     0.990    lcd_inst/cmd_data_writer/update_screen
    SLICE_X6Y89          LUT6 (Prop_lut6_I0_O)        0.045     1.035 r  lcd_inst/cmd_data_writer/state[4]_i_4/O
                         net (fo=1, routed)           0.000     1.035    lcd_inst/cmd_ndata_writer/state_reg[0]_5
    SLICE_X6Y89          MUXF7 (Prop_muxf7_I1_O)      0.064     1.099 r  lcd_inst/cmd_ndata_writer/state_reg[4]_i_1/O
                         net (fo=5, routed)           0.173     1.272    lcd_inst/state
    SLICE_X5Y87          FDCE                                         r  lcd_inst/state_reg[1]/CE
  -------------------------------------------------------------------    -------------------

                         (clock clk_out1_clk_wiz_0 rise edge)
                                                      0.000     0.000 r  
    BUFGCTRL_X0Y0        BUFG                         0.000     0.000 r  main_clk_pll/inst/clkout1_buf/O
                         net (fo=162, routed)         0.816     0.816    lcd_inst/lcd_clk_pll/inst/clk_in1
    MMCME2_ADV_X0Y0      MMCME2_ADV (Prop_mmcme2_adv_CLKIN1_CLKOUT0)
                                                     -1.378    -0.563 r  lcd_inst/lcd_clk_pll/inst/mmcm_adv_inst/CLKOUT0
                         net (fo=1, routed)           0.534    -0.029    lcd_inst/lcd_clk_pll/inst/clk_out1_clk_wiz_0
    BUFGCTRL_X0Y1        BUFG (Prop_bufg_I_O)         0.029    -0.000 r  lcd_inst/lcd_clk_pll/inst/clkout1_buf/O
                         net (fo=234, routed)         0.858     0.857    lcd_inst/clk_out1
    SLICE_X5Y87          FDCE                                         r  lcd_inst/state_reg[1]/C
                         clock pessimism              0.000     0.857    
                         clock uncertainty            0.341     1.198    
    SLICE_X5Y87          FDCE (Hold_fdce_C_CE)       -0.102     1.096    lcd_inst/state_reg[1]
  -------------------------------------------------------------------
                         required time                         -1.096    
                         arrival time                           1.272    
  -------------------------------------------------------------------
                         slack                                  0.176    

Slack (MET) :             0.176ns  (arrival time - required time)
  Source:                 update_screen_reg/C
                            (rising edge-triggered cell FDCE clocked by clk_out1_clk_wiz_1  {rise@0.000ns fall@41.667ns period=83.333ns})
  Destination:            lcd_inst/state_reg[2]/CE
                            (rising edge-triggered cell FDCE clocked by clk_out1_clk_wiz_0  {rise@0.000ns fall@10.000ns period=20.000ns})
  Path Group:             clk_out1_clk_wiz_0
  Path Type:              Hold (Min at Fast Process Corner)
  Requirement:            0.000ns  (clk_out1_clk_wiz_0 rise@0.000ns - clk_out1_clk_wiz_1 rise@0.000ns)
  Data Path Delay:        0.683ns  (logic 0.273ns (39.962%)  route 0.410ns (60.038%))
  Logic Levels:           2  (LUT6=1 MUXF7=1)
  Clock Path Skew:        0.269ns (DCD - SCD - CPR)
    Destination Clock Delay (DCD):    0.858ns
    Source Clock Delay      (SCD):    0.589ns
    Clock Pessimism Removal (CPR):    -0.000ns
  Clock Uncertainty:      0.341ns  ((TSJ^2 + DJ^2)^1/2) / 2 + PE
    Total System Jitter     (TSJ):    0.071ns
    Discrete Jitter          (DJ):    0.206ns
    Phase Error              (PE):    0.232ns
  Clock Domain Crossing:  Inter clock paths are considered valid unless explicitly excluded by timing constraints such as set_clock_groups or set_false_path.

    Location             Delay type                Incr(ns)  Path(ns)    Netlist Resource(s)
  -------------------------------------------------------------------    -------------------
                         (clock clk_out1_clk_wiz_1 rise edge)
                                                      0.000     0.000 r  
    BUFGCTRL_X0Y2        BUFG                         0.000     0.000 r  clk_IBUF_BUFG_inst/O
                         net (fo=187, routed)         0.549     0.549    main_clk_pll/inst/clk_in1
    MMCME2_ADV_X1Y0      MMCME2_ADV (Prop_mmcme2_adv_CLKIN1_CLKOUT0)
                                                     -1.061    -0.512 r  main_clk_pll/inst/mmcm_adv_inst/CLKOUT0
                         net (fo=1, routed)           0.486    -0.026    main_clk_pll/inst/clk_out1_clk_wiz_1
    BUFGCTRL_X0Y0        BUFG (Prop_bufg_I_O)         0.026     0.000 r  main_clk_pll/inst/clkout1_buf/O
                         net (fo=162, routed)         0.589     0.589    la_out_OBUF[5]
    SLICE_X6Y89          FDCE                                         r  update_screen_reg/C
  -------------------------------------------------------------------    -------------------
    SLICE_X6Y89          FDCE (Prop_fdce_C_Q)         0.164     0.753 r  update_screen_reg/Q
                         net (fo=4, routed)           0.237     0.990    lcd_inst/cmd_data_writer/update_screen
    SLICE_X6Y89          LUT6 (Prop_lut6_I0_O)        0.045     1.035 r  lcd_inst/cmd_data_writer/state[4]_i_4/O
                         net (fo=1, routed)           0.000     1.035    lcd_inst/cmd_ndata_writer/state_reg[0]_5
    SLICE_X6Y89          MUXF7 (Prop_muxf7_I1_O)      0.064     1.099 r  lcd_inst/cmd_ndata_writer/state_reg[4]_i_1/O
                         net (fo=5, routed)           0.173     1.272    lcd_inst/state
    SLICE_X5Y87          FDCE                                         r  lcd_inst/state_reg[2]/CE
  -------------------------------------------------------------------    -------------------

                         (clock clk_out1_clk_wiz_0 rise edge)
                                                      0.000     0.000 r  
    BUFGCTRL_X0Y0        BUFG                         0.000     0.000 r  main_clk_pll/inst/clkout1_buf/O
                         net (fo=162, routed)         0.816     0.816    lcd_inst/lcd_clk_pll/inst/clk_in1
    MMCME2_ADV_X0Y0      MMCME2_ADV (Prop_mmcme2_adv_CLKIN1_CLKOUT0)
                                                     -1.378    -0.563 r  lcd_inst/lcd_clk_pll/inst/mmcm_adv_inst/CLKOUT0
                         net (fo=1, routed)           0.534    -0.029    lcd_inst/lcd_clk_pll/inst/clk_out1_clk_wiz_0
    BUFGCTRL_X0Y1        BUFG (Prop_bufg_I_O)         0.029    -0.000 r  lcd_inst/lcd_clk_pll/inst/clkout1_buf/O
                         net (fo=234, routed)         0.858     0.857    lcd_inst/clk_out1
    SLICE_X5Y87          FDCE                                         r  lcd_inst/state_reg[2]/C
                         clock pessimism              0.000     0.857    
                         clock uncertainty            0.341     1.198    
    SLICE_X5Y87          FDCE (Hold_fdce_C_CE)       -0.102     1.096    lcd_inst/state_reg[2]
  -------------------------------------------------------------------
                         required time                         -1.096    
                         arrival time                           1.272    
  -------------------------------------------------------------------
                         slack                                  0.176    

Slack (MET) :             0.176ns  (arrival time - required time)
  Source:                 update_screen_reg/C
                            (rising edge-triggered cell FDCE clocked by clk_out1_clk_wiz_1  {rise@0.000ns fall@41.667ns period=83.333ns})
  Destination:            lcd_inst/state_reg[3]/CE
                            (rising edge-triggered cell FDCE clocked by clk_out1_clk_wiz_0  {rise@0.000ns fall@10.000ns period=20.000ns})
  Path Group:             clk_out1_clk_wiz_0
  Path Type:              Hold (Min at Fast Process Corner)
  Requirement:            0.000ns  (clk_out1_clk_wiz_0 rise@0.000ns - clk_out1_clk_wiz_1 rise@0.000ns)
  Data Path Delay:        0.683ns  (logic 0.273ns (39.962%)  route 0.410ns (60.038%))
  Logic Levels:           2  (LUT6=1 MUXF7=1)
  Clock Path Skew:        0.269ns (DCD - SCD - CPR)
    Destination Clock Delay (DCD):    0.858ns
    Source Clock Delay      (SCD):    0.589ns
    Clock Pessimism Removal (CPR):    -0.000ns
  Clock Uncertainty:      0.341ns  ((TSJ^2 + DJ^2)^1/2) / 2 + PE
    Total System Jitter     (TSJ):    0.071ns
    Discrete Jitter          (DJ):    0.206ns
    Phase Error              (PE):    0.232ns
  Clock Domain Crossing:  Inter clock paths are considered valid unless explicitly excluded by timing constraints such as set_clock_groups or set_false_path.

    Location             Delay type                Incr(ns)  Path(ns)    Netlist Resource(s)
  -------------------------------------------------------------------    -------------------
                         (clock clk_out1_clk_wiz_1 rise edge)
                                                      0.000     0.000 r  
    BUFGCTRL_X0Y2        BUFG                         0.000     0.000 r  clk_IBUF_BUFG_inst/O
                         net (fo=187, routed)         0.549     0.549    main_clk_pll/inst/clk_in1
    MMCME2_ADV_X1Y0      MMCME2_ADV (Prop_mmcme2_adv_CLKIN1_CLKOUT0)
                                                     -1.061    -0.512 r  main_clk_pll/inst/mmcm_adv_inst/CLKOUT0
                         net (fo=1, routed)           0.486    -0.026    main_clk_pll/inst/clk_out1_clk_wiz_1
    BUFGCTRL_X0Y0        BUFG (Prop_bufg_I_O)         0.026     0.000 r  main_clk_pll/inst/clkout1_buf/O
                         net (fo=162, routed)         0.589     0.589    la_out_OBUF[5]
    SLICE_X6Y89          FDCE                                         r  update_screen_reg/C
  -------------------------------------------------------------------    -------------------
    SLICE_X6Y89          FDCE (Prop_fdce_C_Q)         0.164     0.753 r  update_screen_reg/Q
                         net (fo=4, routed)           0.237     0.990    lcd_inst/cmd_data_writer/update_screen
    SLICE_X6Y89          LUT6 (Prop_lut6_I0_O)        0.045     1.035 r  lcd_inst/cmd_data_writer/state[4]_i_4/O
                         net (fo=1, routed)           0.000     1.035    lcd_inst/cmd_ndata_writer/state_reg[0]_5
    SLICE_X6Y89          MUXF7 (Prop_muxf7_I1_O)      0.064     1.099 r  lcd_inst/cmd_ndata_writer/state_reg[4]_i_1/O
                         net (fo=5, routed)           0.173     1.272    lcd_inst/state
    SLICE_X5Y87          FDCE                                         r  lcd_inst/state_reg[3]/CE
  -------------------------------------------------------------------    -------------------

                         (clock clk_out1_clk_wiz_0 rise edge)
                                                      0.000     0.000 r  
    BUFGCTRL_X0Y0        BUFG                         0.000     0.000 r  main_clk_pll/inst/clkout1_buf/O
                         net (fo=162, routed)         0.816     0.816    lcd_inst/lcd_clk_pll/inst/clk_in1
    MMCME2_ADV_X0Y0      MMCME2_ADV (Prop_mmcme2_adv_CLKIN1_CLKOUT0)
                                                     -1.378    -0.563 r  lcd_inst/lcd_clk_pll/inst/mmcm_adv_inst/CLKOUT0
                         net (fo=1, routed)           0.534    -0.029    lcd_inst/lcd_clk_pll/inst/clk_out1_clk_wiz_0
    BUFGCTRL_X0Y1        BUFG (Prop_bufg_I_O)         0.029    -0.000 r  lcd_inst/lcd_clk_pll/inst/clkout1_buf/O
                         net (fo=234, routed)         0.858     0.857    lcd_inst/clk_out1
    SLICE_X5Y87          FDCE                                         r  lcd_inst/state_reg[3]/C
                         clock pessimism              0.000     0.857    
                         clock uncertainty            0.341     1.198    
    SLICE_X5Y87          FDCE (Hold_fdce_C_CE)       -0.102     1.096    lcd_inst/state_reg[3]
  -------------------------------------------------------------------
                         required time                         -1.096    
                         arrival time                           1.272    
  -------------------------------------------------------------------
                         slack                                  0.176    

Slack (MET) :             0.176ns  (arrival time - required time)
  Source:                 update_screen_reg/C
                            (rising edge-triggered cell FDCE clocked by clk_out1_clk_wiz_1  {rise@0.000ns fall@41.667ns period=83.333ns})
  Destination:            lcd_inst/state_reg[4]/CE
                            (rising edge-triggered cell FDCE clocked by clk_out1_clk_wiz_0  {rise@0.000ns fall@10.000ns period=20.000ns})
  Path Group:             clk_out1_clk_wiz_0
  Path Type:              Hold (Min at Fast Process Corner)
  Requirement:            0.000ns  (clk_out1_clk_wiz_0 rise@0.000ns - clk_out1_clk_wiz_1 rise@0.000ns)
  Data Path Delay:        0.683ns  (logic 0.273ns (39.962%)  route 0.410ns (60.038%))
  Logic Levels:           2  (LUT6=1 MUXF7=1)
  Clock Path Skew:        0.269ns (DCD - SCD - CPR)
    Destination Clock Delay (DCD):    0.858ns
    Source Clock Delay      (SCD):    0.589ns
    Clock Pessimism Removal (CPR):    -0.000ns
  Clock Uncertainty:      0.341ns  ((TSJ^2 + DJ^2)^1/2) / 2 + PE
    Total System Jitter     (TSJ):    0.071ns
    Discrete Jitter          (DJ):    0.206ns
    Phase Error              (PE):    0.232ns
  Clock Domain Crossing:  Inter clock paths are considered valid unless explicitly excluded by timing constraints such as set_clock_groups or set_false_path.

    Location             Delay type                Incr(ns)  Path(ns)    Netlist Resource(s)
  -------------------------------------------------------------------    -------------------
                         (clock clk_out1_clk_wiz_1 rise edge)
                                                      0.000     0.000 r  
    BUFGCTRL_X0Y2        BUFG                         0.000     0.000 r  clk_IBUF_BUFG_inst/O
                         net (fo=187, routed)         0.549     0.549    main_clk_pll/inst/clk_in1
    MMCME2_ADV_X1Y0      MMCME2_ADV (Prop_mmcme2_adv_CLKIN1_CLKOUT0)
                                                     -1.061    -0.512 r  main_clk_pll/inst/mmcm_adv_inst/CLKOUT0
                         net (fo=1, routed)           0.486    -0.026    main_clk_pll/inst/clk_out1_clk_wiz_1
    BUFGCTRL_X0Y0        BUFG (Prop_bufg_I_O)         0.026     0.000 r  main_clk_pll/inst/clkout1_buf/O
                         net (fo=162, routed)         0.589     0.589    la_out_OBUF[5]
    SLICE_X6Y89          FDCE                                         r  update_screen_reg/C
  -------------------------------------------------------------------    -------------------
    SLICE_X6Y89          FDCE (Prop_fdce_C_Q)         0.164     0.753 r  update_screen_reg/Q
                         net (fo=4, routed)           0.237     0.990    lcd_inst/cmd_data_writer/update_screen
    SLICE_X6Y89          LUT6 (Prop_lut6_I0_O)        0.045     1.035 r  lcd_inst/cmd_data_writer/state[4]_i_4/O
                         net (fo=1, routed)           0.000     1.035    lcd_inst/cmd_ndata_writer/state_reg[0]_5
    SLICE_X6Y89          MUXF7 (Prop_muxf7_I1_O)      0.064     1.099 r  lcd_inst/cmd_ndata_writer/state_reg[4]_i_1/O
                         net (fo=5, routed)           0.173     1.272    lcd_inst/state
    SLICE_X5Y87          FDCE                                         r  lcd_inst/state_reg[4]/CE
  -------------------------------------------------------------------    -------------------

                         (clock clk_out1_clk_wiz_0 rise edge)
                                                      0.000     0.000 r  
    BUFGCTRL_X0Y0        BUFG                         0.000     0.000 r  main_clk_pll/inst/clkout1_buf/O
                         net (fo=162, routed)         0.816     0.816    lcd_inst/lcd_clk_pll/inst/clk_in1
    MMCME2_ADV_X0Y0      MMCME2_ADV (Prop_mmcme2_adv_CLKIN1_CLKOUT0)
                                                     -1.378    -0.563 r  lcd_inst/lcd_clk_pll/inst/mmcm_adv_inst/CLKOUT0
                         net (fo=1, routed)           0.534    -0.029    lcd_inst/lcd_clk_pll/inst/clk_out1_clk_wiz_0
    BUFGCTRL_X0Y1        BUFG (Prop_bufg_I_O)         0.029    -0.000 r  lcd_inst/lcd_clk_pll/inst/clkout1_buf/O
                         net (fo=234, routed)         0.858     0.857    lcd_inst/clk_out1
    SLICE_X5Y87          FDCE                                         r  lcd_inst/state_reg[4]/C
                         clock pessimism              0.000     0.857    
                         clock uncertainty            0.341     1.198    
    SLICE_X5Y87          FDCE (Hold_fdce_C_CE)       -0.102     1.096    lcd_inst/state_reg[4]
  -------------------------------------------------------------------
                         required time                         -1.096    
                         arrival time                           1.272    
  -------------------------------------------------------------------
                         slack                                  0.176    

Slack (MET) :             0.178ns  (arrival time - required time)
  Source:                 x_end_reg[9]/C
                            (rising edge-triggered cell FDPE clocked by clk_out1_clk_wiz_1  {rise@0.000ns fall@41.667ns period=83.333ns})
  Destination:            lcd_inst/write_data_reg[1]/D
                            (rising edge-triggered cell FDCE clocked by clk_out1_clk_wiz_0  {rise@0.000ns fall@10.000ns period=20.000ns})
  Path Group:             clk_out1_clk_wiz_0
  Path Type:              Hold (Min at Fast Process Corner)
  Requirement:            0.000ns  (clk_out1_clk_wiz_0 rise@0.000ns - clk_out1_clk_wiz_1 rise@0.000ns)
  Data Path Delay:        0.895ns  (logic 0.248ns (27.715%)  route 0.647ns (72.285%))
  Logic Levels:           2  (LUT6=1 MUXF7=1)
  Clock Path Skew:        0.271ns (DCD - SCD - CPR)
    Destination Clock Delay (DCD):    0.833ns
    Source Clock Delay      (SCD):    0.562ns
    Clock Pessimism Removal (CPR):    -0.000ns
  Clock Uncertainty:      0.341ns  ((TSJ^2 + DJ^2)^1/2) / 2 + PE
    Total System Jitter     (TSJ):    0.071ns
    Discrete Jitter          (DJ):    0.206ns
    Phase Error              (PE):    0.232ns
  Clock Domain Crossing:  Inter clock paths are considered valid unless explicitly excluded by timing constraints such as set_clock_groups or set_false_path.

    Location             Delay type                Incr(ns)  Path(ns)    Netlist Resource(s)
  -------------------------------------------------------------------    -------------------
                         (clock clk_out1_clk_wiz_1 rise edge)
                                                      0.000     0.000 r  
    BUFGCTRL_X0Y2        BUFG                         0.000     0.000 r  clk_IBUF_BUFG_inst/O
                         net (fo=187, routed)         0.549     0.549    main_clk_pll/inst/clk_in1
    MMCME2_ADV_X1Y0      MMCME2_ADV (Prop_mmcme2_adv_CLKIN1_CLKOUT0)
                                                     -1.061    -0.512 r  main_clk_pll/inst/mmcm_adv_inst/CLKOUT0
                         net (fo=1, routed)           0.486    -0.026    main_clk_pll/inst/clk_out1_clk_wiz_1
    BUFGCTRL_X0Y0        BUFG (Prop_bufg_I_O)         0.026     0.000 r  main_clk_pll/inst/clkout1_buf/O
                         net (fo=162, routed)         0.562     0.562    la_out_OBUF[5]
    SLICE_X13Y88         FDPE                                         r  x_end_reg[9]/C
  -------------------------------------------------------------------    -------------------
    SLICE_X13Y88         FDPE (Prop_fdpe_C_Q)         0.141     0.703 r  x_end_reg[9]/Q
                         net (fo=4, routed)           0.647     1.350    lcd_inst/total_pixels0__1_1[9]
    SLICE_X13Y90         LUT6 (Prop_lut6_I2_O)        0.045     1.395 r  lcd_inst/write_data[1]_i_2/O
                         net (fo=1, routed)           0.000     1.395    lcd_inst/write_data[1]_i_2_n_0
    SLICE_X13Y90         MUXF7 (Prop_muxf7_I0_O)      0.062     1.457 r  lcd_inst/write_data_reg[1]_i_1/O
                         net (fo=1, routed)           0.000     1.457    lcd_inst/write_data_reg[1]_i_1_n_0
    SLICE_X13Y90         FDCE                                         r  lcd_inst/write_data_reg[1]/D
  -------------------------------------------------------------------    -------------------

                         (clock clk_out1_clk_wiz_0 rise edge)
                                                      0.000     0.000 r  
    BUFGCTRL_X0Y0        BUFG                         0.000     0.000 r  main_clk_pll/inst/clkout1_buf/O
                         net (fo=162, routed)         0.816     0.816    lcd_inst/lcd_clk_pll/inst/clk_in1
    MMCME2_ADV_X0Y0      MMCME2_ADV (Prop_mmcme2_adv_CLKIN1_CLKOUT0)
                                                     -1.378    -0.563 r  lcd_inst/lcd_clk_pll/inst/mmcm_adv_inst/CLKOUT0
                         net (fo=1, routed)           0.534    -0.029    lcd_inst/lcd_clk_pll/inst/clk_out1_clk_wiz_0
    BUFGCTRL_X0Y1        BUFG (Prop_bufg_I_O)         0.029    -0.000 r  lcd_inst/lcd_clk_pll/inst/clkout1_buf/O
                         net (fo=234, routed)         0.832     0.832    lcd_inst/clk_out1
    SLICE_X13Y90         FDCE                                         r  lcd_inst/write_data_reg[1]/C
                         clock pessimism              0.000     0.832    
                         clock uncertainty            0.341     1.173    
    SLICE_X13Y90         FDCE (Hold_fdce_C_D)         0.105     1.278    lcd_inst/write_data_reg[1]
  -------------------------------------------------------------------
                         required time                         -1.278    
                         arrival time                           1.457    
  -------------------------------------------------------------------
                         slack                                  0.178    

Slack (MET) :             0.190ns  (arrival time - required time)
  Source:                 solid_color_reg[15]/C
                            (rising edge-triggered cell FDRE clocked by clk_out1_clk_wiz_1  {rise@0.000ns fall@41.667ns period=83.333ns})
  Destination:            lcd_inst/cmd_ndata_writer/LCD_DATA_reg[13]/D
                            (rising edge-triggered cell FDCE clocked by clk_out1_clk_wiz_0  {rise@0.000ns fall@10.000ns period=20.000ns})
  Path Group:             clk_out1_clk_wiz_0
  Path Type:              Hold (Min at Fast Process Corner)
  Requirement:            0.000ns  (clk_out1_clk_wiz_0 rise@0.000ns - clk_out1_clk_wiz_1 rise@0.000ns)
  Data Path Delay:        0.892ns  (logic 0.227ns (25.445%)  route 0.665ns (74.555%))
  Logic Levels:           1  (LUT4=1)
  Clock Path Skew:        0.270ns (DCD - SCD - CPR)
    Destination Clock Delay (DCD):    0.858ns
    Source Clock Delay      (SCD):    0.589ns
    Clock Pessimism Removal (CPR):    -0.000ns
  Clock Uncertainty:      0.341ns  ((TSJ^2 + DJ^2)^1/2) / 2 + PE
    Total System Jitter     (TSJ):    0.071ns
    Discrete Jitter          (DJ):    0.206ns
    Phase Error              (PE):    0.232ns
  Clock Domain Crossing:  Inter clock paths are considered valid unless explicitly excluded by timing constraints such as set_clock_groups or set_false_path.

    Location             Delay type                Incr(ns)  Path(ns)    Netlist Resource(s)
  -------------------------------------------------------------------    -------------------
                         (clock clk_out1_clk_wiz_1 rise edge)
                                                      0.000     0.000 r  
    BUFGCTRL_X0Y2        BUFG                         0.000     0.000 r  clk_IBUF_BUFG_inst/O
                         net (fo=187, routed)         0.549     0.549    main_clk_pll/inst/clk_in1
    MMCME2_ADV_X1Y0      MMCME2_ADV (Prop_mmcme2_adv_CLKIN1_CLKOUT0)
                                                     -1.061    -0.512 r  main_clk_pll/inst/mmcm_adv_inst/CLKOUT0
                         net (fo=1, routed)           0.486    -0.026    main_clk_pll/inst/clk_out1_clk_wiz_1
    BUFGCTRL_X0Y0        BUFG (Prop_bufg_I_O)         0.026     0.000 r  main_clk_pll/inst/clkout1_buf/O
                         net (fo=162, routed)         0.589     0.589    la_out_OBUF[5]
    SLICE_X3Y84          FDRE                                         r  solid_color_reg[15]/C
  -------------------------------------------------------------------    -------------------
    SLICE_X3Y84          FDRE (Prop_fdre_C_Q)         0.128     0.717 r  solid_color_reg[15]/Q
                         net (fo=2, routed)           0.665     1.382    lcd_inst/cmd_ndata_writer/LCD_DATA_reg[13]_0[1]
    SLICE_X3Y85          LUT4 (Prop_lut4_I2_O)        0.099     1.481 r  lcd_inst/cmd_ndata_writer/LCD_DATA[13]_i_1/O
                         net (fo=1, routed)           0.000     1.481    lcd_inst/cmd_ndata_writer/LCD_DATA0_in[13]
    SLICE_X3Y85          FDCE                                         r  lcd_inst/cmd_ndata_writer/LCD_DATA_reg[13]/D
  -------------------------------------------------------------------    -------------------

                         (clock clk_out1_clk_wiz_0 rise edge)
                                                      0.000     0.000 r  
    BUFGCTRL_X0Y0        BUFG                         0.000     0.000 r  main_clk_pll/inst/clkout1_buf/O
                         net (fo=162, routed)         0.816     0.816    lcd_inst/lcd_clk_pll/inst/clk_in1
    MMCME2_ADV_X0Y0      MMCME2_ADV (Prop_mmcme2_adv_CLKIN1_CLKOUT0)
                                                     -1.378    -0.563 r  lcd_inst/lcd_clk_pll/inst/mmcm_adv_inst/CLKOUT0
                         net (fo=1, routed)           0.534    -0.029    lcd_inst/lcd_clk_pll/inst/clk_out1_clk_wiz_0
    BUFGCTRL_X0Y1        BUFG (Prop_bufg_I_O)         0.029    -0.000 r  lcd_inst/lcd_clk_pll/inst/clkout1_buf/O
                         net (fo=234, routed)         0.858     0.858    lcd_inst/cmd_ndata_writer/CLK
    SLICE_X3Y85          FDCE                                         r  lcd_inst/cmd_ndata_writer/LCD_DATA_reg[13]/C
                         clock pessimism              0.000     0.858    
                         clock uncertainty            0.341     1.199    
    SLICE_X3Y85          FDCE (Hold_fdce_C_D)         0.092     1.291    lcd_inst/cmd_ndata_writer/LCD_DATA_reg[13]
  -------------------------------------------------------------------
                         required time                         -1.291    
                         arrival time                           1.481    
  -------------------------------------------------------------------
                         slack                                  0.190    

Slack (MET) :             0.203ns  (arrival time - required time)
  Source:                 solid_color_reg[4]/C
                            (rising edge-triggered cell FDRE clocked by clk_out1_clk_wiz_1  {rise@0.000ns fall@41.667ns period=83.333ns})
  Destination:            lcd_inst/cmd_ndata_writer/LCD_DATA_reg[4]/D
                            (rising edge-triggered cell FDCE clocked by clk_out1_clk_wiz_0  {rise@0.000ns fall@10.000ns period=20.000ns})
  Path Group:             clk_out1_clk_wiz_0
  Path Type:              Hold (Min at Fast Process Corner)
  Requirement:            0.000ns  (clk_out1_clk_wiz_0 rise@0.000ns - clk_out1_clk_wiz_1 rise@0.000ns)
  Data Path Delay:        0.920ns  (logic 0.183ns (19.881%)  route 0.737ns (80.119%))
  Logic Levels:           1  (LUT4=1)
  Clock Path Skew:        0.270ns (DCD - SCD - CPR)
    Destination Clock Delay (DCD):    0.858ns
    Source Clock Delay      (SCD):    0.589ns
    Clock Pessimism Removal (CPR):    -0.000ns
  Clock Uncertainty:      0.341ns  ((TSJ^2 + DJ^2)^1/2) / 2 + PE
    Total System Jitter     (TSJ):    0.071ns
    Discrete Jitter          (DJ):    0.206ns
    Phase Error              (PE):    0.232ns
  Clock Domain Crossing:  Inter clock paths are considered valid unless explicitly excluded by timing constraints such as set_clock_groups or set_false_path.

    Location             Delay type                Incr(ns)  Path(ns)    Netlist Resource(s)
  -------------------------------------------------------------------    -------------------
                         (clock clk_out1_clk_wiz_1 rise edge)
                                                      0.000     0.000 r  
    BUFGCTRL_X0Y2        BUFG                         0.000     0.000 r  clk_IBUF_BUFG_inst/O
                         net (fo=187, routed)         0.549     0.549    main_clk_pll/inst/clk_in1
    MMCME2_ADV_X1Y0      MMCME2_ADV (Prop_mmcme2_adv_CLKIN1_CLKOUT0)
                                                     -1.061    -0.512 r  main_clk_pll/inst/mmcm_adv_inst/CLKOUT0
                         net (fo=1, routed)           0.486    -0.026    main_clk_pll/inst/clk_out1_clk_wiz_1
    BUFGCTRL_X0Y0        BUFG (Prop_bufg_I_O)         0.026     0.000 r  main_clk_pll/inst/clkout1_buf/O
                         net (fo=162, routed)         0.589     0.589    la_out_OBUF[5]
    SLICE_X3Y84          FDRE                                         r  solid_color_reg[4]/C
  -------------------------------------------------------------------    -------------------
    SLICE_X3Y84          FDRE (Prop_fdre_C_Q)         0.141     0.730 r  solid_color_reg[4]/Q
                         net (fo=1, routed)           0.737     1.467    lcd_inst/cmd_ndata_writer/LCD_DATA_reg[13]_0[0]
    SLICE_X3Y85          LUT4 (Prop_lut4_I3_O)        0.042     1.509 r  lcd_inst/cmd_ndata_writer/LCD_DATA[4]_i_1__0/O
                         net (fo=1, routed)           0.000     1.509    lcd_inst/cmd_ndata_writer/LCD_DATA0_in[4]
    SLICE_X3Y85          FDCE                                         r  lcd_inst/cmd_ndata_writer/LCD_DATA_reg[4]/D
  -------------------------------------------------------------------    -------------------

                         (clock clk_out1_clk_wiz_0 rise edge)
                                                      0.000     0.000 r  
    BUFGCTRL_X0Y0        BUFG                         0.000     0.000 r  main_clk_pll/inst/clkout1_buf/O
                         net (fo=162, routed)         0.816     0.816    lcd_inst/lcd_clk_pll/inst/clk_in1
    MMCME2_ADV_X0Y0      MMCME2_ADV (Prop_mmcme2_adv_CLKIN1_CLKOUT0)
                                                     -1.378    -0.563 r  lcd_inst/lcd_clk_pll/inst/mmcm_adv_inst/CLKOUT0
                         net (fo=1, routed)           0.534    -0.029    lcd_inst/lcd_clk_pll/inst/clk_out1_clk_wiz_0
    BUFGCTRL_X0Y1        BUFG (Prop_bufg_I_O)         0.029    -0.000 r  lcd_inst/lcd_clk_pll/inst/clkout1_buf/O
                         net (fo=234, routed)         0.858     0.858    lcd_inst/cmd_ndata_writer/CLK
    SLICE_X3Y85          FDCE                                         r  lcd_inst/cmd_ndata_writer/LCD_DATA_reg[4]/C
                         clock pessimism              0.000     0.858    
                         clock uncertainty            0.341     1.199    
    SLICE_X3Y85          FDCE (Hold_fdce_C_D)         0.107     1.306    lcd_inst/cmd_ndata_writer/LCD_DATA_reg[4]
  -------------------------------------------------------------------
                         required time                         -1.306    
                         arrival time                           1.509    
  -------------------------------------------------------------------
                         slack                                  0.203    

Slack (MET) :             0.212ns  (arrival time - required time)
  Source:                 <hidden>
                            (rising edge-triggered cell FDRE clocked by clk_out1_clk_wiz_1  {rise@0.000ns fall@41.667ns period=83.333ns})
  Destination:            lcd_inst/cmd_ndata_writer/LCD_DATA_reg[9]/D
                            (rising edge-triggered cell FDCE clocked by clk_out1_clk_wiz_0  {rise@0.000ns fall@10.000ns period=20.000ns})
  Path Group:             clk_out1_clk_wiz_0
  Path Type:              Hold (Min at Fast Process Corner)
  Requirement:            0.000ns  (clk_out1_clk_wiz_0 rise@0.000ns - clk_out1_clk_wiz_1 rise@0.000ns)
  Data Path Delay:        0.945ns  (logic 0.339ns (35.890%)  route 0.606ns (64.110%))
  Logic Levels:           2  (LUT3=1 MUXF7=1)
  Clock Path Skew:        0.271ns (DCD - SCD - CPR)
    Destination Clock Delay (DCD):    0.851ns
    Source Clock Delay      (SCD):    0.581ns
    Clock Pessimism Removal (CPR):    -0.000ns
  Clock Uncertainty:      0.341ns  ((TSJ^2 + DJ^2)^1/2) / 2 + PE
    Total System Jitter     (TSJ):    0.071ns
    Discrete Jitter          (DJ):    0.206ns
    Phase Error              (PE):    0.232ns
  Clock Domain Crossing:  Inter clock paths are considered valid unless explicitly excluded by timing constraints such as set_clock_groups or set_false_path.

    Location             Delay type                Incr(ns)  Path(ns)    Netlist Resource(s)
  -------------------------------------------------------------------    -------------------
                         (clock clk_out1_clk_wiz_1 rise edge)
                                                      0.000     0.000 r  
    BUFGCTRL_X0Y2        BUFG                         0.000     0.000 r  clk_IBUF_BUFG_inst/O
                         net (fo=187, routed)         0.549     0.549    main_clk_pll/inst/clk_in1
    MMCME2_ADV_X1Y0      MMCME2_ADV (Prop_mmcme2_adv_CLKIN1_CLKOUT0)
                                                     -1.061    -0.512 r  main_clk_pll/inst/mmcm_adv_inst/CLKOUT0
                         net (fo=1, routed)           0.486    -0.026    main_clk_pll/inst/clk_out1_clk_wiz_1
    BUFGCTRL_X0Y0        BUFG (Prop_bufg_I_O)         0.026     0.000 r  main_clk_pll/inst/clkout1_buf/O
                         net (fo=162, routed)         0.581     0.581    <hidden>
    SLICE_X7Y77          FDRE                                         r  <hidden>
  -------------------------------------------------------------------    -------------------
    SLICE_X7Y77          FDRE (Prop_fdre_C_Q)         0.141     0.722 r  <hidden>
                         net (fo=1, routed)           0.289     1.011    <hidden>
    SLICE_X2Y71          MUXF7 (Prop_muxf7_S_O)       0.090     1.101 r  <hidden>
                         net (fo=5, routed)           0.316     1.417    lcd_inst/cmd_ndata_writer/douta[0]
    SLICE_X2Y71          LUT3 (Prop_lut3_I2_O)        0.108     1.525 r  lcd_inst/cmd_ndata_writer/LCD_DATA[9]_i_1/O
                         net (fo=1, routed)           0.000     1.525    lcd_inst/cmd_ndata_writer/LCD_DATA0_in[9]
    SLICE_X2Y71          FDCE                                         r  lcd_inst/cmd_ndata_writer/LCD_DATA_reg[9]/D
  -------------------------------------------------------------------    -------------------

                         (clock clk_out1_clk_wiz_0 rise edge)
                                                      0.000     0.000 r  
    BUFGCTRL_X0Y0        BUFG                         0.000     0.000 r  main_clk_pll/inst/clkout1_buf/O
                         net (fo=162, routed)         0.816     0.816    lcd_inst/lcd_clk_pll/inst/clk_in1
    MMCME2_ADV_X0Y0      MMCME2_ADV (Prop_mmcme2_adv_CLKIN1_CLKOUT0)
                                                     -1.378    -0.563 r  lcd_inst/lcd_clk_pll/inst/mmcm_adv_inst/CLKOUT0
                         net (fo=1, routed)           0.534    -0.029    lcd_inst/lcd_clk_pll/inst/clk_out1_clk_wiz_0
    BUFGCTRL_X0Y1        BUFG (Prop_bufg_I_O)         0.029    -0.000 r  lcd_inst/lcd_clk_pll/inst/clkout1_buf/O
                         net (fo=234, routed)         0.851     0.851    lcd_inst/cmd_ndata_writer/CLK
    SLICE_X2Y71          FDCE                                         r  lcd_inst/cmd_ndata_writer/LCD_DATA_reg[9]/C
                         clock pessimism              0.000     0.851    
                         clock uncertainty            0.341     1.192    
    SLICE_X2Y71          FDCE (Hold_fdce_C_D)         0.121     1.313    lcd_inst/cmd_ndata_writer/LCD_DATA_reg[9]
  -------------------------------------------------------------------
                         required time                         -1.313    
                         arrival time                           1.525    
  -------------------------------------------------------------------
                         slack                                  0.212    

Slack (MET) :             0.231ns  (arrival time - required time)
  Source:                 update_screen_reg/C
                            (rising edge-triggered cell FDCE clocked by clk_out1_clk_wiz_1  {rise@0.000ns fall@41.667ns period=83.333ns})
  Destination:            lcd_inst/state_reg[0]/CE
                            (rising edge-triggered cell FDCE clocked by clk_out1_clk_wiz_0  {rise@0.000ns fall@10.000ns period=20.000ns})
  Path Group:             clk_out1_clk_wiz_0
  Path Type:              Hold (Min at Fast Process Corner)
  Requirement:            0.000ns  (clk_out1_clk_wiz_0 rise@0.000ns - clk_out1_clk_wiz_1 rise@0.000ns)
  Data Path Delay:        0.737ns  (logic 0.273ns (37.041%)  route 0.464ns (62.959%))
  Logic Levels:           2  (LUT6=1 MUXF7=1)
  Clock Path Skew:        0.268ns (DCD - SCD - CPR)
    Destination Clock Delay (DCD):    0.856ns
    Source Clock Delay      (SCD):    0.589ns
    Clock Pessimism Removal (CPR):    -0.000ns
  Clock Uncertainty:      0.341ns  ((TSJ^2 + DJ^2)^1/2) / 2 + PE
    Total System Jitter     (TSJ):    0.071ns
    Discrete Jitter          (DJ):    0.206ns
    Phase Error              (PE):    0.232ns
  Clock Domain Crossing:  Inter clock paths are considered valid unless explicitly excluded by timing constraints such as set_clock_groups or set_false_path.

    Location             Delay type                Incr(ns)  Path(ns)    Netlist Resource(s)
  -------------------------------------------------------------------    -------------------
                         (clock clk_out1_clk_wiz_1 rise edge)
                                                      0.000     0.000 r  
    BUFGCTRL_X0Y2        BUFG                         0.000     0.000 r  clk_IBUF_BUFG_inst/O
                         net (fo=187, routed)         0.549     0.549    main_clk_pll/inst/clk_in1
    MMCME2_ADV_X1Y0      MMCME2_ADV (Prop_mmcme2_adv_CLKIN1_CLKOUT0)
                                                     -1.061    -0.512 r  main_clk_pll/inst/mmcm_adv_inst/CLKOUT0
                         net (fo=1, routed)           0.486    -0.026    main_clk_pll/inst/clk_out1_clk_wiz_1
    BUFGCTRL_X0Y0        BUFG (Prop_bufg_I_O)         0.026     0.000 r  main_clk_pll/inst/clkout1_buf/O
                         net (fo=162, routed)         0.589     0.589    la_out_OBUF[5]
    SLICE_X6Y89          FDCE                                         r  update_screen_reg/C
  -------------------------------------------------------------------    -------------------
    SLICE_X6Y89          FDCE (Prop_fdce_C_Q)         0.164     0.753 r  update_screen_reg/Q
                         net (fo=4, routed)           0.237     0.990    lcd_inst/cmd_data_writer/update_screen
    SLICE_X6Y89          LUT6 (Prop_lut6_I0_O)        0.045     1.035 r  lcd_inst/cmd_data_writer/state[4]_i_4/O
                         net (fo=1, routed)           0.000     1.035    lcd_inst/cmd_ndata_writer/state_reg[0]_5
    SLICE_X6Y89          MUXF7 (Prop_muxf7_I1_O)      0.064     1.099 r  lcd_inst/cmd_ndata_writer/state_reg[4]_i_1/O
                         net (fo=5, routed)           0.227     1.326    lcd_inst/state
    SLICE_X5Y86          FDCE                                         r  lcd_inst/state_reg[0]/CE
  -------------------------------------------------------------------    -------------------

                         (clock clk_out1_clk_wiz_0 rise edge)
                                                      0.000     0.000 r  
    BUFGCTRL_X0Y0        BUFG                         0.000     0.000 r  main_clk_pll/inst/clkout1_buf/O
                         net (fo=162, routed)         0.816     0.816    lcd_inst/lcd_clk_pll/inst/clk_in1
    MMCME2_ADV_X0Y0      MMCME2_ADV (Prop_mmcme2_adv_CLKIN1_CLKOUT0)
                                                     -1.378    -0.563 r  lcd_inst/lcd_clk_pll/inst/mmcm_adv_inst/CLKOUT0
                         net (fo=1, routed)           0.534    -0.029    lcd_inst/lcd_clk_pll/inst/clk_out1_clk_wiz_0
    BUFGCTRL_X0Y1        BUFG (Prop_bufg_I_O)         0.029    -0.000 r  lcd_inst/lcd_clk_pll/inst/clkout1_buf/O
                         net (fo=234, routed)         0.856     0.856    lcd_inst/clk_out1
    SLICE_X5Y86          FDCE                                         r  lcd_inst/state_reg[0]/C
                         clock pessimism              0.000     0.856    
                         clock uncertainty            0.341     1.197    
    SLICE_X5Y86          FDCE (Hold_fdce_C_CE)       -0.102     1.095    lcd_inst/state_reg[0]
  -------------------------------------------------------------------
                         required time                         -1.095    
                         arrival time                           1.326    
  -------------------------------------------------------------------
                         slack                                  0.231    





---------------------------------------------------------------------------------------------------
From Clock:  clk_out1_clk_wiz_0
  To Clock:  clk_out1_clk_wiz_1

Setup :           16  Failing Endpoints,  Worst Slack       -0.506ns,  Total Violation       -3.959ns
Hold  :            0  Failing Endpoints,  Worst Slack        0.085ns,  Total Violation        0.000ns
---------------------------------------------------------------------------------------------------


Max Delay Paths
--------------------------------------------------------------------------------------
Slack (VIOLATED) :        -0.506ns  (required time - arrival time)
  Source:                 lcd_inst/cmd_ndata_writer/data_count_reg[1]/C
                            (rising edge-triggered cell FDCE clocked by clk_out1_clk_wiz_0  {rise@0.000ns fall@10.000ns period=20.000ns})
  Destination:            bram_addra_reg[17]/D
                            (rising edge-triggered cell FDCE clocked by clk_out1_clk_wiz_1  {rise@0.000ns fall@41.667ns period=83.333ns})
  Path Group:             clk_out1_clk_wiz_1
  Path Type:              Setup (Max at Slow Process Corner)
  Requirement:            3.333ns  (clk_out1_clk_wiz_1 rise@83.333ns - clk_out1_clk_wiz_0 rise@80.000ns)
  Data Path Delay:        3.464ns  (logic 1.925ns (55.565%)  route 1.539ns (44.435%))
  Logic Levels:           6  (CARRY4=5 LUT2=1)
  Clock Path Skew:        -0.111ns (DCD - SCD + CPR)
    Destination Clock Delay (DCD):    1.501ns = ( 84.834 - 83.333 ) 
    Source Clock Delay      (SCD):    1.612ns = ( 81.612 - 80.000 ) 
    Clock Pessimism Removal (CPR):    0.000ns
  Clock Uncertainty:      0.373ns  ((TSJ^2 + DJ^2)^1/2) / 2 + PE
    Total System Jitter     (TSJ):    0.071ns
    Discrete Jitter          (DJ):    0.273ns
    Phase Error              (PE):    0.232ns
  Clock Domain Crossing:  Inter clock paths are considered valid unless explicitly excluded by timing constraints such as set_clock_groups or set_false_path.

    Location             Delay type                Incr(ns)  Path(ns)    Netlist Resource(s)
  -------------------------------------------------------------------    -------------------
                         (clock clk_out1_clk_wiz_0 rise edge)
                                                     80.000    80.000 r  
    BUFGCTRL_X0Y0        BUFG                         0.000    80.000 r  main_clk_pll/inst/clkout1_buf/O
                         net (fo=162, routed)         1.574    81.574    lcd_inst/lcd_clk_pll/inst/clk_in1
    MMCME2_ADV_X0Y0      MMCME2_ADV (Prop_mmcme2_adv_CLKIN1_CLKOUT0)
                                                     -3.337    78.238 r  lcd_inst/lcd_clk_pll/inst/mmcm_adv_inst/CLKOUT0
                         net (fo=1, routed)           1.666    79.904    lcd_inst/lcd_clk_pll/inst/clk_out1_clk_wiz_0
    BUFGCTRL_X0Y1        BUFG (Prop_bufg_I_O)         0.096    80.000 r  lcd_inst/lcd_clk_pll/inst/clkout1_buf/O
                         net (fo=234, routed)         1.612    81.612    lcd_inst/cmd_ndata_writer/CLK
    SLICE_X7Y81          FDCE                                         r  lcd_inst/cmd_ndata_writer/data_count_reg[1]/C
  -------------------------------------------------------------------    -------------------
    SLICE_X7Y81          FDCE (Prop_fdce_C_Q)         0.419    82.031 r  lcd_inst/cmd_ndata_writer/data_count_reg[1]/Q
                         net (fo=2, routed)           1.539    83.570    lcd_inst/cmd_ndata_writer/data_count[1]
    SLICE_X6Y80          LUT2 (Prop_lut2_I1_O)        0.299    83.869 r  lcd_inst/cmd_ndata_writer/bram_addra[3]_i_2/O
                         net (fo=1, routed)           0.000    83.869    lcd_inst/cmd_ndata_writer/bram_addra[3]_i_2_n_0
    SLICE_X6Y80          CARRY4 (Prop_carry4_S[1]_CO[3])
                                                      0.533    84.402 r  lcd_inst/cmd_ndata_writer/bram_addra_reg[3]_i_1/CO[3]
                         net (fo=1, routed)           0.000    84.402    lcd_inst/cmd_ndata_writer/bram_addra_reg[3]_i_1_n_0
    SLICE_X6Y81          CARRY4 (Prop_carry4_CI_CO[3])
                                                      0.117    84.519 r  lcd_inst/cmd_ndata_writer/bram_addra_reg[7]_i_1/CO[3]
                         net (fo=1, routed)           0.000    84.519    lcd_inst/cmd_ndata_writer/bram_addra_reg[7]_i_1_n_0
    SLICE_X6Y82          CARRY4 (Prop_carry4_CI_CO[3])
                                                      0.117    84.636 r  lcd_inst/cmd_ndata_writer/bram_addra_reg[11]_i_1/CO[3]
                         net (fo=1, routed)           0.000    84.636    lcd_inst/cmd_ndata_writer/bram_addra_reg[11]_i_1_n_0
    SLICE_X6Y83          CARRY4 (Prop_carry4_CI_CO[3])
                                                      0.117    84.753 r  lcd_inst/cmd_ndata_writer/bram_addra_reg[15]_i_1/CO[3]
                         net (fo=1, routed)           0.000    84.753    lcd_inst/cmd_ndata_writer/bram_addra_reg[15]_i_1_n_0
    SLICE_X6Y84          CARRY4 (Prop_carry4_CI_O[1])
                                                      0.323    85.076 r  lcd_inst/cmd_ndata_writer/bram_addra_reg[17]_i_2/O[1]
                         net (fo=1, routed)           0.000    85.076    lcd_inst_n_12
    SLICE_X6Y84          FDCE                                         r  bram_addra_reg[17]/D
  -------------------------------------------------------------------    -------------------

                         (clock clk_out1_clk_wiz_1 rise edge)
                                                     83.333    83.333 r  
    BUFGCTRL_X0Y2        BUFG                         0.000    83.333 r  clk_IBUF_BUFG_inst/O
                         net (fo=187, routed)         1.457    84.791    main_clk_pll/inst/clk_in1
    MMCME2_ADV_X1Y0      MMCME2_ADV (Prop_mmcme2_adv_CLKIN1_CLKOUT0)
                                                     -3.129    81.661 r  main_clk_pll/inst/mmcm_adv_inst/CLKOUT0
                         net (fo=1, routed)           1.581    83.242    main_clk_pll/inst/clk_out1_clk_wiz_1
    BUFGCTRL_X0Y0        BUFG (Prop_bufg_I_O)         0.091    83.333 r  main_clk_pll/inst/clkout1_buf/O
                         net (fo=162, routed)         1.501    84.834    la_out_OBUF[5]
    SLICE_X6Y84          FDCE                                         r  bram_addra_reg[17]/C
                         clock pessimism              0.000    84.834    
                         clock uncertainty           -0.373    84.461    
    SLICE_X6Y84          FDCE (Setup_fdce_C_D)        0.109    84.570    bram_addra_reg[17]
  -------------------------------------------------------------------
                         required time                         84.570    
                         arrival time                         -85.076    
  -------------------------------------------------------------------
                         slack                                 -0.506    

Slack (VIOLATED) :        -0.402ns  (required time - arrival time)
  Source:                 lcd_inst/cmd_ndata_writer/data_count_reg[1]/C
                            (rising edge-triggered cell FDCE clocked by clk_out1_clk_wiz_0  {rise@0.000ns fall@10.000ns period=20.000ns})
  Destination:            bram_addra_reg[16]/D
                            (rising edge-triggered cell FDCE clocked by clk_out1_clk_wiz_1  {rise@0.000ns fall@41.667ns period=83.333ns})
  Path Group:             clk_out1_clk_wiz_1
  Path Type:              Setup (Max at Slow Process Corner)
  Requirement:            3.333ns  (clk_out1_clk_wiz_1 rise@83.333ns - clk_out1_clk_wiz_0 rise@80.000ns)
  Data Path Delay:        3.360ns  (logic 1.821ns (54.190%)  route 1.539ns (45.810%))
  Logic Levels:           6  (CARRY4=5 LUT2=1)
  Clock Path Skew:        -0.111ns (DCD - SCD + CPR)
    Destination Clock Delay (DCD):    1.501ns = ( 84.834 - 83.333 ) 
    Source Clock Delay      (SCD):    1.612ns = ( 81.612 - 80.000 ) 
    Clock Pessimism Removal (CPR):    0.000ns
  Clock Uncertainty:      0.373ns  ((TSJ^2 + DJ^2)^1/2) / 2 + PE
    Total System Jitter     (TSJ):    0.071ns
    Discrete Jitter          (DJ):    0.273ns
    Phase Error              (PE):    0.232ns
  Clock Domain Crossing:  Inter clock paths are considered valid unless explicitly excluded by timing constraints such as set_clock_groups or set_false_path.

    Location             Delay type                Incr(ns)  Path(ns)    Netlist Resource(s)
  -------------------------------------------------------------------    -------------------
                         (clock clk_out1_clk_wiz_0 rise edge)
                                                     80.000    80.000 r  
    BUFGCTRL_X0Y0        BUFG                         0.000    80.000 r  main_clk_pll/inst/clkout1_buf/O
                         net (fo=162, routed)         1.574    81.574    lcd_inst/lcd_clk_pll/inst/clk_in1
    MMCME2_ADV_X0Y0      MMCME2_ADV (Prop_mmcme2_adv_CLKIN1_CLKOUT0)
                                                     -3.337    78.238 r  lcd_inst/lcd_clk_pll/inst/mmcm_adv_inst/CLKOUT0
                         net (fo=1, routed)           1.666    79.904    lcd_inst/lcd_clk_pll/inst/clk_out1_clk_wiz_0
    BUFGCTRL_X0Y1        BUFG (Prop_bufg_I_O)         0.096    80.000 r  lcd_inst/lcd_clk_pll/inst/clkout1_buf/O
                         net (fo=234, routed)         1.612    81.612    lcd_inst/cmd_ndata_writer/CLK
    SLICE_X7Y81          FDCE                                         r  lcd_inst/cmd_ndata_writer/data_count_reg[1]/C
  -------------------------------------------------------------------    -------------------
    SLICE_X7Y81          FDCE (Prop_fdce_C_Q)         0.419    82.031 r  lcd_inst/cmd_ndata_writer/data_count_reg[1]/Q
                         net (fo=2, routed)           1.539    83.570    lcd_inst/cmd_ndata_writer/data_count[1]
    SLICE_X6Y80          LUT2 (Prop_lut2_I1_O)        0.299    83.869 r  lcd_inst/cmd_ndata_writer/bram_addra[3]_i_2/O
                         net (fo=1, routed)           0.000    83.869    lcd_inst/cmd_ndata_writer/bram_addra[3]_i_2_n_0
    SLICE_X6Y80          CARRY4 (Prop_carry4_S[1]_CO[3])
                                                      0.533    84.402 r  lcd_inst/cmd_ndata_writer/bram_addra_reg[3]_i_1/CO[3]
                         net (fo=1, routed)           0.000    84.402    lcd_inst/cmd_ndata_writer/bram_addra_reg[3]_i_1_n_0
    SLICE_X6Y81          CARRY4 (Prop_carry4_CI_CO[3])
                                                      0.117    84.519 r  lcd_inst/cmd_ndata_writer/bram_addra_reg[7]_i_1/CO[3]
                         net (fo=1, routed)           0.000    84.519    lcd_inst/cmd_ndata_writer/bram_addra_reg[7]_i_1_n_0
    SLICE_X6Y82          CARRY4 (Prop_carry4_CI_CO[3])
                                                      0.117    84.636 r  lcd_inst/cmd_ndata_writer/bram_addra_reg[11]_i_1/CO[3]
                         net (fo=1, routed)           0.000    84.636    lcd_inst/cmd_ndata_writer/bram_addra_reg[11]_i_1_n_0
    SLICE_X6Y83          CARRY4 (Prop_carry4_CI_CO[3])
                                                      0.117    84.753 r  lcd_inst/cmd_ndata_writer/bram_addra_reg[15]_i_1/CO[3]
                         net (fo=1, routed)           0.000    84.753    lcd_inst/cmd_ndata_writer/bram_addra_reg[15]_i_1_n_0
    SLICE_X6Y84          CARRY4 (Prop_carry4_CI_O[0])
                                                      0.219    84.972 r  lcd_inst/cmd_ndata_writer/bram_addra_reg[17]_i_2/O[0]
                         net (fo=1, routed)           0.000    84.972    lcd_inst_n_13
    SLICE_X6Y84          FDCE                                         r  bram_addra_reg[16]/D
  -------------------------------------------------------------------    -------------------

                         (clock clk_out1_clk_wiz_1 rise edge)
                                                     83.333    83.333 r  
    BUFGCTRL_X0Y2        BUFG                         0.000    83.333 r  clk_IBUF_BUFG_inst/O
                         net (fo=187, routed)         1.457    84.791    main_clk_pll/inst/clk_in1
    MMCME2_ADV_X1Y0      MMCME2_ADV (Prop_mmcme2_adv_CLKIN1_CLKOUT0)
                                                     -3.129    81.661 r  main_clk_pll/inst/mmcm_adv_inst/CLKOUT0
                         net (fo=1, routed)           1.581    83.242    main_clk_pll/inst/clk_out1_clk_wiz_1
    BUFGCTRL_X0Y0        BUFG (Prop_bufg_I_O)         0.091    83.333 r  main_clk_pll/inst/clkout1_buf/O
                         net (fo=162, routed)         1.501    84.834    la_out_OBUF[5]
    SLICE_X6Y84          FDCE                                         r  bram_addra_reg[16]/C
                         clock pessimism              0.000    84.834    
                         clock uncertainty           -0.373    84.461    
    SLICE_X6Y84          FDCE (Setup_fdce_C_D)        0.109    84.570    bram_addra_reg[16]
  -------------------------------------------------------------------
                         required time                         84.570    
                         arrival time                         -84.972    
  -------------------------------------------------------------------
                         slack                                 -0.402    

Slack (VIOLATED) :        -0.390ns  (required time - arrival time)
  Source:                 lcd_inst/cmd_ndata_writer/data_count_reg[1]/C
                            (rising edge-triggered cell FDCE clocked by clk_out1_clk_wiz_0  {rise@0.000ns fall@10.000ns period=20.000ns})
  Destination:            bram_addra_reg[13]/D
                            (rising edge-triggered cell FDCE clocked by clk_out1_clk_wiz_1  {rise@0.000ns fall@41.667ns period=83.333ns})
  Path Group:             clk_out1_clk_wiz_1
  Path Type:              Setup (Max at Slow Process Corner)
  Requirement:            3.333ns  (clk_out1_clk_wiz_1 rise@83.333ns - clk_out1_clk_wiz_0 rise@80.000ns)
  Data Path Delay:        3.347ns  (logic 1.808ns (54.012%)  route 1.539ns (45.988%))
  Logic Levels:           5  (CARRY4=4 LUT2=1)
  Clock Path Skew:        -0.112ns (DCD - SCD + CPR)
    Destination Clock Delay (DCD):    1.500ns = ( 84.833 - 83.333 ) 
    Source Clock Delay      (SCD):    1.612ns = ( 81.612 - 80.000 ) 
    Clock Pessimism Removal (CPR):    0.000ns
  Clock Uncertainty:      0.373ns  ((TSJ^2 + DJ^2)^1/2) / 2 + PE
    Total System Jitter     (TSJ):    0.071ns
    Discrete Jitter          (DJ):    0.273ns
    Phase Error              (PE):    0.232ns
  Clock Domain Crossing:  Inter clock paths are considered valid unless explicitly excluded by timing constraints such as set_clock_groups or set_false_path.

    Location             Delay type                Incr(ns)  Path(ns)    Netlist Resource(s)
  -------------------------------------------------------------------    -------------------
                         (clock clk_out1_clk_wiz_0 rise edge)
                                                     80.000    80.000 r  
    BUFGCTRL_X0Y0        BUFG                         0.000    80.000 r  main_clk_pll/inst/clkout1_buf/O
                         net (fo=162, routed)         1.574    81.574    lcd_inst/lcd_clk_pll/inst/clk_in1
    MMCME2_ADV_X0Y0      MMCME2_ADV (Prop_mmcme2_adv_CLKIN1_CLKOUT0)
                                                     -3.337    78.238 r  lcd_inst/lcd_clk_pll/inst/mmcm_adv_inst/CLKOUT0
                         net (fo=1, routed)           1.666    79.904    lcd_inst/lcd_clk_pll/inst/clk_out1_clk_wiz_0
    BUFGCTRL_X0Y1        BUFG (Prop_bufg_I_O)         0.096    80.000 r  lcd_inst/lcd_clk_pll/inst/clkout1_buf/O
                         net (fo=234, routed)         1.612    81.612    lcd_inst/cmd_ndata_writer/CLK
    SLICE_X7Y81          FDCE                                         r  lcd_inst/cmd_ndata_writer/data_count_reg[1]/C
  -------------------------------------------------------------------    -------------------
    SLICE_X7Y81          FDCE (Prop_fdce_C_Q)         0.419    82.031 r  lcd_inst/cmd_ndata_writer/data_count_reg[1]/Q
                         net (fo=2, routed)           1.539    83.570    lcd_inst/cmd_ndata_writer/data_count[1]
    SLICE_X6Y80          LUT2 (Prop_lut2_I1_O)        0.299    83.869 r  lcd_inst/cmd_ndata_writer/bram_addra[3]_i_2/O
                         net (fo=1, routed)           0.000    83.869    lcd_inst/cmd_ndata_writer/bram_addra[3]_i_2_n_0
    SLICE_X6Y80          CARRY4 (Prop_carry4_S[1]_CO[3])
                                                      0.533    84.402 r  lcd_inst/cmd_ndata_writer/bram_addra_reg[3]_i_1/CO[3]
                         net (fo=1, routed)           0.000    84.402    lcd_inst/cmd_ndata_writer/bram_addra_reg[3]_i_1_n_0
    SLICE_X6Y81          CARRY4 (Prop_carry4_CI_CO[3])
                                                      0.117    84.519 r  lcd_inst/cmd_ndata_writer/bram_addra_reg[7]_i_1/CO[3]
                         net (fo=1, routed)           0.000    84.519    lcd_inst/cmd_ndata_writer/bram_addra_reg[7]_i_1_n_0
    SLICE_X6Y82          CARRY4 (Prop_carry4_CI_CO[3])
                                                      0.117    84.636 r  lcd_inst/cmd_ndata_writer/bram_addra_reg[11]_i_1/CO[3]
                         net (fo=1, routed)           0.000    84.636    lcd_inst/cmd_ndata_writer/bram_addra_reg[11]_i_1_n_0
    SLICE_X6Y83          CARRY4 (Prop_carry4_CI_O[1])
                                                      0.323    84.959 r  lcd_inst/cmd_ndata_writer/bram_addra_reg[15]_i_1/O[1]
                         net (fo=1, routed)           0.000    84.959    lcd_inst_n_16
    SLICE_X6Y83          FDCE                                         r  bram_addra_reg[13]/D
  -------------------------------------------------------------------    -------------------

                         (clock clk_out1_clk_wiz_1 rise edge)
                                                     83.333    83.333 r  
    BUFGCTRL_X0Y2        BUFG                         0.000    83.333 r  clk_IBUF_BUFG_inst/O
                         net (fo=187, routed)         1.457    84.791    main_clk_pll/inst/clk_in1
    MMCME2_ADV_X1Y0      MMCME2_ADV (Prop_mmcme2_adv_CLKIN1_CLKOUT0)
                                                     -3.129    81.661 r  main_clk_pll/inst/mmcm_adv_inst/CLKOUT0
                         net (fo=1, routed)           1.581    83.242    main_clk_pll/inst/clk_out1_clk_wiz_1
    BUFGCTRL_X0Y0        BUFG (Prop_bufg_I_O)         0.091    83.333 r  main_clk_pll/inst/clkout1_buf/O
                         net (fo=162, routed)         1.500    84.833    la_out_OBUF[5]
    SLICE_X6Y83          FDCE                                         r  bram_addra_reg[13]/C
                         clock pessimism              0.000    84.833    
                         clock uncertainty           -0.373    84.460    
    SLICE_X6Y83          FDCE (Setup_fdce_C_D)        0.109    84.569    bram_addra_reg[13]
  -------------------------------------------------------------------
                         required time                         84.569    
                         arrival time                         -84.959    
  -------------------------------------------------------------------
                         slack                                 -0.390    

Slack (VIOLATED) :        -0.382ns  (required time - arrival time)
  Source:                 lcd_inst/cmd_ndata_writer/data_count_reg[1]/C
                            (rising edge-triggered cell FDCE clocked by clk_out1_clk_wiz_0  {rise@0.000ns fall@10.000ns period=20.000ns})
  Destination:            bram_addra_reg[15]/D
                            (rising edge-triggered cell FDCE clocked by clk_out1_clk_wiz_1  {rise@0.000ns fall@41.667ns period=83.333ns})
  Path Group:             clk_out1_clk_wiz_1
  Path Type:              Setup (Max at Slow Process Corner)
  Requirement:            3.333ns  (clk_out1_clk_wiz_1 rise@83.333ns - clk_out1_clk_wiz_0 rise@80.000ns)
  Data Path Delay:        3.339ns  (logic 1.800ns (53.902%)  route 1.539ns (46.098%))
  Logic Levels:           5  (CARRY4=4 LUT2=1)
  Clock Path Skew:        -0.112ns (DCD - SCD + CPR)
    Destination Clock Delay (DCD):    1.500ns = ( 84.833 - 83.333 ) 
    Source Clock Delay      (SCD):    1.612ns = ( 81.612 - 80.000 ) 
    Clock Pessimism Removal (CPR):    0.000ns
  Clock Uncertainty:      0.373ns  ((TSJ^2 + DJ^2)^1/2) / 2 + PE
    Total System Jitter     (TSJ):    0.071ns
    Discrete Jitter          (DJ):    0.273ns
    Phase Error              (PE):    0.232ns
  Clock Domain Crossing:  Inter clock paths are considered valid unless explicitly excluded by timing constraints such as set_clock_groups or set_false_path.

    Location             Delay type                Incr(ns)  Path(ns)    Netlist Resource(s)
  -------------------------------------------------------------------    -------------------
                         (clock clk_out1_clk_wiz_0 rise edge)
                                                     80.000    80.000 r  
    BUFGCTRL_X0Y0        BUFG                         0.000    80.000 r  main_clk_pll/inst/clkout1_buf/O
                         net (fo=162, routed)         1.574    81.574    lcd_inst/lcd_clk_pll/inst/clk_in1
    MMCME2_ADV_X0Y0      MMCME2_ADV (Prop_mmcme2_adv_CLKIN1_CLKOUT0)
                                                     -3.337    78.238 r  lcd_inst/lcd_clk_pll/inst/mmcm_adv_inst/CLKOUT0
                         net (fo=1, routed)           1.666    79.904    lcd_inst/lcd_clk_pll/inst/clk_out1_clk_wiz_0
    BUFGCTRL_X0Y1        BUFG (Prop_bufg_I_O)         0.096    80.000 r  lcd_inst/lcd_clk_pll/inst/clkout1_buf/O
                         net (fo=234, routed)         1.612    81.612    lcd_inst/cmd_ndata_writer/CLK
    SLICE_X7Y81          FDCE                                         r  lcd_inst/cmd_ndata_writer/data_count_reg[1]/C
  -------------------------------------------------------------------    -------------------
    SLICE_X7Y81          FDCE (Prop_fdce_C_Q)         0.419    82.031 r  lcd_inst/cmd_ndata_writer/data_count_reg[1]/Q
                         net (fo=2, routed)           1.539    83.570    lcd_inst/cmd_ndata_writer/data_count[1]
    SLICE_X6Y80          LUT2 (Prop_lut2_I1_O)        0.299    83.869 r  lcd_inst/cmd_ndata_writer/bram_addra[3]_i_2/O
                         net (fo=1, routed)           0.000    83.869    lcd_inst/cmd_ndata_writer/bram_addra[3]_i_2_n_0
    SLICE_X6Y80          CARRY4 (Prop_carry4_S[1]_CO[3])
                                                      0.533    84.402 r  lcd_inst/cmd_ndata_writer/bram_addra_reg[3]_i_1/CO[3]
                         net (fo=1, routed)           0.000    84.402    lcd_inst/cmd_ndata_writer/bram_addra_reg[3]_i_1_n_0
    SLICE_X6Y81          CARRY4 (Prop_carry4_CI_CO[3])
                                                      0.117    84.519 r  lcd_inst/cmd_ndata_writer/bram_addra_reg[7]_i_1/CO[3]
                         net (fo=1, routed)           0.000    84.519    lcd_inst/cmd_ndata_writer/bram_addra_reg[7]_i_1_n_0
    SLICE_X6Y82          CARRY4 (Prop_carry4_CI_CO[3])
                                                      0.117    84.636 r  lcd_inst/cmd_ndata_writer/bram_addra_reg[11]_i_1/CO[3]
                         net (fo=1, routed)           0.000    84.636    lcd_inst/cmd_ndata_writer/bram_addra_reg[11]_i_1_n_0
    SLICE_X6Y83          CARRY4 (Prop_carry4_CI_O[3])
                                                      0.315    84.951 r  lcd_inst/cmd_ndata_writer/bram_addra_reg[15]_i_1/O[3]
                         net (fo=1, routed)           0.000    84.951    lcd_inst_n_14
    SLICE_X6Y83          FDCE                                         r  bram_addra_reg[15]/D
  -------------------------------------------------------------------    -------------------

                         (clock clk_out1_clk_wiz_1 rise edge)
                                                     83.333    83.333 r  
    BUFGCTRL_X0Y2        BUFG                         0.000    83.333 r  clk_IBUF_BUFG_inst/O
                         net (fo=187, routed)         1.457    84.791    main_clk_pll/inst/clk_in1
    MMCME2_ADV_X1Y0      MMCME2_ADV (Prop_mmcme2_adv_CLKIN1_CLKOUT0)
                                                     -3.129    81.661 r  main_clk_pll/inst/mmcm_adv_inst/CLKOUT0
                         net (fo=1, routed)           1.581    83.242    main_clk_pll/inst/clk_out1_clk_wiz_1
    BUFGCTRL_X0Y0        BUFG (Prop_bufg_I_O)         0.091    83.333 r  main_clk_pll/inst/clkout1_buf/O
                         net (fo=162, routed)         1.500    84.833    la_out_OBUF[5]
    SLICE_X6Y83          FDCE                                         r  bram_addra_reg[15]/C
                         clock pessimism              0.000    84.833    
                         clock uncertainty           -0.373    84.460    
    SLICE_X6Y83          FDCE (Setup_fdce_C_D)        0.109    84.569    bram_addra_reg[15]
  -------------------------------------------------------------------
                         required time                         84.569    
                         arrival time                         -84.951    
  -------------------------------------------------------------------
                         slack                                 -0.382    

Slack (VIOLATED) :        -0.306ns  (required time - arrival time)
  Source:                 lcd_inst/cmd_ndata_writer/data_count_reg[1]/C
                            (rising edge-triggered cell FDCE clocked by clk_out1_clk_wiz_0  {rise@0.000ns fall@10.000ns period=20.000ns})
  Destination:            bram_addra_reg[14]/D
                            (rising edge-triggered cell FDCE clocked by clk_out1_clk_wiz_1  {rise@0.000ns fall@41.667ns period=83.333ns})
  Path Group:             clk_out1_clk_wiz_1
  Path Type:              Setup (Max at Slow Process Corner)
  Requirement:            3.333ns  (clk_out1_clk_wiz_1 rise@83.333ns - clk_out1_clk_wiz_0 rise@80.000ns)
  Data Path Delay:        3.263ns  (logic 1.724ns (52.828%)  route 1.539ns (47.172%))
  Logic Levels:           5  (CARRY4=4 LUT2=1)
  Clock Path Skew:        -0.112ns (DCD - SCD + CPR)
    Destination Clock Delay (DCD):    1.500ns = ( 84.833 - 83.333 ) 
    Source Clock Delay      (SCD):    1.612ns = ( 81.612 - 80.000 ) 
    Clock Pessimism Removal (CPR):    0.000ns
  Clock Uncertainty:      0.373ns  ((TSJ^2 + DJ^2)^1/2) / 2 + PE
    Total System Jitter     (TSJ):    0.071ns
    Discrete Jitter          (DJ):    0.273ns
    Phase Error              (PE):    0.232ns
  Clock Domain Crossing:  Inter clock paths are considered valid unless explicitly excluded by timing constraints such as set_clock_groups or set_false_path.

    Location             Delay type                Incr(ns)  Path(ns)    Netlist Resource(s)
  -------------------------------------------------------------------    -------------------
                         (clock clk_out1_clk_wiz_0 rise edge)
                                                     80.000    80.000 r  
    BUFGCTRL_X0Y0        BUFG                         0.000    80.000 r  main_clk_pll/inst/clkout1_buf/O
                         net (fo=162, routed)         1.574    81.574    lcd_inst/lcd_clk_pll/inst/clk_in1
    MMCME2_ADV_X0Y0      MMCME2_ADV (Prop_mmcme2_adv_CLKIN1_CLKOUT0)
                                                     -3.337    78.238 r  lcd_inst/lcd_clk_pll/inst/mmcm_adv_inst/CLKOUT0
                         net (fo=1, routed)           1.666    79.904    lcd_inst/lcd_clk_pll/inst/clk_out1_clk_wiz_0
    BUFGCTRL_X0Y1        BUFG (Prop_bufg_I_O)         0.096    80.000 r  lcd_inst/lcd_clk_pll/inst/clkout1_buf/O
                         net (fo=234, routed)         1.612    81.612    lcd_inst/cmd_ndata_writer/CLK
    SLICE_X7Y81          FDCE                                         r  lcd_inst/cmd_ndata_writer/data_count_reg[1]/C
  -------------------------------------------------------------------    -------------------
    SLICE_X7Y81          FDCE (Prop_fdce_C_Q)         0.419    82.031 r  lcd_inst/cmd_ndata_writer/data_count_reg[1]/Q
                         net (fo=2, routed)           1.539    83.570    lcd_inst/cmd_ndata_writer/data_count[1]
    SLICE_X6Y80          LUT2 (Prop_lut2_I1_O)        0.299    83.869 r  lcd_inst/cmd_ndata_writer/bram_addra[3]_i_2/O
                         net (fo=1, routed)           0.000    83.869    lcd_inst/cmd_ndata_writer/bram_addra[3]_i_2_n_0
    SLICE_X6Y80          CARRY4 (Prop_carry4_S[1]_CO[3])
                                                      0.533    84.402 r  lcd_inst/cmd_ndata_writer/bram_addra_reg[3]_i_1/CO[3]
                         net (fo=1, routed)           0.000    84.402    lcd_inst/cmd_ndata_writer/bram_addra_reg[3]_i_1_n_0
    SLICE_X6Y81          CARRY4 (Prop_carry4_CI_CO[3])
                                                      0.117    84.519 r  lcd_inst/cmd_ndata_writer/bram_addra_reg[7]_i_1/CO[3]
                         net (fo=1, routed)           0.000    84.519    lcd_inst/cmd_ndata_writer/bram_addra_reg[7]_i_1_n_0
    SLICE_X6Y82          CARRY4 (Prop_carry4_CI_CO[3])
                                                      0.117    84.636 r  lcd_inst/cmd_ndata_writer/bram_addra_reg[11]_i_1/CO[3]
                         net (fo=1, routed)           0.000    84.636    lcd_inst/cmd_ndata_writer/bram_addra_reg[11]_i_1_n_0
    SLICE_X6Y83          CARRY4 (Prop_carry4_CI_O[2])
                                                      0.239    84.875 r  lcd_inst/cmd_ndata_writer/bram_addra_reg[15]_i_1/O[2]
                         net (fo=1, routed)           0.000    84.875    lcd_inst_n_15
    SLICE_X6Y83          FDCE                                         r  bram_addra_reg[14]/D
  -------------------------------------------------------------------    -------------------

                         (clock clk_out1_clk_wiz_1 rise edge)
                                                     83.333    83.333 r  
    BUFGCTRL_X0Y2        BUFG                         0.000    83.333 r  clk_IBUF_BUFG_inst/O
                         net (fo=187, routed)         1.457    84.791    main_clk_pll/inst/clk_in1
    MMCME2_ADV_X1Y0      MMCME2_ADV (Prop_mmcme2_adv_CLKIN1_CLKOUT0)
                                                     -3.129    81.661 r  main_clk_pll/inst/mmcm_adv_inst/CLKOUT0
                         net (fo=1, routed)           1.581    83.242    main_clk_pll/inst/clk_out1_clk_wiz_1
    BUFGCTRL_X0Y0        BUFG (Prop_bufg_I_O)         0.091    83.333 r  main_clk_pll/inst/clkout1_buf/O
                         net (fo=162, routed)         1.500    84.833    la_out_OBUF[5]
    SLICE_X6Y83          FDCE                                         r  bram_addra_reg[14]/C
                         clock pessimism              0.000    84.833    
                         clock uncertainty           -0.373    84.460    
    SLICE_X6Y83          FDCE (Setup_fdce_C_D)        0.109    84.569    bram_addra_reg[14]
  -------------------------------------------------------------------
                         required time                         84.569    
                         arrival time                         -84.875    
  -------------------------------------------------------------------
                         slack                                 -0.306    

Slack (VIOLATED) :        -0.286ns  (required time - arrival time)
  Source:                 lcd_inst/cmd_ndata_writer/data_count_reg[1]/C
                            (rising edge-triggered cell FDCE clocked by clk_out1_clk_wiz_0  {rise@0.000ns fall@10.000ns period=20.000ns})
  Destination:            bram_addra_reg[12]/D
                            (rising edge-triggered cell FDCE clocked by clk_out1_clk_wiz_1  {rise@0.000ns fall@41.667ns period=83.333ns})
  Path Group:             clk_out1_clk_wiz_1
  Path Type:              Setup (Max at Slow Process Corner)
  Requirement:            3.333ns  (clk_out1_clk_wiz_1 rise@83.333ns - clk_out1_clk_wiz_0 rise@80.000ns)
  Data Path Delay:        3.243ns  (logic 1.704ns (52.537%)  route 1.539ns (47.463%))
  Logic Levels:           5  (CARRY4=4 LUT2=1)
  Clock Path Skew:        -0.112ns (DCD - SCD + CPR)
    Destination Clock Delay (DCD):    1.500ns = ( 84.833 - 83.333 ) 
    Source Clock Delay      (SCD):    1.612ns = ( 81.612 - 80.000 ) 
    Clock Pessimism Removal (CPR):    0.000ns
  Clock Uncertainty:      0.373ns  ((TSJ^2 + DJ^2)^1/2) / 2 + PE
    Total System Jitter     (TSJ):    0.071ns
    Discrete Jitter          (DJ):    0.273ns
    Phase Error              (PE):    0.232ns
  Clock Domain Crossing:  Inter clock paths are considered valid unless explicitly excluded by timing constraints such as set_clock_groups or set_false_path.

    Location             Delay type                Incr(ns)  Path(ns)    Netlist Resource(s)
  -------------------------------------------------------------------    -------------------
                         (clock clk_out1_clk_wiz_0 rise edge)
                                                     80.000    80.000 r  
    BUFGCTRL_X0Y0        BUFG                         0.000    80.000 r  main_clk_pll/inst/clkout1_buf/O
                         net (fo=162, routed)         1.574    81.574    lcd_inst/lcd_clk_pll/inst/clk_in1
    MMCME2_ADV_X0Y0      MMCME2_ADV (Prop_mmcme2_adv_CLKIN1_CLKOUT0)
                                                     -3.337    78.238 r  lcd_inst/lcd_clk_pll/inst/mmcm_adv_inst/CLKOUT0
                         net (fo=1, routed)           1.666    79.904    lcd_inst/lcd_clk_pll/inst/clk_out1_clk_wiz_0
    BUFGCTRL_X0Y1        BUFG (Prop_bufg_I_O)         0.096    80.000 r  lcd_inst/lcd_clk_pll/inst/clkout1_buf/O
                         net (fo=234, routed)         1.612    81.612    lcd_inst/cmd_ndata_writer/CLK
    SLICE_X7Y81          FDCE                                         r  lcd_inst/cmd_ndata_writer/data_count_reg[1]/C
  -------------------------------------------------------------------    -------------------
    SLICE_X7Y81          FDCE (Prop_fdce_C_Q)         0.419    82.031 r  lcd_inst/cmd_ndata_writer/data_count_reg[1]/Q
                         net (fo=2, routed)           1.539    83.570    lcd_inst/cmd_ndata_writer/data_count[1]
    SLICE_X6Y80          LUT2 (Prop_lut2_I1_O)        0.299    83.869 r  lcd_inst/cmd_ndata_writer/bram_addra[3]_i_2/O
                         net (fo=1, routed)           0.000    83.869    lcd_inst/cmd_ndata_writer/bram_addra[3]_i_2_n_0
    SLICE_X6Y80          CARRY4 (Prop_carry4_S[1]_CO[3])
                                                      0.533    84.402 r  lcd_inst/cmd_ndata_writer/bram_addra_reg[3]_i_1/CO[3]
                         net (fo=1, routed)           0.000    84.402    lcd_inst/cmd_ndata_writer/bram_addra_reg[3]_i_1_n_0
    SLICE_X6Y81          CARRY4 (Prop_carry4_CI_CO[3])
                                                      0.117    84.519 r  lcd_inst/cmd_ndata_writer/bram_addra_reg[7]_i_1/CO[3]
                         net (fo=1, routed)           0.000    84.519    lcd_inst/cmd_ndata_writer/bram_addra_reg[7]_i_1_n_0
    SLICE_X6Y82          CARRY4 (Prop_carry4_CI_CO[3])
                                                      0.117    84.636 r  lcd_inst/cmd_ndata_writer/bram_addra_reg[11]_i_1/CO[3]
                         net (fo=1, routed)           0.000    84.636    lcd_inst/cmd_ndata_writer/bram_addra_reg[11]_i_1_n_0
    SLICE_X6Y83          CARRY4 (Prop_carry4_CI_O[0])
                                                      0.219    84.855 r  lcd_inst/cmd_ndata_writer/bram_addra_reg[15]_i_1/O[0]
                         net (fo=1, routed)           0.000    84.855    lcd_inst_n_17
    SLICE_X6Y83          FDCE                                         r  bram_addra_reg[12]/D
  -------------------------------------------------------------------    -------------------

                         (clock clk_out1_clk_wiz_1 rise edge)
                                                     83.333    83.333 r  
    BUFGCTRL_X0Y2        BUFG                         0.000    83.333 r  clk_IBUF_BUFG_inst/O
                         net (fo=187, routed)         1.457    84.791    main_clk_pll/inst/clk_in1
    MMCME2_ADV_X1Y0      MMCME2_ADV (Prop_mmcme2_adv_CLKIN1_CLKOUT0)
                                                     -3.129    81.661 r  main_clk_pll/inst/mmcm_adv_inst/CLKOUT0
                         net (fo=1, routed)           1.581    83.242    main_clk_pll/inst/clk_out1_clk_wiz_1
    BUFGCTRL_X0Y0        BUFG (Prop_bufg_I_O)         0.091    83.333 r  main_clk_pll/inst/clkout1_buf/O
                         net (fo=162, routed)         1.500    84.833    la_out_OBUF[5]
    SLICE_X6Y83          FDCE                                         r  bram_addra_reg[12]/C
                         clock pessimism              0.000    84.833    
                         clock uncertainty           -0.373    84.460    
    SLICE_X6Y83          FDCE (Setup_fdce_C_D)        0.109    84.569    bram_addra_reg[12]
  -------------------------------------------------------------------
                         required time                         84.569    
                         arrival time                         -84.855    
  -------------------------------------------------------------------
                         slack                                 -0.286    

Slack (VIOLATED) :        -0.274ns  (required time - arrival time)
  Source:                 lcd_inst/cmd_ndata_writer/data_count_reg[1]/C
                            (rising edge-triggered cell FDCE clocked by clk_out1_clk_wiz_0  {rise@0.000ns fall@10.000ns period=20.000ns})
  Destination:            bram_addra_reg[9]/D
                            (rising edge-triggered cell FDCE clocked by clk_out1_clk_wiz_1  {rise@0.000ns fall@41.667ns period=83.333ns})
  Path Group:             clk_out1_clk_wiz_1
  Path Type:              Setup (Max at Slow Process Corner)
  Requirement:            3.333ns  (clk_out1_clk_wiz_1 rise@83.333ns - clk_out1_clk_wiz_0 rise@80.000ns)
  Data Path Delay:        3.230ns  (logic 1.691ns (52.346%)  route 1.539ns (47.654%))
  Logic Levels:           4  (CARRY4=3 LUT2=1)
  Clock Path Skew:        -0.113ns (DCD - SCD + CPR)
    Destination Clock Delay (DCD):    1.499ns = ( 84.832 - 83.333 ) 
    Source Clock Delay      (SCD):    1.612ns = ( 81.612 - 80.000 ) 
    Clock Pessimism Removal (CPR):    0.000ns
  Clock Uncertainty:      0.373ns  ((TSJ^2 + DJ^2)^1/2) / 2 + PE
    Total System Jitter     (TSJ):    0.071ns
    Discrete Jitter          (DJ):    0.273ns
    Phase Error              (PE):    0.232ns
  Clock Domain Crossing:  Inter clock paths are considered valid unless explicitly excluded by timing constraints such as set_clock_groups or set_false_path.

    Location             Delay type                Incr(ns)  Path(ns)    Netlist Resource(s)
  -------------------------------------------------------------------    -------------------
                         (clock clk_out1_clk_wiz_0 rise edge)
                                                     80.000    80.000 r  
    BUFGCTRL_X0Y0        BUFG                         0.000    80.000 r  main_clk_pll/inst/clkout1_buf/O
                         net (fo=162, routed)         1.574    81.574    lcd_inst/lcd_clk_pll/inst/clk_in1
    MMCME2_ADV_X0Y0      MMCME2_ADV (Prop_mmcme2_adv_CLKIN1_CLKOUT0)
                                                     -3.337    78.238 r  lcd_inst/lcd_clk_pll/inst/mmcm_adv_inst/CLKOUT0
                         net (fo=1, routed)           1.666    79.904    lcd_inst/lcd_clk_pll/inst/clk_out1_clk_wiz_0
    BUFGCTRL_X0Y1        BUFG (Prop_bufg_I_O)         0.096    80.000 r  lcd_inst/lcd_clk_pll/inst/clkout1_buf/O
                         net (fo=234, routed)         1.612    81.612    lcd_inst/cmd_ndata_writer/CLK
    SLICE_X7Y81          FDCE                                         r  lcd_inst/cmd_ndata_writer/data_count_reg[1]/C
  -------------------------------------------------------------------    -------------------
    SLICE_X7Y81          FDCE (Prop_fdce_C_Q)         0.419    82.031 r  lcd_inst/cmd_ndata_writer/data_count_reg[1]/Q
                         net (fo=2, routed)           1.539    83.570    lcd_inst/cmd_ndata_writer/data_count[1]
    SLICE_X6Y80          LUT2 (Prop_lut2_I1_O)        0.299    83.869 r  lcd_inst/cmd_ndata_writer/bram_addra[3]_i_2/O
                         net (fo=1, routed)           0.000    83.869    lcd_inst/cmd_ndata_writer/bram_addra[3]_i_2_n_0
    SLICE_X6Y80          CARRY4 (Prop_carry4_S[1]_CO[3])
                                                      0.533    84.402 r  lcd_inst/cmd_ndata_writer/bram_addra_reg[3]_i_1/CO[3]
                         net (fo=1, routed)           0.000    84.402    lcd_inst/cmd_ndata_writer/bram_addra_reg[3]_i_1_n_0
    SLICE_X6Y81          CARRY4 (Prop_carry4_CI_CO[3])
                                                      0.117    84.519 r  lcd_inst/cmd_ndata_writer/bram_addra_reg[7]_i_1/CO[3]
                         net (fo=1, routed)           0.000    84.519    lcd_inst/cmd_ndata_writer/bram_addra_reg[7]_i_1_n_0
    SLICE_X6Y82          CARRY4 (Prop_carry4_CI_O[1])
                                                      0.323    84.842 r  lcd_inst/cmd_ndata_writer/bram_addra_reg[11]_i_1/O[1]
                         net (fo=1, routed)           0.000    84.842    lcd_inst_n_20
    SLICE_X6Y82          FDCE                                         r  bram_addra_reg[9]/D
  -------------------------------------------------------------------    -------------------

                         (clock clk_out1_clk_wiz_1 rise edge)
                                                     83.333    83.333 r  
    BUFGCTRL_X0Y2        BUFG                         0.000    83.333 r  clk_IBUF_BUFG_inst/O
                         net (fo=187, routed)         1.457    84.791    main_clk_pll/inst/clk_in1
    MMCME2_ADV_X1Y0      MMCME2_ADV (Prop_mmcme2_adv_CLKIN1_CLKOUT0)
                                                     -3.129    81.661 r  main_clk_pll/inst/mmcm_adv_inst/CLKOUT0
                         net (fo=1, routed)           1.581    83.242    main_clk_pll/inst/clk_out1_clk_wiz_1
    BUFGCTRL_X0Y0        BUFG (Prop_bufg_I_O)         0.091    83.333 r  main_clk_pll/inst/clkout1_buf/O
                         net (fo=162, routed)         1.499    84.832    la_out_OBUF[5]
    SLICE_X6Y82          FDCE                                         r  bram_addra_reg[9]/C
                         clock pessimism              0.000    84.832    
                         clock uncertainty           -0.373    84.459    
    SLICE_X6Y82          FDCE (Setup_fdce_C_D)        0.109    84.568    bram_addra_reg[9]
  -------------------------------------------------------------------
                         required time                         84.568    
                         arrival time                         -84.842    
  -------------------------------------------------------------------
                         slack                                 -0.274    

Slack (VIOLATED) :        -0.266ns  (required time - arrival time)
  Source:                 lcd_inst/cmd_ndata_writer/data_count_reg[1]/C
                            (rising edge-triggered cell FDCE clocked by clk_out1_clk_wiz_0  {rise@0.000ns fall@10.000ns period=20.000ns})
  Destination:            bram_addra_reg[11]/D
                            (rising edge-triggered cell FDCE clocked by clk_out1_clk_wiz_1  {rise@0.000ns fall@41.667ns period=83.333ns})
  Path Group:             clk_out1_clk_wiz_1
  Path Type:              Setup (Max at Slow Process Corner)
  Requirement:            3.333ns  (clk_out1_clk_wiz_1 rise@83.333ns - clk_out1_clk_wiz_0 rise@80.000ns)
  Data Path Delay:        3.222ns  (logic 1.683ns (52.228%)  route 1.539ns (47.772%))
  Logic Levels:           4  (CARRY4=3 LUT2=1)
  Clock Path Skew:        -0.113ns (DCD - SCD + CPR)
    Destination Clock Delay (DCD):    1.499ns = ( 84.832 - 83.333 ) 
    Source Clock Delay      (SCD):    1.612ns = ( 81.612 - 80.000 ) 
    Clock Pessimism Removal (CPR):    0.000ns
  Clock Uncertainty:      0.373ns  ((TSJ^2 + DJ^2)^1/2) / 2 + PE
    Total System Jitter     (TSJ):    0.071ns
    Discrete Jitter          (DJ):    0.273ns
    Phase Error              (PE):    0.232ns
  Clock Domain Crossing:  Inter clock paths are considered valid unless explicitly excluded by timing constraints such as set_clock_groups or set_false_path.

    Location             Delay type                Incr(ns)  Path(ns)    Netlist Resource(s)
  -------------------------------------------------------------------    -------------------
                         (clock clk_out1_clk_wiz_0 rise edge)
                                                     80.000    80.000 r  
    BUFGCTRL_X0Y0        BUFG                         0.000    80.000 r  main_clk_pll/inst/clkout1_buf/O
                         net (fo=162, routed)         1.574    81.574    lcd_inst/lcd_clk_pll/inst/clk_in1
    MMCME2_ADV_X0Y0      MMCME2_ADV (Prop_mmcme2_adv_CLKIN1_CLKOUT0)
                                                     -3.337    78.238 r  lcd_inst/lcd_clk_pll/inst/mmcm_adv_inst/CLKOUT0
                         net (fo=1, routed)           1.666    79.904    lcd_inst/lcd_clk_pll/inst/clk_out1_clk_wiz_0
    BUFGCTRL_X0Y1        BUFG (Prop_bufg_I_O)         0.096    80.000 r  lcd_inst/lcd_clk_pll/inst/clkout1_buf/O
                         net (fo=234, routed)         1.612    81.612    lcd_inst/cmd_ndata_writer/CLK
    SLICE_X7Y81          FDCE                                         r  lcd_inst/cmd_ndata_writer/data_count_reg[1]/C
  -------------------------------------------------------------------    -------------------
    SLICE_X7Y81          FDCE (Prop_fdce_C_Q)         0.419    82.031 r  lcd_inst/cmd_ndata_writer/data_count_reg[1]/Q
                         net (fo=2, routed)           1.539    83.570    lcd_inst/cmd_ndata_writer/data_count[1]
    SLICE_X6Y80          LUT2 (Prop_lut2_I1_O)        0.299    83.869 r  lcd_inst/cmd_ndata_writer/bram_addra[3]_i_2/O
                         net (fo=1, routed)           0.000    83.869    lcd_inst/cmd_ndata_writer/bram_addra[3]_i_2_n_0
    SLICE_X6Y80          CARRY4 (Prop_carry4_S[1]_CO[3])
                                                      0.533    84.402 r  lcd_inst/cmd_ndata_writer/bram_addra_reg[3]_i_1/CO[3]
                         net (fo=1, routed)           0.000    84.402    lcd_inst/cmd_ndata_writer/bram_addra_reg[3]_i_1_n_0
    SLICE_X6Y81          CARRY4 (Prop_carry4_CI_CO[3])
                                                      0.117    84.519 r  lcd_inst/cmd_ndata_writer/bram_addra_reg[7]_i_1/CO[3]
                         net (fo=1, routed)           0.000    84.519    lcd_inst/cmd_ndata_writer/bram_addra_reg[7]_i_1_n_0
    SLICE_X6Y82          CARRY4 (Prop_carry4_CI_O[3])
                                                      0.315    84.834 r  lcd_inst/cmd_ndata_writer/bram_addra_reg[11]_i_1/O[3]
                         net (fo=1, routed)           0.000    84.834    lcd_inst_n_18
    SLICE_X6Y82          FDCE                                         r  bram_addra_reg[11]/D
  -------------------------------------------------------------------    -------------------

                         (clock clk_out1_clk_wiz_1 rise edge)
                                                     83.333    83.333 r  
    BUFGCTRL_X0Y2        BUFG                         0.000    83.333 r  clk_IBUF_BUFG_inst/O
                         net (fo=187, routed)         1.457    84.791    main_clk_pll/inst/clk_in1
    MMCME2_ADV_X1Y0      MMCME2_ADV (Prop_mmcme2_adv_CLKIN1_CLKOUT0)
                                                     -3.129    81.661 r  main_clk_pll/inst/mmcm_adv_inst/CLKOUT0
                         net (fo=1, routed)           1.581    83.242    main_clk_pll/inst/clk_out1_clk_wiz_1
    BUFGCTRL_X0Y0        BUFG (Prop_bufg_I_O)         0.091    83.333 r  main_clk_pll/inst/clkout1_buf/O
                         net (fo=162, routed)         1.499    84.832    la_out_OBUF[5]
    SLICE_X6Y82          FDCE                                         r  bram_addra_reg[11]/C
                         clock pessimism              0.000    84.832    
                         clock uncertainty           -0.373    84.459    
    SLICE_X6Y82          FDCE (Setup_fdce_C_D)        0.109    84.568    bram_addra_reg[11]
  -------------------------------------------------------------------
                         required time                         84.568    
                         arrival time                         -84.834    
  -------------------------------------------------------------------
                         slack                                 -0.266    

Slack (VIOLATED) :        -0.195ns  (required time - arrival time)
  Source:                 lcd_inst/init_done_reg/C
                            (rising edge-triggered cell FDCE clocked by clk_out1_clk_wiz_0  {rise@0.000ns fall@10.000ns period=20.000ns})
  Destination:            state_reg[0]/D
                            (rising edge-triggered cell FDCE clocked by clk_out1_clk_wiz_1  {rise@0.000ns fall@41.667ns period=83.333ns})
  Path Group:             clk_out1_clk_wiz_1
  Path Type:              Setup (Max at Slow Process Corner)
  Requirement:            3.333ns  (clk_out1_clk_wiz_1 rise@83.333ns - clk_out1_clk_wiz_0 rise@80.000ns)
  Data Path Delay:        3.059ns  (logic 0.828ns (27.063%)  route 2.231ns (72.937%))
  Logic Levels:           3  (LUT2=1 LUT5=1 LUT6=1)
  Clock Path Skew:        -0.127ns (DCD - SCD + CPR)
    Destination Clock Delay (DCD):    1.497ns = ( 84.830 - 83.333 ) 
    Source Clock Delay      (SCD):    1.624ns = ( 81.624 - 80.000 ) 
    Clock Pessimism Removal (CPR):    0.000ns
  Clock Uncertainty:      0.373ns  ((TSJ^2 + DJ^2)^1/2) / 2 + PE
    Total System Jitter     (TSJ):    0.071ns
    Discrete Jitter          (DJ):    0.273ns
    Phase Error              (PE):    0.232ns
  Clock Domain Crossing:  Inter clock paths are considered valid unless explicitly excluded by timing constraints such as set_clock_groups or set_false_path.

    Location             Delay type                Incr(ns)  Path(ns)    Netlist Resource(s)
  -------------------------------------------------------------------    -------------------
                         (clock clk_out1_clk_wiz_0 rise edge)
                                                     80.000    80.000 r  
    BUFGCTRL_X0Y0        BUFG                         0.000    80.000 r  main_clk_pll/inst/clkout1_buf/O
                         net (fo=162, routed)         1.574    81.574    lcd_inst/lcd_clk_pll/inst/clk_in1
    MMCME2_ADV_X0Y0      MMCME2_ADV (Prop_mmcme2_adv_CLKIN1_CLKOUT0)
                                                     -3.337    78.238 r  lcd_inst/lcd_clk_pll/inst/mmcm_adv_inst/CLKOUT0
                         net (fo=1, routed)           1.666    79.904    lcd_inst/lcd_clk_pll/inst/clk_out1_clk_wiz_0
    BUFGCTRL_X0Y1        BUFG (Prop_bufg_I_O)         0.096    80.000 r  lcd_inst/lcd_clk_pll/inst/clkout1_buf/O
                         net (fo=234, routed)         1.624    81.624    lcd_inst/clk_out1
    SLICE_X3Y89          FDCE                                         r  lcd_inst/init_done_reg/C
  -------------------------------------------------------------------    -------------------
    SLICE_X3Y89          FDCE (Prop_fdce_C_Q)         0.456    82.080 r  lcd_inst/init_done_reg/Q
                         net (fo=28, routed)          0.658    82.738    lcd_inst/init_done
    SLICE_X4Y84          LUT5 (Prop_lut5_I3_O)        0.124    82.862 f  lcd_inst/state[2]_i_3/O
                         net (fo=1, routed)           0.537    83.398    lcd_inst/cmd_ndata_writer/state_reg[0]_3
    SLICE_X4Y84          LUT6 (Prop_lut6_I4_O)        0.124    83.522 r  lcd_inst/cmd_ndata_writer/state[2]_i_2/O
                         net (fo=3, routed)           1.037    84.560    lcd_inst/cmd_ndata_writer/state[2]_i_2_n_0
    SLICE_X4Y81          LUT2 (Prop_lut2_I0_O)        0.124    84.684 r  lcd_inst/cmd_ndata_writer/state[0]_i_1/O
                         net (fo=1, routed)           0.000    84.684    lcd_inst_n_2
    SLICE_X4Y81          FDCE                                         r  state_reg[0]/D
  -------------------------------------------------------------------    -------------------

                         (clock clk_out1_clk_wiz_1 rise edge)
                                                     83.333    83.333 r  
    BUFGCTRL_X0Y2        BUFG                         0.000    83.333 r  clk_IBUF_BUFG_inst/O
                         net (fo=187, routed)         1.457    84.791    main_clk_pll/inst/clk_in1
    MMCME2_ADV_X1Y0      MMCME2_ADV (Prop_mmcme2_adv_CLKIN1_CLKOUT0)
                                                     -3.129    81.661 r  main_clk_pll/inst/mmcm_adv_inst/CLKOUT0
                         net (fo=1, routed)           1.581    83.242    main_clk_pll/inst/clk_out1_clk_wiz_1
    BUFGCTRL_X0Y0        BUFG (Prop_bufg_I_O)         0.091    83.333 r  main_clk_pll/inst/clkout1_buf/O
                         net (fo=162, routed)         1.497    84.830    la_out_OBUF[5]
    SLICE_X4Y81          FDCE                                         r  state_reg[0]/C
                         clock pessimism              0.000    84.830    
                         clock uncertainty           -0.373    84.457    
    SLICE_X4Y81          FDCE (Setup_fdce_C_D)        0.031    84.488    state_reg[0]
  -------------------------------------------------------------------
                         required time                         84.488    
                         arrival time                         -84.684    
  -------------------------------------------------------------------
                         slack                                 -0.195    

Slack (VIOLATED) :        -0.190ns  (required time - arrival time)
  Source:                 lcd_inst/cmd_ndata_writer/data_count_reg[1]/C
                            (rising edge-triggered cell FDCE clocked by clk_out1_clk_wiz_0  {rise@0.000ns fall@10.000ns period=20.000ns})
  Destination:            bram_addra_reg[10]/D
                            (rising edge-triggered cell FDCE clocked by clk_out1_clk_wiz_1  {rise@0.000ns fall@41.667ns period=83.333ns})
  Path Group:             clk_out1_clk_wiz_1
  Path Type:              Setup (Max at Slow Process Corner)
  Requirement:            3.333ns  (clk_out1_clk_wiz_1 rise@83.333ns - clk_out1_clk_wiz_0 rise@80.000ns)
  Data Path Delay:        3.146ns  (logic 1.607ns (51.074%)  route 1.539ns (48.926%))
  Logic Levels:           4  (CARRY4=3 LUT2=1)
  Clock Path Skew:        -0.113ns (DCD - SCD + CPR)
    Destination Clock Delay (DCD):    1.499ns = ( 84.832 - 83.333 ) 
    Source Clock Delay      (SCD):    1.612ns = ( 81.612 - 80.000 ) 
    Clock Pessimism Removal (CPR):    0.000ns
  Clock Uncertainty:      0.373ns  ((TSJ^2 + DJ^2)^1/2) / 2 + PE
    Total System Jitter     (TSJ):    0.071ns
    Discrete Jitter          (DJ):    0.273ns
    Phase Error              (PE):    0.232ns
  Clock Domain Crossing:  Inter clock paths are considered valid unless explicitly excluded by timing constraints such as set_clock_groups or set_false_path.

    Location             Delay type                Incr(ns)  Path(ns)    Netlist Resource(s)
  -------------------------------------------------------------------    -------------------
                         (clock clk_out1_clk_wiz_0 rise edge)
                                                     80.000    80.000 r  
    BUFGCTRL_X0Y0        BUFG                         0.000    80.000 r  main_clk_pll/inst/clkout1_buf/O
                         net (fo=162, routed)         1.574    81.574    lcd_inst/lcd_clk_pll/inst/clk_in1
    MMCME2_ADV_X0Y0      MMCME2_ADV (Prop_mmcme2_adv_CLKIN1_CLKOUT0)
                                                     -3.337    78.238 r  lcd_inst/lcd_clk_pll/inst/mmcm_adv_inst/CLKOUT0
                         net (fo=1, routed)           1.666    79.904    lcd_inst/lcd_clk_pll/inst/clk_out1_clk_wiz_0
    BUFGCTRL_X0Y1        BUFG (Prop_bufg_I_O)         0.096    80.000 r  lcd_inst/lcd_clk_pll/inst/clkout1_buf/O
                         net (fo=234, routed)         1.612    81.612    lcd_inst/cmd_ndata_writer/CLK
    SLICE_X7Y81          FDCE                                         r  lcd_inst/cmd_ndata_writer/data_count_reg[1]/C
  -------------------------------------------------------------------    -------------------
    SLICE_X7Y81          FDCE (Prop_fdce_C_Q)         0.419    82.031 r  lcd_inst/cmd_ndata_writer/data_count_reg[1]/Q
                         net (fo=2, routed)           1.539    83.570    lcd_inst/cmd_ndata_writer/data_count[1]
    SLICE_X6Y80          LUT2 (Prop_lut2_I1_O)        0.299    83.869 r  lcd_inst/cmd_ndata_writer/bram_addra[3]_i_2/O
                         net (fo=1, routed)           0.000    83.869    lcd_inst/cmd_ndata_writer/bram_addra[3]_i_2_n_0
    SLICE_X6Y80          CARRY4 (Prop_carry4_S[1]_CO[3])
                                                      0.533    84.402 r  lcd_inst/cmd_ndata_writer/bram_addra_reg[3]_i_1/CO[3]
                         net (fo=1, routed)           0.000    84.402    lcd_inst/cmd_ndata_writer/bram_addra_reg[3]_i_1_n_0
    SLICE_X6Y81          CARRY4 (Prop_carry4_CI_CO[3])
                                                      0.117    84.519 r  lcd_inst/cmd_ndata_writer/bram_addra_reg[7]_i_1/CO[3]
                         net (fo=1, routed)           0.000    84.519    lcd_inst/cmd_ndata_writer/bram_addra_reg[7]_i_1_n_0
    SLICE_X6Y82          CARRY4 (Prop_carry4_CI_O[2])
                                                      0.239    84.758 r  lcd_inst/cmd_ndata_writer/bram_addra_reg[11]_i_1/O[2]
                         net (fo=1, routed)           0.000    84.758    lcd_inst_n_19
    SLICE_X6Y82          FDCE                                         r  bram_addra_reg[10]/D
  -------------------------------------------------------------------    -------------------

                         (clock clk_out1_clk_wiz_1 rise edge)
                                                     83.333    83.333 r  
    BUFGCTRL_X0Y2        BUFG                         0.000    83.333 r  clk_IBUF_BUFG_inst/O
                         net (fo=187, routed)         1.457    84.791    main_clk_pll/inst/clk_in1
    MMCME2_ADV_X1Y0      MMCME2_ADV (Prop_mmcme2_adv_CLKIN1_CLKOUT0)
                                                     -3.129    81.661 r  main_clk_pll/inst/mmcm_adv_inst/CLKOUT0
                         net (fo=1, routed)           1.581    83.242    main_clk_pll/inst/clk_out1_clk_wiz_1
    BUFGCTRL_X0Y0        BUFG (Prop_bufg_I_O)         0.091    83.333 r  main_clk_pll/inst/clkout1_buf/O
                         net (fo=162, routed)         1.499    84.832    la_out_OBUF[5]
    SLICE_X6Y82          FDCE                                         r  bram_addra_reg[10]/C
                         clock pessimism              0.000    84.832    
                         clock uncertainty           -0.373    84.459    
    SLICE_X6Y82          FDCE (Setup_fdce_C_D)        0.109    84.568    bram_addra_reg[10]
  -------------------------------------------------------------------
                         required time                         84.568    
                         arrival time                         -84.758    
  -------------------------------------------------------------------
                         slack                                 -0.190    





Min Delay Paths
--------------------------------------------------------------------------------------
Slack (MET) :             0.085ns  (arrival time - required time)
  Source:                 lcd_inst/cmd_ndata_writer/data_count_reg[1]/C
                            (rising edge-triggered cell FDCE clocked by clk_out1_clk_wiz_0  {rise@0.000ns fall@10.000ns period=20.000ns})
  Destination:            bram_addra_reg[1]/D
                            (rising edge-triggered cell FDCE clocked by clk_out1_clk_wiz_1  {rise@0.000ns fall@41.667ns period=83.333ns})
  Path Group:             clk_out1_clk_wiz_1
  Path Type:              Hold (Min at Fast Process Corner)
  Requirement:            0.000ns  (clk_out1_clk_wiz_1 rise@0.000ns - clk_out1_clk_wiz_0 rise@0.000ns)
  Data Path Delay:        0.859ns  (logic 0.293ns (34.093%)  route 0.566ns (65.907%))
  Logic Levels:           2  (CARRY4=1 LUT2=1)
  Clock Path Skew:        0.268ns (DCD - SCD - CPR)
    Destination Clock Delay (DCD):    0.852ns
    Source Clock Delay      (SCD):    0.584ns
    Clock Pessimism Removal (CPR):    -0.000ns
  Clock Uncertainty:      0.373ns  ((TSJ^2 + DJ^2)^1/2) / 2 + PE
    Total System Jitter     (TSJ):    0.071ns
    Discrete Jitter          (DJ):    0.273ns
    Phase Error              (PE):    0.232ns
  Clock Domain Crossing:  Inter clock paths are considered valid unless explicitly excluded by timing constraints such as set_clock_groups or set_false_path.

    Location             Delay type                Incr(ns)  Path(ns)    Netlist Resource(s)
  -------------------------------------------------------------------    -------------------
                         (clock clk_out1_clk_wiz_0 rise edge)
                                                      0.000     0.000 r  
    BUFGCTRL_X0Y0        BUFG                         0.000     0.000 r  main_clk_pll/inst/clkout1_buf/O
                         net (fo=162, routed)         0.549     0.549    lcd_inst/lcd_clk_pll/inst/clk_in1
    MMCME2_ADV_X0Y0      MMCME2_ADV (Prop_mmcme2_adv_CLKIN1_CLKOUT0)
                                                     -1.063    -0.515 r  lcd_inst/lcd_clk_pll/inst/mmcm_adv_inst/CLKOUT0
                         net (fo=1, routed)           0.489    -0.026    lcd_inst/lcd_clk_pll/inst/clk_out1_clk_wiz_0
    BUFGCTRL_X0Y1        BUFG (Prop_bufg_I_O)         0.026     0.000 r  lcd_inst/lcd_clk_pll/inst/clkout1_buf/O
                         net (fo=234, routed)         0.584     0.584    lcd_inst/cmd_ndata_writer/CLK
    SLICE_X7Y81          FDCE                                         r  lcd_inst/cmd_ndata_writer/data_count_reg[1]/C
  -------------------------------------------------------------------    -------------------
    SLICE_X7Y81          FDCE (Prop_fdce_C_Q)         0.128     0.712 r  lcd_inst/cmd_ndata_writer/data_count_reg[1]/Q
                         net (fo=2, routed)           0.566     1.278    lcd_inst/cmd_ndata_writer/data_count[1]
    SLICE_X6Y80          LUT2 (Prop_lut2_I1_O)        0.099     1.377 r  lcd_inst/cmd_ndata_writer/bram_addra[3]_i_2/O
                         net (fo=1, routed)           0.000     1.377    lcd_inst/cmd_ndata_writer/bram_addra[3]_i_2_n_0
    SLICE_X6Y80          CARRY4 (Prop_carry4_S[1]_O[1])
                                                      0.066     1.443 r  lcd_inst/cmd_ndata_writer/bram_addra_reg[3]_i_1/O[1]
                         net (fo=1, routed)           0.000     1.443    lcd_inst_n_28
    SLICE_X6Y80          FDCE                                         r  bram_addra_reg[1]/D
  -------------------------------------------------------------------    -------------------

                         (clock clk_out1_clk_wiz_1 rise edge)
                                                      0.000     0.000 r  
    BUFGCTRL_X0Y2        BUFG                         0.000     0.000 r  clk_IBUF_BUFG_inst/O
                         net (fo=187, routed)         0.817     0.817    main_clk_pll/inst/clk_in1
    MMCME2_ADV_X1Y0      MMCME2_ADV (Prop_mmcme2_adv_CLKIN1_CLKOUT0)
                                                     -1.375    -0.559 r  main_clk_pll/inst/mmcm_adv_inst/CLKOUT0
                         net (fo=1, routed)           0.530    -0.029    main_clk_pll/inst/clk_out1_clk_wiz_1
    BUFGCTRL_X0Y0        BUFG (Prop_bufg_I_O)         0.029     0.000 r  main_clk_pll/inst/clkout1_buf/O
                         net (fo=162, routed)         0.851     0.851    la_out_OBUF[5]
    SLICE_X6Y80          FDCE                                         r  bram_addra_reg[1]/C
                         clock pessimism              0.000     0.851    
                         clock uncertainty            0.373     1.224    
    SLICE_X6Y80          FDCE (Hold_fdce_C_D)         0.134     1.358    bram_addra_reg[1]
  -------------------------------------------------------------------
                         required time                         -1.358    
                         arrival time                           1.443    
  -------------------------------------------------------------------
                         slack                                  0.085    

Slack (MET) :             0.112ns  (arrival time - required time)
  Source:                 lcd_inst/cmd_ndata_writer/data_count_reg[15]/C
                            (rising edge-triggered cell FDCE clocked by clk_out1_clk_wiz_0  {rise@0.000ns fall@10.000ns period=20.000ns})
  Destination:            bram_addra_reg[15]/D
                            (rising edge-triggered cell FDCE clocked by clk_out1_clk_wiz_1  {rise@0.000ns fall@41.667ns period=83.333ns})
  Path Group:             clk_out1_clk_wiz_1
  Path Type:              Hold (Min at Fast Process Corner)
  Requirement:            0.000ns  (clk_out1_clk_wiz_1 rise@0.000ns - clk_out1_clk_wiz_0 rise@0.000ns)
  Data Path Delay:        0.887ns  (logic 0.273ns (30.788%)  route 0.614ns (69.212%))
  Logic Levels:           2  (CARRY4=1 LUT2=1)
  Clock Path Skew:        0.268ns (DCD - SCD - CPR)
    Destination Clock Delay (DCD):    0.855ns
    Source Clock Delay      (SCD):    0.587ns
    Clock Pessimism Removal (CPR):    -0.000ns
  Clock Uncertainty:      0.373ns  ((TSJ^2 + DJ^2)^1/2) / 2 + PE
    Total System Jitter     (TSJ):    0.071ns
    Discrete Jitter          (DJ):    0.273ns
    Phase Error              (PE):    0.232ns
  Clock Domain Crossing:  Inter clock paths are considered valid unless explicitly excluded by timing constraints such as set_clock_groups or set_false_path.

    Location             Delay type                Incr(ns)  Path(ns)    Netlist Resource(s)
  -------------------------------------------------------------------    -------------------
                         (clock clk_out1_clk_wiz_0 rise edge)
                                                      0.000     0.000 r  
    BUFGCTRL_X0Y0        BUFG                         0.000     0.000 r  main_clk_pll/inst/clkout1_buf/O
                         net (fo=162, routed)         0.549     0.549    lcd_inst/lcd_clk_pll/inst/clk_in1
    MMCME2_ADV_X0Y0      MMCME2_ADV (Prop_mmcme2_adv_CLKIN1_CLKOUT0)
                                                     -1.063    -0.515 r  lcd_inst/lcd_clk_pll/inst/mmcm_adv_inst/CLKOUT0
                         net (fo=1, routed)           0.489    -0.026    lcd_inst/lcd_clk_pll/inst/clk_out1_clk_wiz_0
    BUFGCTRL_X0Y1        BUFG (Prop_bufg_I_O)         0.026     0.000 r  lcd_inst/lcd_clk_pll/inst/clkout1_buf/O
                         net (fo=234, routed)         0.587     0.587    lcd_inst/cmd_ndata_writer/CLK
    SLICE_X6Y85          FDCE                                         r  lcd_inst/cmd_ndata_writer/data_count_reg[15]/C
  -------------------------------------------------------------------    -------------------
    SLICE_X6Y85          FDCE (Prop_fdce_C_Q)         0.164     0.751 r  lcd_inst/cmd_ndata_writer/data_count_reg[15]/Q
                         net (fo=2, routed)           0.614     1.364    lcd_inst/cmd_ndata_writer/data_count[15]
    SLICE_X6Y83          LUT2 (Prop_lut2_I1_O)        0.045     1.409 r  lcd_inst/cmd_ndata_writer/bram_addra[15]_i_2/O
                         net (fo=1, routed)           0.000     1.409    lcd_inst/cmd_ndata_writer/bram_addra[15]_i_2_n_0
    SLICE_X6Y83          CARRY4 (Prop_carry4_S[3]_O[3])
                                                      0.064     1.473 r  lcd_inst/cmd_ndata_writer/bram_addra_reg[15]_i_1/O[3]
                         net (fo=1, routed)           0.000     1.473    lcd_inst_n_14
    SLICE_X6Y83          FDCE                                         r  bram_addra_reg[15]/D
  -------------------------------------------------------------------    -------------------

                         (clock clk_out1_clk_wiz_1 rise edge)
                                                      0.000     0.000 r  
    BUFGCTRL_X0Y2        BUFG                         0.000     0.000 r  clk_IBUF_BUFG_inst/O
                         net (fo=187, routed)         0.817     0.817    main_clk_pll/inst/clk_in1
    MMCME2_ADV_X1Y0      MMCME2_ADV (Prop_mmcme2_adv_CLKIN1_CLKOUT0)
                                                     -1.375    -0.559 r  main_clk_pll/inst/mmcm_adv_inst/CLKOUT0
                         net (fo=1, routed)           0.530    -0.029    main_clk_pll/inst/clk_out1_clk_wiz_1
    BUFGCTRL_X0Y0        BUFG (Prop_bufg_I_O)         0.029     0.000 r  main_clk_pll/inst/clkout1_buf/O
                         net (fo=162, routed)         0.855     0.855    la_out_OBUF[5]
    SLICE_X6Y83          FDCE                                         r  bram_addra_reg[15]/C
                         clock pessimism              0.000     0.855    
                         clock uncertainty            0.373     1.227    
    SLICE_X6Y83          FDCE (Hold_fdce_C_D)         0.134     1.361    bram_addra_reg[15]
  -------------------------------------------------------------------
                         required time                         -1.361    
                         arrival time                           1.473    
  -------------------------------------------------------------------
                         slack                                  0.112    

Slack (MET) :             0.112ns  (arrival time - required time)
  Source:                 lcd_inst/cmd_ndata_writer/data_count_reg[0]/C
                            (rising edge-triggered cell FDCE clocked by clk_out1_clk_wiz_0  {rise@0.000ns fall@10.000ns period=20.000ns})
  Destination:            bram_addra_reg[0]/D
                            (rising edge-triggered cell FDCE clocked by clk_out1_clk_wiz_1  {rise@0.000ns fall@41.667ns period=83.333ns})
  Path Group:             clk_out1_clk_wiz_1
  Path Type:              Hold (Min at Fast Process Corner)
  Requirement:            0.000ns  (clk_out1_clk_wiz_1 rise@0.000ns - clk_out1_clk_wiz_0 rise@0.000ns)
  Data Path Delay:        0.887ns  (logic 0.256ns (28.865%)  route 0.631ns (71.135%))
  Logic Levels:           2  (CARRY4=1 LUT2=1)
  Clock Path Skew:        0.268ns (DCD - SCD - CPR)
    Destination Clock Delay (DCD):    0.852ns
    Source Clock Delay      (SCD):    0.584ns
    Clock Pessimism Removal (CPR):    -0.000ns
  Clock Uncertainty:      0.373ns  ((TSJ^2 + DJ^2)^1/2) / 2 + PE
    Total System Jitter     (TSJ):    0.071ns
    Discrete Jitter          (DJ):    0.273ns
    Phase Error              (PE):    0.232ns
  Clock Domain Crossing:  Inter clock paths are considered valid unless explicitly excluded by timing constraints such as set_clock_groups or set_false_path.

    Location             Delay type                Incr(ns)  Path(ns)    Netlist Resource(s)
  -------------------------------------------------------------------    -------------------
                         (clock clk_out1_clk_wiz_0 rise edge)
                                                      0.000     0.000 r  
    BUFGCTRL_X0Y0        BUFG                         0.000     0.000 r  main_clk_pll/inst/clkout1_buf/O
                         net (fo=162, routed)         0.549     0.549    lcd_inst/lcd_clk_pll/inst/clk_in1
    MMCME2_ADV_X0Y0      MMCME2_ADV (Prop_mmcme2_adv_CLKIN1_CLKOUT0)
                                                     -1.063    -0.515 r  lcd_inst/lcd_clk_pll/inst/mmcm_adv_inst/CLKOUT0
                         net (fo=1, routed)           0.489    -0.026    lcd_inst/lcd_clk_pll/inst/clk_out1_clk_wiz_0
    BUFGCTRL_X0Y1        BUFG (Prop_bufg_I_O)         0.026     0.000 r  lcd_inst/lcd_clk_pll/inst/clkout1_buf/O
                         net (fo=234, routed)         0.584     0.584    lcd_inst/cmd_ndata_writer/CLK
    SLICE_X7Y81          FDCE                                         r  lcd_inst/cmd_ndata_writer/data_count_reg[0]/C
  -------------------------------------------------------------------    -------------------
    SLICE_X7Y81          FDCE (Prop_fdce_C_Q)         0.141     0.725 r  lcd_inst/cmd_ndata_writer/data_count_reg[0]/Q
                         net (fo=5, routed)           0.631     1.356    lcd_inst/cmd_ndata_writer/data_count[0]
    SLICE_X6Y80          LUT2 (Prop_lut2_I1_O)        0.045     1.401 r  lcd_inst/cmd_ndata_writer/bram_addra[3]_i_3/O
                         net (fo=1, routed)           0.000     1.401    lcd_inst/cmd_ndata_writer/bram_addra[3]_i_3_n_0
    SLICE_X6Y80          CARRY4 (Prop_carry4_S[0]_O[0])
                                                      0.070     1.471 r  lcd_inst/cmd_ndata_writer/bram_addra_reg[3]_i_1/O[0]
                         net (fo=1, routed)           0.000     1.471    lcd_inst_n_29
    SLICE_X6Y80          FDCE                                         r  bram_addra_reg[0]/D
  -------------------------------------------------------------------    -------------------

                         (clock clk_out1_clk_wiz_1 rise edge)
                                                      0.000     0.000 r  
    BUFGCTRL_X0Y2        BUFG                         0.000     0.000 r  clk_IBUF_BUFG_inst/O
                         net (fo=187, routed)         0.817     0.817    main_clk_pll/inst/clk_in1
    MMCME2_ADV_X1Y0      MMCME2_ADV (Prop_mmcme2_adv_CLKIN1_CLKOUT0)
                                                     -1.375    -0.559 r  main_clk_pll/inst/mmcm_adv_inst/CLKOUT0
                         net (fo=1, routed)           0.530    -0.029    main_clk_pll/inst/clk_out1_clk_wiz_1
    BUFGCTRL_X0Y0        BUFG (Prop_bufg_I_O)         0.029     0.000 r  main_clk_pll/inst/clkout1_buf/O
                         net (fo=162, routed)         0.851     0.851    la_out_OBUF[5]
    SLICE_X6Y80          FDCE                                         r  bram_addra_reg[0]/C
                         clock pessimism              0.000     0.851    
                         clock uncertainty            0.373     1.224    
    SLICE_X6Y80          FDCE (Hold_fdce_C_D)         0.134     1.358    bram_addra_reg[0]
  -------------------------------------------------------------------
                         required time                         -1.358    
                         arrival time                           1.471    
  -------------------------------------------------------------------
                         slack                                  0.112    

Slack (MET) :             0.119ns  (arrival time - required time)
  Source:                 lcd_inst/cmd_ndata_writer/data_count_reg[3]/C
                            (rising edge-triggered cell FDCE clocked by clk_out1_clk_wiz_0  {rise@0.000ns fall@10.000ns period=20.000ns})
  Destination:            bram_addra_reg[3]/D
                            (rising edge-triggered cell FDCE clocked by clk_out1_clk_wiz_1  {rise@0.000ns fall@41.667ns period=83.333ns})
  Path Group:             clk_out1_clk_wiz_1
  Path Type:              Hold (Min at Fast Process Corner)
  Requirement:            0.000ns  (clk_out1_clk_wiz_1 rise@0.000ns - clk_out1_clk_wiz_0 rise@0.000ns)
  Data Path Delay:        0.919ns  (logic 0.311ns (33.840%)  route 0.608ns (66.160%))
  Logic Levels:           1  (CARRY4=1)
  Clock Path Skew:        0.293ns (DCD - SCD - CPR)
    Destination Clock Delay (DCD):    0.852ns
    Source Clock Delay      (SCD):    0.559ns
    Clock Pessimism Removal (CPR):    -0.000ns
  Clock Uncertainty:      0.373ns  ((TSJ^2 + DJ^2)^1/2) / 2 + PE
    Total System Jitter     (TSJ):    0.071ns
    Discrete Jitter          (DJ):    0.273ns
    Phase Error              (PE):    0.232ns
  Clock Domain Crossing:  Inter clock paths are considered valid unless explicitly excluded by timing constraints such as set_clock_groups or set_false_path.

    Location             Delay type                Incr(ns)  Path(ns)    Netlist Resource(s)
  -------------------------------------------------------------------    -------------------
                         (clock clk_out1_clk_wiz_0 rise edge)
                                                      0.000     0.000 r  
    BUFGCTRL_X0Y0        BUFG                         0.000     0.000 r  main_clk_pll/inst/clkout1_buf/O
                         net (fo=162, routed)         0.549     0.549    lcd_inst/lcd_clk_pll/inst/clk_in1
    MMCME2_ADV_X0Y0      MMCME2_ADV (Prop_mmcme2_adv_CLKIN1_CLKOUT0)
                                                     -1.063    -0.515 r  lcd_inst/lcd_clk_pll/inst/mmcm_adv_inst/CLKOUT0
                         net (fo=1, routed)           0.489    -0.026    lcd_inst/lcd_clk_pll/inst/clk_out1_clk_wiz_0
    BUFGCTRL_X0Y1        BUFG (Prop_bufg_I_O)         0.026     0.000 r  lcd_inst/lcd_clk_pll/inst/clkout1_buf/O
                         net (fo=234, routed)         0.559     0.559    lcd_inst/cmd_ndata_writer/CLK
    SLICE_X8Y83          FDCE                                         r  lcd_inst/cmd_ndata_writer/data_count_reg[3]/C
  -------------------------------------------------------------------    -------------------
    SLICE_X8Y83          FDCE (Prop_fdce_C_Q)         0.148     0.707 r  lcd_inst/cmd_ndata_writer/data_count_reg[3]/Q
                         net (fo=2, routed)           0.608     1.315    lcd_inst/cmd_ndata_writer/data_count[3]
    SLICE_X6Y80          CARRY4 (Prop_carry4_S[3]_O[3])
                                                      0.163     1.478 r  lcd_inst/cmd_ndata_writer/bram_addra_reg[3]_i_1/O[3]
                         net (fo=1, routed)           0.000     1.478    lcd_inst_n_26
    SLICE_X6Y80          FDCE                                         r  bram_addra_reg[3]/D
  -------------------------------------------------------------------    -------------------

                         (clock clk_out1_clk_wiz_1 rise edge)
                                                      0.000     0.000 r  
    BUFGCTRL_X0Y2        BUFG                         0.000     0.000 r  clk_IBUF_BUFG_inst/O
                         net (fo=187, routed)         0.817     0.817    main_clk_pll/inst/clk_in1
    MMCME2_ADV_X1Y0      MMCME2_ADV (Prop_mmcme2_adv_CLKIN1_CLKOUT0)
                                                     -1.375    -0.559 r  main_clk_pll/inst/mmcm_adv_inst/CLKOUT0
                         net (fo=1, routed)           0.530    -0.029    main_clk_pll/inst/clk_out1_clk_wiz_1
    BUFGCTRL_X0Y0        BUFG (Prop_bufg_I_O)         0.029     0.000 r  main_clk_pll/inst/clkout1_buf/O
                         net (fo=162, routed)         0.851     0.851    la_out_OBUF[5]
    SLICE_X6Y80          FDCE                                         r  bram_addra_reg[3]/C
                         clock pessimism              0.000     0.851    
                         clock uncertainty            0.373     1.224    
    SLICE_X6Y80          FDCE (Hold_fdce_C_D)         0.134     1.358    bram_addra_reg[3]
  -------------------------------------------------------------------
                         required time                         -1.358    
                         arrival time                           1.478    
  -------------------------------------------------------------------
                         slack                                  0.119    

Slack (MET) :             0.124ns  (arrival time - required time)
  Source:                 lcd_inst/cmd_ndata_writer/data_count_reg[13]/C
                            (rising edge-triggered cell FDCE clocked by clk_out1_clk_wiz_0  {rise@0.000ns fall@10.000ns period=20.000ns})
  Destination:            bram_addra_reg[13]/D
                            (rising edge-triggered cell FDCE clocked by clk_out1_clk_wiz_1  {rise@0.000ns fall@41.667ns period=83.333ns})
  Path Group:             clk_out1_clk_wiz_1
  Path Type:              Hold (Min at Fast Process Corner)
  Requirement:            0.000ns  (clk_out1_clk_wiz_1 rise@0.000ns - clk_out1_clk_wiz_0 rise@0.000ns)
  Data Path Delay:        0.899ns  (logic 0.312ns (34.724%)  route 0.587ns (65.276%))
  Logic Levels:           2  (CARRY4=1 LUT2=1)
  Clock Path Skew:        0.268ns (DCD - SCD - CPR)
    Destination Clock Delay (DCD):    0.855ns
    Source Clock Delay      (SCD):    0.587ns
    Clock Pessimism Removal (CPR):    -0.000ns
  Clock Uncertainty:      0.373ns  ((TSJ^2 + DJ^2)^1/2) / 2 + PE
    Total System Jitter     (TSJ):    0.071ns
    Discrete Jitter          (DJ):    0.273ns
    Phase Error              (PE):    0.232ns
  Clock Domain Crossing:  Inter clock paths are considered valid unless explicitly excluded by timing constraints such as set_clock_groups or set_false_path.

    Location             Delay type                Incr(ns)  Path(ns)    Netlist Resource(s)
  -------------------------------------------------------------------    -------------------
                         (clock clk_out1_clk_wiz_0 rise edge)
                                                      0.000     0.000 r  
    BUFGCTRL_X0Y0        BUFG                         0.000     0.000 r  main_clk_pll/inst/clkout1_buf/O
                         net (fo=162, routed)         0.549     0.549    lcd_inst/lcd_clk_pll/inst/clk_in1
    MMCME2_ADV_X0Y0      MMCME2_ADV (Prop_mmcme2_adv_CLKIN1_CLKOUT0)
                                                     -1.063    -0.515 r  lcd_inst/lcd_clk_pll/inst/mmcm_adv_inst/CLKOUT0
                         net (fo=1, routed)           0.489    -0.026    lcd_inst/lcd_clk_pll/inst/clk_out1_clk_wiz_0
    BUFGCTRL_X0Y1        BUFG (Prop_bufg_I_O)         0.026     0.000 r  lcd_inst/lcd_clk_pll/inst/clkout1_buf/O
                         net (fo=234, routed)         0.587     0.587    lcd_inst/cmd_ndata_writer/CLK
    SLICE_X6Y85          FDCE                                         r  lcd_inst/cmd_ndata_writer/data_count_reg[13]/C
  -------------------------------------------------------------------    -------------------
    SLICE_X6Y85          FDCE (Prop_fdce_C_Q)         0.148     0.735 r  lcd_inst/cmd_ndata_writer/data_count_reg[13]/Q
                         net (fo=2, routed)           0.587     1.321    lcd_inst/cmd_ndata_writer/data_count[13]
    SLICE_X6Y83          LUT2 (Prop_lut2_I1_O)        0.098     1.419 r  lcd_inst/cmd_ndata_writer/bram_addra[15]_i_4/O
                         net (fo=1, routed)           0.000     1.419    lcd_inst/cmd_ndata_writer/bram_addra[15]_i_4_n_0
    SLICE_X6Y83          CARRY4 (Prop_carry4_S[1]_O[1])
                                                      0.066     1.485 r  lcd_inst/cmd_ndata_writer/bram_addra_reg[15]_i_1/O[1]
                         net (fo=1, routed)           0.000     1.485    lcd_inst_n_16
    SLICE_X6Y83          FDCE                                         r  bram_addra_reg[13]/D
  -------------------------------------------------------------------    -------------------

                         (clock clk_out1_clk_wiz_1 rise edge)
                                                      0.000     0.000 r  
    BUFGCTRL_X0Y2        BUFG                         0.000     0.000 r  clk_IBUF_BUFG_inst/O
                         net (fo=187, routed)         0.817     0.817    main_clk_pll/inst/clk_in1
    MMCME2_ADV_X1Y0      MMCME2_ADV (Prop_mmcme2_adv_CLKIN1_CLKOUT0)
                                                     -1.375    -0.559 r  main_clk_pll/inst/mmcm_adv_inst/CLKOUT0
                         net (fo=1, routed)           0.530    -0.029    main_clk_pll/inst/clk_out1_clk_wiz_1
    BUFGCTRL_X0Y0        BUFG (Prop_bufg_I_O)         0.029     0.000 r  main_clk_pll/inst/clkout1_buf/O
                         net (fo=162, routed)         0.855     0.855    la_out_OBUF[5]
    SLICE_X6Y83          FDCE                                         r  bram_addra_reg[13]/C
                         clock pessimism              0.000     0.855    
                         clock uncertainty            0.373     1.227    
    SLICE_X6Y83          FDCE (Hold_fdce_C_D)         0.134     1.361    bram_addra_reg[13]
  -------------------------------------------------------------------
                         required time                         -1.361    
                         arrival time                           1.485    
  -------------------------------------------------------------------
                         slack                                  0.124    

Slack (MET) :             0.130ns  (arrival time - required time)
  Source:                 lcd_inst/cmd_ndata_writer/data_count_reg[16]/C
                            (rising edge-triggered cell FDCE clocked by clk_out1_clk_wiz_0  {rise@0.000ns fall@10.000ns period=20.000ns})
  Destination:            bram_addra_reg[16]/D
                            (rising edge-triggered cell FDCE clocked by clk_out1_clk_wiz_1  {rise@0.000ns fall@41.667ns period=83.333ns})
  Path Group:             clk_out1_clk_wiz_1
  Path Type:              Hold (Min at Fast Process Corner)
  Requirement:            0.000ns  (clk_out1_clk_wiz_1 rise@0.000ns - clk_out1_clk_wiz_0 rise@0.000ns)
  Data Path Delay:        0.905ns  (logic 0.316ns (34.901%)  route 0.589ns (65.099%))
  Logic Levels:           2  (CARRY4=1 LUT2=1)
  Clock Path Skew:        0.269ns (DCD - SCD - CPR)
    Destination Clock Delay (DCD):    0.855ns
    Source Clock Delay      (SCD):    0.587ns
    Clock Pessimism Removal (CPR):    -0.000ns
  Clock Uncertainty:      0.373ns  ((TSJ^2 + DJ^2)^1/2) / 2 + PE
    Total System Jitter     (TSJ):    0.071ns
    Discrete Jitter          (DJ):    0.273ns
    Phase Error              (PE):    0.232ns
  Clock Domain Crossing:  Inter clock paths are considered valid unless explicitly excluded by timing constraints such as set_clock_groups or set_false_path.

    Location             Delay type                Incr(ns)  Path(ns)    Netlist Resource(s)
  -------------------------------------------------------------------    -------------------
                         (clock clk_out1_clk_wiz_0 rise edge)
                                                      0.000     0.000 r  
    BUFGCTRL_X0Y0        BUFG                         0.000     0.000 r  main_clk_pll/inst/clkout1_buf/O
                         net (fo=162, routed)         0.549     0.549    lcd_inst/lcd_clk_pll/inst/clk_in1
    MMCME2_ADV_X0Y0      MMCME2_ADV (Prop_mmcme2_adv_CLKIN1_CLKOUT0)
                                                     -1.063    -0.515 r  lcd_inst/lcd_clk_pll/inst/mmcm_adv_inst/CLKOUT0
                         net (fo=1, routed)           0.489    -0.026    lcd_inst/lcd_clk_pll/inst/clk_out1_clk_wiz_0
    BUFGCTRL_X0Y1        BUFG (Prop_bufg_I_O)         0.026     0.000 r  lcd_inst/lcd_clk_pll/inst/clkout1_buf/O
                         net (fo=234, routed)         0.587     0.587    lcd_inst/cmd_ndata_writer/CLK
    SLICE_X6Y85          FDCE                                         r  lcd_inst/cmd_ndata_writer/data_count_reg[16]/C
  -------------------------------------------------------------------    -------------------
    SLICE_X6Y85          FDCE (Prop_fdce_C_Q)         0.148     0.735 r  lcd_inst/cmd_ndata_writer/data_count_reg[16]/Q
                         net (fo=2, routed)           0.589     1.324    lcd_inst/cmd_ndata_writer/data_count[16]
    SLICE_X6Y84          LUT2 (Prop_lut2_I1_O)        0.098     1.422 r  lcd_inst/cmd_ndata_writer/bram_addra[17]_i_3/O
                         net (fo=1, routed)           0.000     1.422    lcd_inst/cmd_ndata_writer/bram_addra[17]_i_3_n_0
    SLICE_X6Y84          CARRY4 (Prop_carry4_S[0]_O[0])
                                                      0.070     1.492 r  lcd_inst/cmd_ndata_writer/bram_addra_reg[17]_i_2/O[0]
                         net (fo=1, routed)           0.000     1.492    lcd_inst_n_13
    SLICE_X6Y84          FDCE                                         r  bram_addra_reg[16]/D
  -------------------------------------------------------------------    -------------------

                         (clock clk_out1_clk_wiz_1 rise edge)
                                                      0.000     0.000 r  
    BUFGCTRL_X0Y2        BUFG                         0.000     0.000 r  clk_IBUF_BUFG_inst/O
                         net (fo=187, routed)         0.817     0.817    main_clk_pll/inst/clk_in1
    MMCME2_ADV_X1Y0      MMCME2_ADV (Prop_mmcme2_adv_CLKIN1_CLKOUT0)
                                                     -1.375    -0.559 r  main_clk_pll/inst/mmcm_adv_inst/CLKOUT0
                         net (fo=1, routed)           0.530    -0.029    main_clk_pll/inst/clk_out1_clk_wiz_1
    BUFGCTRL_X0Y0        BUFG (Prop_bufg_I_O)         0.029     0.000 r  main_clk_pll/inst/clkout1_buf/O
                         net (fo=162, routed)         0.855     0.855    la_out_OBUF[5]
    SLICE_X6Y84          FDCE                                         r  bram_addra_reg[16]/C
                         clock pessimism              0.000     0.855    
                         clock uncertainty            0.373     1.228    
    SLICE_X6Y84          FDCE (Hold_fdce_C_D)         0.134     1.362    bram_addra_reg[16]
  -------------------------------------------------------------------
                         required time                         -1.362    
                         arrival time                           1.492    
  -------------------------------------------------------------------
                         slack                                  0.130    

Slack (MET) :             0.131ns  (arrival time - required time)
  Source:                 lcd_inst/cmd_ndata_writer/data_count_reg[11]/C
                            (rising edge-triggered cell FDCE clocked by clk_out1_clk_wiz_0  {rise@0.000ns fall@10.000ns period=20.000ns})
  Destination:            bram_addra_reg[11]/D
                            (rising edge-triggered cell FDCE clocked by clk_out1_clk_wiz_1  {rise@0.000ns fall@41.667ns period=83.333ns})
  Path Group:             clk_out1_clk_wiz_1
  Path Type:              Hold (Min at Fast Process Corner)
  Requirement:            0.000ns  (clk_out1_clk_wiz_1 rise@0.000ns - clk_out1_clk_wiz_0 rise@0.000ns)
  Data Path Delay:        0.905ns  (logic 0.273ns (30.160%)  route 0.632ns (69.840%))
  Logic Levels:           2  (CARRY4=1 LUT2=1)
  Clock Path Skew:        0.267ns (DCD - SCD - CPR)
    Destination Clock Delay (DCD):    0.854ns
    Source Clock Delay      (SCD):    0.587ns
    Clock Pessimism Removal (CPR):    -0.000ns
  Clock Uncertainty:      0.373ns  ((TSJ^2 + DJ^2)^1/2) / 2 + PE
    Total System Jitter     (TSJ):    0.071ns
    Discrete Jitter          (DJ):    0.273ns
    Phase Error              (PE):    0.232ns
  Clock Domain Crossing:  Inter clock paths are considered valid unless explicitly excluded by timing constraints such as set_clock_groups or set_false_path.

    Location             Delay type                Incr(ns)  Path(ns)    Netlist Resource(s)
  -------------------------------------------------------------------    -------------------
                         (clock clk_out1_clk_wiz_0 rise edge)
                                                      0.000     0.000 r  
    BUFGCTRL_X0Y0        BUFG                         0.000     0.000 r  main_clk_pll/inst/clkout1_buf/O
                         net (fo=162, routed)         0.549     0.549    lcd_inst/lcd_clk_pll/inst/clk_in1
    MMCME2_ADV_X0Y0      MMCME2_ADV (Prop_mmcme2_adv_CLKIN1_CLKOUT0)
                                                     -1.063    -0.515 r  lcd_inst/lcd_clk_pll/inst/mmcm_adv_inst/CLKOUT0
                         net (fo=1, routed)           0.489    -0.026    lcd_inst/lcd_clk_pll/inst/clk_out1_clk_wiz_0
    BUFGCTRL_X0Y1        BUFG (Prop_bufg_I_O)         0.026     0.000 r  lcd_inst/lcd_clk_pll/inst/clkout1_buf/O
                         net (fo=234, routed)         0.587     0.587    lcd_inst/cmd_ndata_writer/CLK
    SLICE_X6Y85          FDCE                                         r  lcd_inst/cmd_ndata_writer/data_count_reg[11]/C
  -------------------------------------------------------------------    -------------------
    SLICE_X6Y85          FDCE (Prop_fdce_C_Q)         0.164     0.751 r  lcd_inst/cmd_ndata_writer/data_count_reg[11]/Q
                         net (fo=2, routed)           0.632     1.383    lcd_inst/cmd_ndata_writer/data_count[11]
    SLICE_X6Y82          LUT2 (Prop_lut2_I1_O)        0.045     1.428 r  lcd_inst/cmd_ndata_writer/bram_addra[11]_i_2/O
                         net (fo=1, routed)           0.000     1.428    lcd_inst/cmd_ndata_writer/bram_addra[11]_i_2_n_0
    SLICE_X6Y82          CARRY4 (Prop_carry4_S[3]_O[3])
                                                      0.064     1.492 r  lcd_inst/cmd_ndata_writer/bram_addra_reg[11]_i_1/O[3]
                         net (fo=1, routed)           0.000     1.492    lcd_inst_n_18
    SLICE_X6Y82          FDCE                                         r  bram_addra_reg[11]/D
  -------------------------------------------------------------------    -------------------

                         (clock clk_out1_clk_wiz_1 rise edge)
                                                      0.000     0.000 r  
    BUFGCTRL_X0Y2        BUFG                         0.000     0.000 r  clk_IBUF_BUFG_inst/O
                         net (fo=187, routed)         0.817     0.817    main_clk_pll/inst/clk_in1
    MMCME2_ADV_X1Y0      MMCME2_ADV (Prop_mmcme2_adv_CLKIN1_CLKOUT0)
                                                     -1.375    -0.559 r  main_clk_pll/inst/mmcm_adv_inst/CLKOUT0
                         net (fo=1, routed)           0.530    -0.029    main_clk_pll/inst/clk_out1_clk_wiz_1
    BUFGCTRL_X0Y0        BUFG (Prop_bufg_I_O)         0.029     0.000 r  main_clk_pll/inst/clkout1_buf/O
                         net (fo=162, routed)         0.854     0.854    la_out_OBUF[5]
    SLICE_X6Y82          FDCE                                         r  bram_addra_reg[11]/C
                         clock pessimism              0.000     0.854    
                         clock uncertainty            0.373     1.226    
    SLICE_X6Y82          FDCE (Hold_fdce_C_D)         0.134     1.360    bram_addra_reg[11]
  -------------------------------------------------------------------
                         required time                         -1.360    
                         arrival time                           1.492    
  -------------------------------------------------------------------
                         slack                                  0.131    

Slack (MET) :             0.136ns  (arrival time - required time)
  Source:                 lcd_inst/cmd_ndata_writer/data_count_reg[12]/C
                            (rising edge-triggered cell FDCE clocked by clk_out1_clk_wiz_0  {rise@0.000ns fall@10.000ns period=20.000ns})
  Destination:            bram_addra_reg[12]/D
                            (rising edge-triggered cell FDCE clocked by clk_out1_clk_wiz_1  {rise@0.000ns fall@41.667ns period=83.333ns})
  Path Group:             clk_out1_clk_wiz_1
  Path Type:              Hold (Min at Fast Process Corner)
  Requirement:            0.000ns  (clk_out1_clk_wiz_1 rise@0.000ns - clk_out1_clk_wiz_0 rise@0.000ns)
  Data Path Delay:        0.910ns  (logic 0.317ns (34.824%)  route 0.593ns (65.176%))
  Logic Levels:           2  (CARRY4=1 LUT2=1)
  Clock Path Skew:        0.268ns (DCD - SCD - CPR)
    Destination Clock Delay (DCD):    0.855ns
    Source Clock Delay      (SCD):    0.587ns
    Clock Pessimism Removal (CPR):    -0.000ns
  Clock Uncertainty:      0.373ns  ((TSJ^2 + DJ^2)^1/2) / 2 + PE
    Total System Jitter     (TSJ):    0.071ns
    Discrete Jitter          (DJ):    0.273ns
    Phase Error              (PE):    0.232ns
  Clock Domain Crossing:  Inter clock paths are considered valid unless explicitly excluded by timing constraints such as set_clock_groups or set_false_path.

    Location             Delay type                Incr(ns)  Path(ns)    Netlist Resource(s)
  -------------------------------------------------------------------    -------------------
                         (clock clk_out1_clk_wiz_0 rise edge)
                                                      0.000     0.000 r  
    BUFGCTRL_X0Y0        BUFG                         0.000     0.000 r  main_clk_pll/inst/clkout1_buf/O
                         net (fo=162, routed)         0.549     0.549    lcd_inst/lcd_clk_pll/inst/clk_in1
    MMCME2_ADV_X0Y0      MMCME2_ADV (Prop_mmcme2_adv_CLKIN1_CLKOUT0)
                                                     -1.063    -0.515 r  lcd_inst/lcd_clk_pll/inst/mmcm_adv_inst/CLKOUT0
                         net (fo=1, routed)           0.489    -0.026    lcd_inst/lcd_clk_pll/inst/clk_out1_clk_wiz_0
    BUFGCTRL_X0Y1        BUFG (Prop_bufg_I_O)         0.026     0.000 r  lcd_inst/lcd_clk_pll/inst/clkout1_buf/O
                         net (fo=234, routed)         0.587     0.587    lcd_inst/cmd_ndata_writer/CLK
    SLICE_X6Y85          FDCE                                         r  lcd_inst/cmd_ndata_writer/data_count_reg[12]/C
  -------------------------------------------------------------------    -------------------
    SLICE_X6Y85          FDCE (Prop_fdce_C_Q)         0.148     0.735 r  lcd_inst/cmd_ndata_writer/data_count_reg[12]/Q
                         net (fo=2, routed)           0.593     1.328    lcd_inst/cmd_ndata_writer/data_count[12]
    SLICE_X6Y83          LUT2 (Prop_lut2_I1_O)        0.099     1.427 r  lcd_inst/cmd_ndata_writer/bram_addra[15]_i_5/O
                         net (fo=1, routed)           0.000     1.427    lcd_inst/cmd_ndata_writer/bram_addra[15]_i_5_n_0
    SLICE_X6Y83          CARRY4 (Prop_carry4_S[0]_O[0])
                                                      0.070     1.497 r  lcd_inst/cmd_ndata_writer/bram_addra_reg[15]_i_1/O[0]
                         net (fo=1, routed)           0.000     1.497    lcd_inst_n_17
    SLICE_X6Y83          FDCE                                         r  bram_addra_reg[12]/D
  -------------------------------------------------------------------    -------------------

                         (clock clk_out1_clk_wiz_1 rise edge)
                                                      0.000     0.000 r  
    BUFGCTRL_X0Y2        BUFG                         0.000     0.000 r  clk_IBUF_BUFG_inst/O
                         net (fo=187, routed)         0.817     0.817    main_clk_pll/inst/clk_in1
    MMCME2_ADV_X1Y0      MMCME2_ADV (Prop_mmcme2_adv_CLKIN1_CLKOUT0)
                                                     -1.375    -0.559 r  main_clk_pll/inst/mmcm_adv_inst/CLKOUT0
                         net (fo=1, routed)           0.530    -0.029    main_clk_pll/inst/clk_out1_clk_wiz_1
    BUFGCTRL_X0Y0        BUFG (Prop_bufg_I_O)         0.029     0.000 r  main_clk_pll/inst/clkout1_buf/O
                         net (fo=162, routed)         0.855     0.855    la_out_OBUF[5]
    SLICE_X6Y83          FDCE                                         r  bram_addra_reg[12]/C
                         clock pessimism              0.000     0.855    
                         clock uncertainty            0.373     1.227    
    SLICE_X6Y83          FDCE (Hold_fdce_C_D)         0.134     1.361    bram_addra_reg[12]
  -------------------------------------------------------------------
                         required time                         -1.361    
                         arrival time                           1.497    
  -------------------------------------------------------------------
                         slack                                  0.136    

Slack (MET) :             0.144ns  (arrival time - required time)
  Source:                 lcd_inst/cmd_ndata_writer/data_count_reg[10]/C
                            (rising edge-triggered cell FDCE clocked by clk_out1_clk_wiz_0  {rise@0.000ns fall@10.000ns period=20.000ns})
  Destination:            bram_addra_reg[10]/D
                            (rising edge-triggered cell FDCE clocked by clk_out1_clk_wiz_1  {rise@0.000ns fall@41.667ns period=83.333ns})
  Path Group:             clk_out1_clk_wiz_1
  Path Type:              Hold (Min at Fast Process Corner)
  Requirement:            0.000ns  (clk_out1_clk_wiz_1 rise@0.000ns - clk_out1_clk_wiz_0 rise@0.000ns)
  Data Path Delay:        0.917ns  (logic 0.274ns (29.870%)  route 0.643ns (70.130%))
  Logic Levels:           2  (CARRY4=1 LUT2=1)
  Clock Path Skew:        0.267ns (DCD - SCD - CPR)
    Destination Clock Delay (DCD):    0.854ns
    Source Clock Delay      (SCD):    0.587ns
    Clock Pessimism Removal (CPR):    -0.000ns
  Clock Uncertainty:      0.373ns  ((TSJ^2 + DJ^2)^1/2) / 2 + PE
    Total System Jitter     (TSJ):    0.071ns
    Discrete Jitter          (DJ):    0.273ns
    Phase Error              (PE):    0.232ns
  Clock Domain Crossing:  Inter clock paths are considered valid unless explicitly excluded by timing constraints such as set_clock_groups or set_false_path.

    Location             Delay type                Incr(ns)  Path(ns)    Netlist Resource(s)
  -------------------------------------------------------------------    -------------------
                         (clock clk_out1_clk_wiz_0 rise edge)
                                                      0.000     0.000 r  
    BUFGCTRL_X0Y0        BUFG                         0.000     0.000 r  main_clk_pll/inst/clkout1_buf/O
                         net (fo=162, routed)         0.549     0.549    lcd_inst/lcd_clk_pll/inst/clk_in1
    MMCME2_ADV_X0Y0      MMCME2_ADV (Prop_mmcme2_adv_CLKIN1_CLKOUT0)
                                                     -1.063    -0.515 r  lcd_inst/lcd_clk_pll/inst/mmcm_adv_inst/CLKOUT0
                         net (fo=1, routed)           0.489    -0.026    lcd_inst/lcd_clk_pll/inst/clk_out1_clk_wiz_0
    BUFGCTRL_X0Y1        BUFG (Prop_bufg_I_O)         0.026     0.000 r  lcd_inst/lcd_clk_pll/inst/clkout1_buf/O
                         net (fo=234, routed)         0.587     0.587    lcd_inst/cmd_ndata_writer/CLK
    SLICE_X6Y85          FDCE                                         r  lcd_inst/cmd_ndata_writer/data_count_reg[10]/C
  -------------------------------------------------------------------    -------------------
    SLICE_X6Y85          FDCE (Prop_fdce_C_Q)         0.164     0.751 r  lcd_inst/cmd_ndata_writer/data_count_reg[10]/Q
                         net (fo=2, routed)           0.643     1.394    lcd_inst/cmd_ndata_writer/data_count[10]
    SLICE_X6Y82          LUT2 (Prop_lut2_I1_O)        0.045     1.439 r  lcd_inst/cmd_ndata_writer/bram_addra[11]_i_3/O
                         net (fo=1, routed)           0.000     1.439    lcd_inst/cmd_ndata_writer/bram_addra[11]_i_3_n_0
    SLICE_X6Y82          CARRY4 (Prop_carry4_S[2]_O[2])
                                                      0.065     1.504 r  lcd_inst/cmd_ndata_writer/bram_addra_reg[11]_i_1/O[2]
                         net (fo=1, routed)           0.000     1.504    lcd_inst_n_19
    SLICE_X6Y82          FDCE                                         r  bram_addra_reg[10]/D
  -------------------------------------------------------------------    -------------------

                         (clock clk_out1_clk_wiz_1 rise edge)
                                                      0.000     0.000 r  
    BUFGCTRL_X0Y2        BUFG                         0.000     0.000 r  clk_IBUF_BUFG_inst/O
                         net (fo=187, routed)         0.817     0.817    main_clk_pll/inst/clk_in1
    MMCME2_ADV_X1Y0      MMCME2_ADV (Prop_mmcme2_adv_CLKIN1_CLKOUT0)
                                                     -1.375    -0.559 r  main_clk_pll/inst/mmcm_adv_inst/CLKOUT0
                         net (fo=1, routed)           0.530    -0.029    main_clk_pll/inst/clk_out1_clk_wiz_1
    BUFGCTRL_X0Y0        BUFG (Prop_bufg_I_O)         0.029     0.000 r  main_clk_pll/inst/clkout1_buf/O
                         net (fo=162, routed)         0.854     0.854    la_out_OBUF[5]
    SLICE_X6Y82          FDCE                                         r  bram_addra_reg[10]/C
                         clock pessimism              0.000     0.854    
                         clock uncertainty            0.373     1.226    
    SLICE_X6Y82          FDCE (Hold_fdce_C_D)         0.134     1.360    bram_addra_reg[10]
  -------------------------------------------------------------------
                         required time                         -1.360    
                         arrival time                           1.504    
  -------------------------------------------------------------------
                         slack                                  0.144    

Slack (MET) :             0.152ns  (arrival time - required time)
  Source:                 lcd_inst/cmd_ndata_writer/done_reg/C
                            (rising edge-triggered cell FDCE clocked by clk_out1_clk_wiz_0  {rise@0.000ns fall@10.000ns period=20.000ns})
  Destination:            state_reg[2]/D
                            (rising edge-triggered cell FDCE clocked by clk_out1_clk_wiz_1  {rise@0.000ns fall@41.667ns period=83.333ns})
  Path Group:             clk_out1_clk_wiz_1
  Path Type:              Hold (Min at Fast Process Corner)
  Requirement:            0.000ns  (clk_out1_clk_wiz_1 rise@0.000ns - clk_out1_clk_wiz_0 rise@0.000ns)
  Data Path Delay:        0.883ns  (logic 0.231ns (26.166%)  route 0.652ns (73.834%))
  Logic Levels:           2  (LUT4=1 LUT6=1)
  Clock Path Skew:        0.266ns (DCD - SCD - CPR)
    Destination Clock Delay (DCD):    0.853ns
    Source Clock Delay      (SCD):    0.587ns
    Clock Pessimism Removal (CPR):    -0.000ns
  Clock Uncertainty:      0.373ns  ((TSJ^2 + DJ^2)^1/2) / 2 + PE
    Total System Jitter     (TSJ):    0.071ns
    Discrete Jitter          (DJ):    0.273ns
    Phase Error              (PE):    0.232ns
  Clock Domain Crossing:  Inter clock paths are considered valid unless explicitly excluded by timing constraints such as set_clock_groups or set_false_path.

    Location             Delay type                Incr(ns)  Path(ns)    Netlist Resource(s)
  -------------------------------------------------------------------    -------------------
                         (clock clk_out1_clk_wiz_0 rise edge)
                                                      0.000     0.000 r  
    BUFGCTRL_X0Y0        BUFG                         0.000     0.000 r  main_clk_pll/inst/clkout1_buf/O
                         net (fo=162, routed)         0.549     0.549    lcd_inst/lcd_clk_pll/inst/clk_in1
    MMCME2_ADV_X0Y0      MMCME2_ADV (Prop_mmcme2_adv_CLKIN1_CLKOUT0)
                                                     -1.063    -0.515 r  lcd_inst/lcd_clk_pll/inst/mmcm_adv_inst/CLKOUT0
                         net (fo=1, routed)           0.489    -0.026    lcd_inst/lcd_clk_pll/inst/clk_out1_clk_wiz_0
    BUFGCTRL_X0Y1        BUFG (Prop_bufg_I_O)         0.026     0.000 r  lcd_inst/lcd_clk_pll/inst/clkout1_buf/O
                         net (fo=234, routed)         0.587     0.587    lcd_inst/cmd_ndata_writer/CLK
    SLICE_X5Y85          FDCE                                         r  lcd_inst/cmd_ndata_writer/done_reg/C
  -------------------------------------------------------------------    -------------------
    SLICE_X5Y85          FDCE (Prop_fdce_C_Q)         0.141     0.728 r  lcd_inst/cmd_ndata_writer/done_reg/Q
                         net (fo=6, routed)           0.335     1.063    lcd_inst/cmd_ndata_writer/cmd_ndata_done
    SLICE_X4Y84          LUT6 (Prop_lut6_I1_O)        0.045     1.108 r  lcd_inst/cmd_ndata_writer/state[2]_i_2/O
                         net (fo=3, routed)           0.317     1.425    lcd_inst/cmd_ndata_writer/state[2]_i_2_n_0
    SLICE_X4Y81          LUT4 (Prop_lut4_I2_O)        0.045     1.470 r  lcd_inst/cmd_ndata_writer/state[2]_i_1/O
                         net (fo=1, routed)           0.000     1.470    lcd_inst_n_0
    SLICE_X4Y81          FDCE                                         r  state_reg[2]/D
  -------------------------------------------------------------------    -------------------

                         (clock clk_out1_clk_wiz_1 rise edge)
                                                      0.000     0.000 r  
    BUFGCTRL_X0Y2        BUFG                         0.000     0.000 r  clk_IBUF_BUFG_inst/O
                         net (fo=187, routed)         0.817     0.817    main_clk_pll/inst/clk_in1
    MMCME2_ADV_X1Y0      MMCME2_ADV (Prop_mmcme2_adv_CLKIN1_CLKOUT0)
                                                     -1.375    -0.559 r  main_clk_pll/inst/mmcm_adv_inst/CLKOUT0
                         net (fo=1, routed)           0.530    -0.029    main_clk_pll/inst/clk_out1_clk_wiz_1
    BUFGCTRL_X0Y0        BUFG (Prop_bufg_I_O)         0.029     0.000 r  main_clk_pll/inst/clkout1_buf/O
                         net (fo=162, routed)         0.853     0.853    la_out_OBUF[5]
    SLICE_X4Y81          FDCE                                         r  state_reg[2]/C
                         clock pessimism              0.000     0.853    
                         clock uncertainty            0.373     1.225    
    SLICE_X4Y81          FDCE (Hold_fdce_C_D)         0.092     1.317    state_reg[2]
  -------------------------------------------------------------------
                         required time                         -1.317    
                         arrival time                           1.470    
  -------------------------------------------------------------------
                         slack                                  0.152    





--------------------------------------------------------------------------------------
Path Group:  (none)
From Clock:  
  To Clock:  

Max Delay           525 Endpoints
Min Delay           525 Endpoints
--------------------------------------------------------------------------------------


Max Delay Paths
--------------------------------------------------------------------------------------
Slack:                    inf
  Source:                 reset_n
                            (input port)
  Destination:            touch_en_reg/CLR
  Path Group:             (none)
  Path Type:              Max at Slow Process Corner
  Data Path Delay:        9.569ns  (logic 1.625ns (16.984%)  route 7.943ns (83.016%))
  Logic Levels:           2  (IBUF=1 LUT1=1)

    Location             Delay type                Incr(ns)  Path(ns)    Netlist Resource(s)
  -------------------------------------------------------------------    -------------------
    H18                                               0.000     0.000 r  reset_n (IN)
                         net (fo=0)                   0.000     0.000    reset_n
    H18                  IBUF (Prop_ibuf_I_O)         1.501     1.501 r  reset_n_IBUF_inst/O
                         net (fo=15, routed)          2.462     3.963    lcd_inst/cmd_ndata_writer/reset_n_IBUF
    SLICE_X9Y76          LUT1 (Prop_lut1_I0_O)        0.124     4.087 f  lcd_inst/cmd_ndata_writer/FSM_sequential_wr_substate[2]_i_2/O
                         net (fo=502, routed)         5.482     9.569    lcd_inst_n_31
    SLICE_X4Y60          FDCE                                         f  touch_en_reg/CLR
  -------------------------------------------------------------------    -------------------

Slack:                    inf
  Source:                 reset_n
                            (input port)
  Destination:            touch_inst/EN_CONV_reg/CLR
  Path Group:             (none)
  Path Type:              Max at Slow Process Corner
  Data Path Delay:        9.569ns  (logic 1.625ns (16.984%)  route 7.943ns (83.016%))
  Logic Levels:           2  (IBUF=1 LUT1=1)

    Location             Delay type                Incr(ns)  Path(ns)    Netlist Resource(s)
  -------------------------------------------------------------------    -------------------
    H18                                               0.000     0.000 r  reset_n (IN)
                         net (fo=0)                   0.000     0.000    reset_n
    H18                  IBUF (Prop_ibuf_I_O)         1.501     1.501 r  reset_n_IBUF_inst/O
                         net (fo=15, routed)          2.462     3.963    lcd_inst/cmd_ndata_writer/reset_n_IBUF
    SLICE_X9Y76          LUT1 (Prop_lut1_I0_O)        0.124     4.087 f  lcd_inst/cmd_ndata_writer/FSM_sequential_wr_substate[2]_i_2/O
                         net (fo=502, routed)         5.482     9.569    touch_inst/CONV_CNT_reg[5]_0
    SLICE_X4Y60          FDCE                                         f  touch_inst/EN_CONV_reg/CLR
  -------------------------------------------------------------------    -------------------

Slack:                    inf
  Source:                 reset_n
                            (input port)
  Destination:            touch_inst/DCLK2X_reg/CLR
  Path Group:             (none)
  Path Type:              Max at Slow Process Corner
  Data Path Delay:        9.438ns  (logic 1.625ns (17.219%)  route 7.813ns (82.781%))
  Logic Levels:           2  (IBUF=1 LUT1=1)

    Location             Delay type                Incr(ns)  Path(ns)    Netlist Resource(s)
  -------------------------------------------------------------------    -------------------
    H18                                               0.000     0.000 r  reset_n (IN)
                         net (fo=0)                   0.000     0.000    reset_n
    H18                  IBUF (Prop_ibuf_I_O)         1.501     1.501 r  reset_n_IBUF_inst/O
                         net (fo=15, routed)          2.462     3.963    lcd_inst/cmd_ndata_writer/reset_n_IBUF
    SLICE_X9Y76          LUT1 (Prop_lut1_I0_O)        0.124     4.087 f  lcd_inst/cmd_ndata_writer/FSM_sequential_wr_substate[2]_i_2/O
                         net (fo=502, routed)         5.351     9.438    touch_inst/CONV_CNT_reg[5]_0
    SLICE_X5Y55          FDCE                                         f  touch_inst/DCLK2X_reg/CLR
  -------------------------------------------------------------------    -------------------

Slack:                    inf
  Source:                 reset_n
                            (input port)
  Destination:            touch_inst/DIV_CNT_reg[0]/CLR
  Path Group:             (none)
  Path Type:              Max at Slow Process Corner
  Data Path Delay:        9.438ns  (logic 1.625ns (17.219%)  route 7.813ns (82.781%))
  Logic Levels:           2  (IBUF=1 LUT1=1)

    Location             Delay type                Incr(ns)  Path(ns)    Netlist Resource(s)
  -------------------------------------------------------------------    -------------------
    H18                                               0.000     0.000 r  reset_n (IN)
                         net (fo=0)                   0.000     0.000    reset_n
    H18                  IBUF (Prop_ibuf_I_O)         1.501     1.501 r  reset_n_IBUF_inst/O
                         net (fo=15, routed)          2.462     3.963    lcd_inst/cmd_ndata_writer/reset_n_IBUF
    SLICE_X9Y76          LUT1 (Prop_lut1_I0_O)        0.124     4.087 f  lcd_inst/cmd_ndata_writer/FSM_sequential_wr_substate[2]_i_2/O
                         net (fo=502, routed)         5.351     9.438    touch_inst/CONV_CNT_reg[5]_0
    SLICE_X5Y55          FDCE                                         f  touch_inst/DIV_CNT_reg[0]/CLR
  -------------------------------------------------------------------    -------------------

Slack:                    inf
  Source:                 reset_n
                            (input port)
  Destination:            touch_inst/DIV_CNT_reg[3]/CLR
  Path Group:             (none)
  Path Type:              Max at Slow Process Corner
  Data Path Delay:        9.438ns  (logic 1.625ns (17.219%)  route 7.813ns (82.781%))
  Logic Levels:           2  (IBUF=1 LUT1=1)

    Location             Delay type                Incr(ns)  Path(ns)    Netlist Resource(s)
  -------------------------------------------------------------------    -------------------
    H18                                               0.000     0.000 r  reset_n (IN)
                         net (fo=0)                   0.000     0.000    reset_n
    H18                  IBUF (Prop_ibuf_I_O)         1.501     1.501 r  reset_n_IBUF_inst/O
                         net (fo=15, routed)          2.462     3.963    lcd_inst/cmd_ndata_writer/reset_n_IBUF
    SLICE_X9Y76          LUT1 (Prop_lut1_I0_O)        0.124     4.087 f  lcd_inst/cmd_ndata_writer/FSM_sequential_wr_substate[2]_i_2/O
                         net (fo=502, routed)         5.351     9.438    touch_inst/CONV_CNT_reg[5]_0
    SLICE_X5Y55          FDCE                                         f  touch_inst/DIV_CNT_reg[3]/CLR
  -------------------------------------------------------------------    -------------------

Slack:                    inf
  Source:                 reset_n
                            (input port)
  Destination:            touch_inst/DIV_CNT_reg[4]/CLR
  Path Group:             (none)
  Path Type:              Max at Slow Process Corner
  Data Path Delay:        9.438ns  (logic 1.625ns (17.219%)  route 7.813ns (82.781%))
  Logic Levels:           2  (IBUF=1 LUT1=1)

    Location             Delay type                Incr(ns)  Path(ns)    Netlist Resource(s)
  -------------------------------------------------------------------    -------------------
    H18                                               0.000     0.000 r  reset_n (IN)
                         net (fo=0)                   0.000     0.000    reset_n
    H18                  IBUF (Prop_ibuf_I_O)         1.501     1.501 r  reset_n_IBUF_inst/O
                         net (fo=15, routed)          2.462     3.963    lcd_inst/cmd_ndata_writer/reset_n_IBUF
    SLICE_X9Y76          LUT1 (Prop_lut1_I0_O)        0.124     4.087 f  lcd_inst/cmd_ndata_writer/FSM_sequential_wr_substate[2]_i_2/O
                         net (fo=502, routed)         5.351     9.438    touch_inst/CONV_CNT_reg[5]_0
    SLICE_X5Y55          FDCE                                         f  touch_inst/DIV_CNT_reg[4]/CLR
  -------------------------------------------------------------------    -------------------

Slack:                    inf
  Source:                 reset_n
                            (input port)
  Destination:            touch_inst/DIV_CNT_reg[1]/CLR
  Path Group:             (none)
  Path Type:              Max at Slow Process Corner
  Data Path Delay:        9.437ns  (logic 1.625ns (17.221%)  route 7.812ns (82.779%))
  Logic Levels:           2  (IBUF=1 LUT1=1)

    Location             Delay type                Incr(ns)  Path(ns)    Netlist Resource(s)
  -------------------------------------------------------------------    -------------------
    H18                                               0.000     0.000 r  reset_n (IN)
                         net (fo=0)                   0.000     0.000    reset_n
    H18                  IBUF (Prop_ibuf_I_O)         1.501     1.501 r  reset_n_IBUF_inst/O
                         net (fo=15, routed)          2.462     3.963    lcd_inst/cmd_ndata_writer/reset_n_IBUF
    SLICE_X9Y76          LUT1 (Prop_lut1_I0_O)        0.124     4.087 f  lcd_inst/cmd_ndata_writer/FSM_sequential_wr_substate[2]_i_2/O
                         net (fo=502, routed)         5.350     9.437    touch_inst/CONV_CNT_reg[5]_0
    SLICE_X6Y55          FDCE                                         f  touch_inst/DIV_CNT_reg[1]/CLR
  -------------------------------------------------------------------    -------------------

Slack:                    inf
  Source:                 reset_n
                            (input port)
  Destination:            touch_inst/DIV_CNT_reg[2]/CLR
  Path Group:             (none)
  Path Type:              Max at Slow Process Corner
  Data Path Delay:        9.437ns  (logic 1.625ns (17.221%)  route 7.812ns (82.779%))
  Logic Levels:           2  (IBUF=1 LUT1=1)

    Location             Delay type                Incr(ns)  Path(ns)    Netlist Resource(s)
  -------------------------------------------------------------------    -------------------
    H18                                               0.000     0.000 r  reset_n (IN)
                         net (fo=0)                   0.000     0.000    reset_n
    H18                  IBUF (Prop_ibuf_I_O)         1.501     1.501 r  reset_n_IBUF_inst/O
                         net (fo=15, routed)          2.462     3.963    lcd_inst/cmd_ndata_writer/reset_n_IBUF
    SLICE_X9Y76          LUT1 (Prop_lut1_I0_O)        0.124     4.087 f  lcd_inst/cmd_ndata_writer/FSM_sequential_wr_substate[2]_i_2/O
                         net (fo=502, routed)         5.350     9.437    touch_inst/CONV_CNT_reg[5]_0
    SLICE_X6Y55          FDCE                                         f  touch_inst/DIV_CNT_reg[2]/CLR
  -------------------------------------------------------------------    -------------------

Slack:                    inf
  Source:                 reset_n
                            (input port)
  Destination:            touch_inst/CONV_CNT_reg[0]/CLR
  Path Group:             (none)
  Path Type:              Max at Slow Process Corner
  Data Path Delay:        9.434ns  (logic 1.625ns (17.226%)  route 7.809ns (82.774%))
  Logic Levels:           2  (IBUF=1 LUT1=1)

    Location             Delay type                Incr(ns)  Path(ns)    Netlist Resource(s)
  -------------------------------------------------------------------    -------------------
    H18                                               0.000     0.000 r  reset_n (IN)
                         net (fo=0)                   0.000     0.000    reset_n
    H18                  IBUF (Prop_ibuf_I_O)         1.501     1.501 r  reset_n_IBUF_inst/O
                         net (fo=15, routed)          2.462     3.963    lcd_inst/cmd_ndata_writer/reset_n_IBUF
    SLICE_X9Y76          LUT1 (Prop_lut1_I0_O)        0.124     4.087 f  lcd_inst/cmd_ndata_writer/FSM_sequential_wr_substate[2]_i_2/O
                         net (fo=502, routed)         5.347     9.434    touch_inst/CONV_CNT_reg[5]_0
    SLICE_X4Y59          FDCE                                         f  touch_inst/CONV_CNT_reg[0]/CLR
  -------------------------------------------------------------------    -------------------

Slack:                    inf
  Source:                 reset_n
                            (input port)
  Destination:            touch_inst/CONV_CNT_reg[1]/CLR
  Path Group:             (none)
  Path Type:              Max at Slow Process Corner
  Data Path Delay:        9.434ns  (logic 1.625ns (17.226%)  route 7.809ns (82.774%))
  Logic Levels:           2  (IBUF=1 LUT1=1)

    Location             Delay type                Incr(ns)  Path(ns)    Netlist Resource(s)
  -------------------------------------------------------------------    -------------------
    H18                                               0.000     0.000 r  reset_n (IN)
                         net (fo=0)                   0.000     0.000    reset_n
    H18                  IBUF (Prop_ibuf_I_O)         1.501     1.501 r  reset_n_IBUF_inst/O
                         net (fo=15, routed)          2.462     3.963    lcd_inst/cmd_ndata_writer/reset_n_IBUF
    SLICE_X9Y76          LUT1 (Prop_lut1_I0_O)        0.124     4.087 f  lcd_inst/cmd_ndata_writer/FSM_sequential_wr_substate[2]_i_2/O
                         net (fo=502, routed)         5.347     9.434    touch_inst/CONV_CNT_reg[5]_0
    SLICE_X4Y59          FDCE                                         f  touch_inst/CONV_CNT_reg[1]/CLR
  -------------------------------------------------------------------    -------------------





Min Delay Paths
--------------------------------------------------------------------------------------
Slack:                    inf
  Source:                 touch_inst/r_X_Value_reg[1]/C
                            (rising edge-triggered cell FDCE)
  Destination:            touch_inst/X_Value_reg[1]/D
  Path Group:             (none)
  Path Type:              Min at Fast Process Corner
  Data Path Delay:        0.273ns  (logic 0.164ns (59.982%)  route 0.109ns (40.018%))
  Logic Levels:           1  (FDCE=1)

    Location             Delay type                Incr(ns)  Path(ns)    Netlist Resource(s)
  -------------------------------------------------------------------    -------------------
    SLICE_X12Y60         FDCE                         0.000     0.000 r  touch_inst/r_X_Value_reg[1]/C
    SLICE_X12Y60         FDCE (Prop_fdce_C_Q)         0.164     0.164 r  touch_inst/r_X_Value_reg[1]/Q
                         net (fo=1, routed)           0.109     0.273    touch_inst/r_X_Value[1]
    SLICE_X13Y62         FDCE                                         r  touch_inst/X_Value_reg[1]/D
  -------------------------------------------------------------------    -------------------

Slack:                    inf
  Source:                 touch_inst/r_X_Value_reg[9]/C
                            (rising edge-triggered cell FDCE)
  Destination:            touch_inst/X_Value_reg[9]/D
  Path Group:             (none)
  Path Type:              Min at Fast Process Corner
  Data Path Delay:        0.274ns  (logic 0.164ns (59.853%)  route 0.110ns (40.147%))
  Logic Levels:           1  (FDCE=1)

    Location             Delay type                Incr(ns)  Path(ns)    Netlist Resource(s)
  -------------------------------------------------------------------    -------------------
    SLICE_X12Y62         FDCE                         0.000     0.000 r  touch_inst/r_X_Value_reg[9]/C
    SLICE_X12Y62         FDCE (Prop_fdce_C_Q)         0.164     0.164 r  touch_inst/r_X_Value_reg[9]/Q
                         net (fo=1, routed)           0.110     0.274    touch_inst/r_X_Value[9]
    SLICE_X13Y62         FDCE                                         r  touch_inst/X_Value_reg[9]/D
  -------------------------------------------------------------------    -------------------

Slack:                    inf
  Source:                 touch_inst/r_X_Value_reg[10]/C
                            (rising edge-triggered cell FDCE)
  Destination:            touch_inst/X_Value_reg[10]/D
  Path Group:             (none)
  Path Type:              Min at Fast Process Corner
  Data Path Delay:        0.280ns  (logic 0.164ns (58.537%)  route 0.116ns (41.463%))
  Logic Levels:           1  (FDCE=1)

    Location             Delay type                Incr(ns)  Path(ns)    Netlist Resource(s)
  -------------------------------------------------------------------    -------------------
    SLICE_X12Y62         FDCE                         0.000     0.000 r  touch_inst/r_X_Value_reg[10]/C
    SLICE_X12Y62         FDCE (Prop_fdce_C_Q)         0.164     0.164 r  touch_inst/r_X_Value_reg[10]/Q
                         net (fo=1, routed)           0.116     0.280    touch_inst/r_X_Value[10]
    SLICE_X12Y62         FDCE                                         r  touch_inst/X_Value_reg[10]/D
  -------------------------------------------------------------------    -------------------

Slack:                    inf
  Source:                 touch_inst/r_X_Value_reg[0]/C
                            (rising edge-triggered cell FDCE)
  Destination:            touch_inst/X_Value_reg[0]/D
  Path Group:             (none)
  Path Type:              Min at Fast Process Corner
  Data Path Delay:        0.280ns  (logic 0.164ns (58.521%)  route 0.116ns (41.479%))
  Logic Levels:           1  (FDCE=1)

    Location             Delay type                Incr(ns)  Path(ns)    Netlist Resource(s)
  -------------------------------------------------------------------    -------------------
    SLICE_X12Y60         FDCE                         0.000     0.000 r  touch_inst/r_X_Value_reg[0]/C
    SLICE_X12Y60         FDCE (Prop_fdce_C_Q)         0.164     0.164 r  touch_inst/r_X_Value_reg[0]/Q
                         net (fo=1, routed)           0.116     0.280    touch_inst/r_X_Value[0]
    SLICE_X13Y62         FDCE                                         r  touch_inst/X_Value_reg[0]/D
  -------------------------------------------------------------------    -------------------

Slack:                    inf
  Source:                 touch_inst/r_X_Value_reg[6]/C
                            (rising edge-triggered cell FDCE)
  Destination:            touch_inst/X_Value_reg[6]/D
  Path Group:             (none)
  Path Type:              Min at Fast Process Corner
  Data Path Delay:        0.298ns  (logic 0.164ns (55.040%)  route 0.134ns (44.960%))
  Logic Levels:           1  (FDCE=1)

    Location             Delay type                Incr(ns)  Path(ns)    Netlist Resource(s)
  -------------------------------------------------------------------    -------------------
    SLICE_X12Y61         FDCE                         0.000     0.000 r  touch_inst/r_X_Value_reg[6]/C
    SLICE_X12Y61         FDCE (Prop_fdce_C_Q)         0.164     0.164 r  touch_inst/r_X_Value_reg[6]/Q
                         net (fo=1, routed)           0.134     0.298    touch_inst/r_X_Value[6]
    SLICE_X10Y61         FDCE                                         r  touch_inst/X_Value_reg[6]/D
  -------------------------------------------------------------------    -------------------

Slack:                    inf
  Source:                 touch_inst/r_Y_Value_reg[0]/C
                            (rising edge-triggered cell FDCE)
  Destination:            touch_inst/Y_Value_reg[0]/D
  Path Group:             (none)
  Path Type:              Min at Fast Process Corner
  Data Path Delay:        0.310ns  (logic 0.141ns (45.458%)  route 0.169ns (54.542%))
  Logic Levels:           1  (FDCE=1)

    Location             Delay type                Incr(ns)  Path(ns)    Netlist Resource(s)
  -------------------------------------------------------------------    -------------------
    SLICE_X13Y59         FDCE                         0.000     0.000 r  touch_inst/r_Y_Value_reg[0]/C
    SLICE_X13Y59         FDCE (Prop_fdce_C_Q)         0.141     0.141 r  touch_inst/r_Y_Value_reg[0]/Q
                         net (fo=1, routed)           0.169     0.310    touch_inst/r_Y_Value[0]
    SLICE_X10Y60         FDCE                                         r  touch_inst/Y_Value_reg[0]/D
  -------------------------------------------------------------------    -------------------

Slack:                    inf
  Source:                 touch_inst/r_Y_Value_reg[8]/C
                            (rising edge-triggered cell FDCE)
  Destination:            touch_inst/Y_Value_reg[8]/D
  Path Group:             (none)
  Path Type:              Min at Fast Process Corner
  Data Path Delay:        0.311ns  (logic 0.141ns (45.385%)  route 0.170ns (54.615%))
  Logic Levels:           1  (FDCE=1)

    Location             Delay type                Incr(ns)  Path(ns)    Netlist Resource(s)
  -------------------------------------------------------------------    -------------------
    SLICE_X13Y61         FDCE                         0.000     0.000 r  touch_inst/r_Y_Value_reg[8]/C
    SLICE_X13Y61         FDCE (Prop_fdce_C_Q)         0.141     0.141 r  touch_inst/r_Y_Value_reg[8]/Q
                         net (fo=1, routed)           0.170     0.311    touch_inst/r_Y_Value[8]
    SLICE_X10Y61         FDCE                                         r  touch_inst/Y_Value_reg[8]/D
  -------------------------------------------------------------------    -------------------

Slack:                    inf
  Source:                 touch_inst/r_Y_Value_reg[6]/C
                            (rising edge-triggered cell FDCE)
  Destination:            touch_inst/Y_Value_reg[6]/D
  Path Group:             (none)
  Path Type:              Min at Fast Process Corner
  Data Path Delay:        0.312ns  (logic 0.141ns (45.259%)  route 0.171ns (54.741%))
  Logic Levels:           1  (FDCE=1)

    Location             Delay type                Incr(ns)  Path(ns)    Netlist Resource(s)
  -------------------------------------------------------------------    -------------------
    SLICE_X13Y60         FDCE                         0.000     0.000 r  touch_inst/r_Y_Value_reg[6]/C
    SLICE_X13Y60         FDCE (Prop_fdce_C_Q)         0.141     0.141 r  touch_inst/r_Y_Value_reg[6]/Q
                         net (fo=1, routed)           0.171     0.312    touch_inst/r_Y_Value[6]
    SLICE_X10Y61         FDCE                                         r  touch_inst/Y_Value_reg[6]/D
  -------------------------------------------------------------------    -------------------

Slack:                    inf
  Source:                 touch_inst/r_Y_Value_reg[3]/C
                            (rising edge-triggered cell FDCE)
  Destination:            touch_inst/Y_Value_reg[3]/D
  Path Group:             (none)
  Path Type:              Min at Fast Process Corner
  Data Path Delay:        0.312ns  (logic 0.141ns (45.201%)  route 0.171ns (54.799%))
  Logic Levels:           1  (FDCE=1)

    Location             Delay type                Incr(ns)  Path(ns)    Netlist Resource(s)
  -------------------------------------------------------------------    -------------------
    SLICE_X13Y59         FDCE                         0.000     0.000 r  touch_inst/r_Y_Value_reg[3]/C
    SLICE_X13Y59         FDCE (Prop_fdce_C_Q)         0.141     0.141 r  touch_inst/r_Y_Value_reg[3]/Q
                         net (fo=1, routed)           0.171     0.312    touch_inst/r_Y_Value[3]
    SLICE_X10Y60         FDCE                                         r  touch_inst/Y_Value_reg[3]/D
  -------------------------------------------------------------------    -------------------

Slack:                    inf
  Source:                 touch_inst/CONV_CNT_reg[2]/C
                            (rising edge-triggered cell FDCE)
  Destination:            touch_inst/CONV_CNT_reg[5]/D
  Path Group:             (none)
  Path Type:              Min at Fast Process Corner
  Data Path Delay:        0.329ns  (logic 0.186ns (56.516%)  route 0.143ns (43.484%))
  Logic Levels:           2  (FDCE=1 LUT6=1)

    Location             Delay type                Incr(ns)  Path(ns)    Netlist Resource(s)
  -------------------------------------------------------------------    -------------------
    SLICE_X5Y59          FDCE                         0.000     0.000 r  touch_inst/CONV_CNT_reg[2]/C
    SLICE_X5Y59          FDCE (Prop_fdce_C_Q)         0.141     0.141 r  touch_inst/CONV_CNT_reg[2]/Q
                         net (fo=6, routed)           0.143     0.284    touch_inst/CONV_CNT_reg__0[2]
    SLICE_X4Y59          LUT6 (Prop_lut6_I1_O)        0.045     0.329 r  touch_inst/CONV_CNT[5]_i_2/O
                         net (fo=1, routed)           0.000     0.329    touch_inst/p_0_in__0[5]
    SLICE_X4Y59          FDCE                                         r  touch_inst/CONV_CNT_reg[5]/D
  -------------------------------------------------------------------    -------------------





--------------------------------------------------------------------------------------
Path Group:  (none)
From Clock:  clk_out1_clk_wiz_0
  To Clock:  

Max Delay            22 Endpoints
Min Delay            22 Endpoints
--------------------------------------------------------------------------------------


Max Delay Paths
--------------------------------------------------------------------------------------
Slack:                    inf
  Source:                 lcd_inst/active_writer_reg[0]/C
                            (rising edge-triggered cell FDCE clocked by clk_out1_clk_wiz_0  {rise@0.000ns fall@10.000ns period=20.000ns})
  Destination:            LCD_DATA[13]
                            (output port)
  Path Group:             (none)
  Path Type:              Max at Slow Process Corner
  Data Path Delay:        9.466ns  (logic 4.146ns (43.794%)  route 5.321ns (56.206%))
  Logic Levels:           2  (LUT3=1 OBUFT=1)
  Clock Uncertainty:      0.264ns  ((TSJ^2 + DJ^2)^1/2) / 2 + PE
    Total System Jitter     (TSJ):    0.050ns
    Discrete Jitter          (DJ):    0.192ns
    Phase Error              (PE):    0.165ns

    Location             Delay type                Incr(ns)  Path(ns)    Netlist Resource(s)
  -------------------------------------------------------------------    -------------------
                         (clock clk_out1_clk_wiz_0 rise edge)
                                                      0.000     0.000 r  
    BUFGCTRL_X0Y0        BUFG                         0.000     0.000 r  main_clk_pll/inst/clkout1_buf/O
                         net (fo=162, routed)         1.574     1.574    lcd_inst/lcd_clk_pll/inst/clk_in1
    MMCME2_ADV_X0Y0      MMCME2_ADV (Prop_mmcme2_adv_CLKIN1_CLKOUT0)
                                                     -3.337    -1.762 r  lcd_inst/lcd_clk_pll/inst/mmcm_adv_inst/CLKOUT0
                         net (fo=1, routed)           1.666    -0.096    lcd_inst/lcd_clk_pll/inst/clk_out1_clk_wiz_0
    BUFGCTRL_X0Y1        BUFG (Prop_bufg_I_O)         0.096     0.000 r  lcd_inst/lcd_clk_pll/inst/clkout1_buf/O
                         net (fo=234, routed)         1.623     1.623    lcd_inst/clk_out1
    SLICE_X3Y88          FDCE                                         r  lcd_inst/active_writer_reg[0]/C
  -------------------------------------------------------------------    -------------------
    SLICE_X3Y88          FDCE (Prop_fdce_C_Q)         0.456     2.079 r  lcd_inst/active_writer_reg[0]/Q
                         net (fo=23, routed)          1.065     3.144    lcd_inst/active_writer_reg_n_0_[0]
    SLICE_X2Y86          LUT3 (Prop_lut3_I1_O)        0.124     3.268 f  lcd_inst/LCD_DATA_OBUFT[15]_inst_i_2/O
                         net (fo=16, routed)          4.256     7.524    LCD_DATA_TRI[0]
    F15                  OBUFT (TriStatE_obuft_T_O)
                                                      3.566    11.089 r  LCD_DATA_OBUFT[13]_inst/O
                         net (fo=0)                   0.000    11.089    LCD_DATA[13]
    F15                                                               r  LCD_DATA[13] (OUT)
  -------------------------------------------------------------------    -------------------

Slack:                    inf
  Source:                 lcd_inst/active_writer_reg[0]/C
                            (rising edge-triggered cell FDCE clocked by clk_out1_clk_wiz_0  {rise@0.000ns fall@10.000ns period=20.000ns})
  Destination:            LCD_DATA[8]
                            (output port)
  Path Group:             (none)
  Path Type:              Max at Slow Process Corner
  Data Path Delay:        9.330ns  (logic 4.150ns (44.476%)  route 5.180ns (55.524%))
  Logic Levels:           2  (LUT3=1 OBUFT=1)
  Clock Uncertainty:      0.264ns  ((TSJ^2 + DJ^2)^1/2) / 2 + PE
    Total System Jitter     (TSJ):    0.050ns
    Discrete Jitter          (DJ):    0.192ns
    Phase Error              (PE):    0.165ns

    Location             Delay type                Incr(ns)  Path(ns)    Netlist Resource(s)
  -------------------------------------------------------------------    -------------------
                         (clock clk_out1_clk_wiz_0 rise edge)
                                                      0.000     0.000 r  
    BUFGCTRL_X0Y0        BUFG                         0.000     0.000 r  main_clk_pll/inst/clkout1_buf/O
                         net (fo=162, routed)         1.574     1.574    lcd_inst/lcd_clk_pll/inst/clk_in1
    MMCME2_ADV_X0Y0      MMCME2_ADV (Prop_mmcme2_adv_CLKIN1_CLKOUT0)
                                                     -3.337    -1.762 r  lcd_inst/lcd_clk_pll/inst/mmcm_adv_inst/CLKOUT0
                         net (fo=1, routed)           1.666    -0.096    lcd_inst/lcd_clk_pll/inst/clk_out1_clk_wiz_0
    BUFGCTRL_X0Y1        BUFG (Prop_bufg_I_O)         0.096     0.000 r  lcd_inst/lcd_clk_pll/inst/clkout1_buf/O
                         net (fo=234, routed)         1.623     1.623    lcd_inst/clk_out1
    SLICE_X3Y88          FDCE                                         r  lcd_inst/active_writer_reg[0]/C
  -------------------------------------------------------------------    -------------------
    SLICE_X3Y88          FDCE (Prop_fdce_C_Q)         0.456     2.079 r  lcd_inst/active_writer_reg[0]/Q
                         net (fo=23, routed)          1.065     3.144    lcd_inst/active_writer_reg_n_0_[0]
    SLICE_X2Y86          LUT3 (Prop_lut3_I1_O)        0.124     3.268 f  lcd_inst/LCD_DATA_OBUFT[15]_inst_i_2/O
                         net (fo=16, routed)          4.116     7.383    LCD_DATA_TRI[0]
    G16                  OBUFT (TriStatE_obuft_T_O)
                                                      3.570    10.953 r  LCD_DATA_OBUFT[8]_inst/O
                         net (fo=0)                   0.000    10.953    LCD_DATA[8]
    G16                                                               r  LCD_DATA[8] (OUT)
  -------------------------------------------------------------------    -------------------

Slack:                    inf
  Source:                 lcd_inst/active_writer_reg[0]/C
                            (rising edge-triggered cell FDCE clocked by clk_out1_clk_wiz_0  {rise@0.000ns fall@10.000ns period=20.000ns})
  Destination:            LCD_DATA[10]
                            (output port)
  Path Group:             (none)
  Path Type:              Max at Slow Process Corner
  Data Path Delay:        9.179ns  (logic 4.149ns (45.198%)  route 5.030ns (54.802%))
  Logic Levels:           2  (LUT3=1 OBUFT=1)
  Clock Uncertainty:      0.264ns  ((TSJ^2 + DJ^2)^1/2) / 2 + PE
    Total System Jitter     (TSJ):    0.050ns
    Discrete Jitter          (DJ):    0.192ns
    Phase Error              (PE):    0.165ns

    Location             Delay type                Incr(ns)  Path(ns)    Netlist Resource(s)
  -------------------------------------------------------------------    -------------------
                         (clock clk_out1_clk_wiz_0 rise edge)
                                                      0.000     0.000 r  
    BUFGCTRL_X0Y0        BUFG                         0.000     0.000 r  main_clk_pll/inst/clkout1_buf/O
                         net (fo=162, routed)         1.574     1.574    lcd_inst/lcd_clk_pll/inst/clk_in1
    MMCME2_ADV_X0Y0      MMCME2_ADV (Prop_mmcme2_adv_CLKIN1_CLKOUT0)
                                                     -3.337    -1.762 r  lcd_inst/lcd_clk_pll/inst/mmcm_adv_inst/CLKOUT0
                         net (fo=1, routed)           1.666    -0.096    lcd_inst/lcd_clk_pll/inst/clk_out1_clk_wiz_0
    BUFGCTRL_X0Y1        BUFG (Prop_bufg_I_O)         0.096     0.000 r  lcd_inst/lcd_clk_pll/inst/clkout1_buf/O
                         net (fo=234, routed)         1.623     1.623    lcd_inst/clk_out1
    SLICE_X3Y88          FDCE                                         r  lcd_inst/active_writer_reg[0]/C
  -------------------------------------------------------------------    -------------------
    SLICE_X3Y88          FDCE (Prop_fdce_C_Q)         0.456     2.079 r  lcd_inst/active_writer_reg[0]/Q
                         net (fo=23, routed)          1.065     3.144    lcd_inst/active_writer_reg_n_0_[0]
    SLICE_X2Y86          LUT3 (Prop_lut3_I1_O)        0.124     3.268 f  lcd_inst/LCD_DATA_OBUFT[15]_inst_i_2/O
                         net (fo=16, routed)          3.966     7.233    LCD_DATA_TRI[0]
    H16                  OBUFT (TriStatE_obuft_T_O)
                                                      3.569    10.802 r  LCD_DATA_OBUFT[10]_inst/O
                         net (fo=0)                   0.000    10.802    LCD_DATA[10]
    H16                                                               r  LCD_DATA[10] (OUT)
  -------------------------------------------------------------------    -------------------

Slack:                    inf
  Source:                 lcd_inst/active_writer_reg[0]/C
                            (rising edge-triggered cell FDCE clocked by clk_out1_clk_wiz_0  {rise@0.000ns fall@10.000ns period=20.000ns})
  Destination:            LCD_DATA[12]
                            (output port)
  Path Group:             (none)
  Path Type:              Max at Slow Process Corner
  Data Path Delay:        8.912ns  (logic 4.173ns (46.821%)  route 4.739ns (53.179%))
  Logic Levels:           2  (LUT3=1 OBUFT=1)
  Clock Uncertainty:      0.264ns  ((TSJ^2 + DJ^2)^1/2) / 2 + PE
    Total System Jitter     (TSJ):    0.050ns
    Discrete Jitter          (DJ):    0.192ns
    Phase Error              (PE):    0.165ns

    Location             Delay type                Incr(ns)  Path(ns)    Netlist Resource(s)
  -------------------------------------------------------------------    -------------------
                         (clock clk_out1_clk_wiz_0 rise edge)
                                                      0.000     0.000 r  
    BUFGCTRL_X0Y0        BUFG                         0.000     0.000 r  main_clk_pll/inst/clkout1_buf/O
                         net (fo=162, routed)         1.574     1.574    lcd_inst/lcd_clk_pll/inst/clk_in1
    MMCME2_ADV_X0Y0      MMCME2_ADV (Prop_mmcme2_adv_CLKIN1_CLKOUT0)
                                                     -3.337    -1.762 r  lcd_inst/lcd_clk_pll/inst/mmcm_adv_inst/CLKOUT0
                         net (fo=1, routed)           1.666    -0.096    lcd_inst/lcd_clk_pll/inst/clk_out1_clk_wiz_0
    BUFGCTRL_X0Y1        BUFG (Prop_bufg_I_O)         0.096     0.000 r  lcd_inst/lcd_clk_pll/inst/clkout1_buf/O
                         net (fo=234, routed)         1.623     1.623    lcd_inst/clk_out1
    SLICE_X3Y88          FDCE                                         r  lcd_inst/active_writer_reg[0]/C
  -------------------------------------------------------------------    -------------------
    SLICE_X3Y88          FDCE (Prop_fdce_C_Q)         0.456     2.079 r  lcd_inst/active_writer_reg[0]/Q
                         net (fo=23, routed)          1.065     3.144    lcd_inst/active_writer_reg_n_0_[0]
    SLICE_X2Y86          LUT3 (Prop_lut3_I1_O)        0.124     3.268 f  lcd_inst/LCD_DATA_OBUFT[15]_inst_i_2/O
                         net (fo=16, routed)          3.675     6.942    LCD_DATA_TRI[0]
    C18                  OBUFT (TriStatE_obuft_T_O)
                                                      3.593    10.535 r  LCD_DATA_OBUFT[12]_inst/O
                         net (fo=0)                   0.000    10.535    LCD_DATA[12]
    C18                                                               r  LCD_DATA[12] (OUT)
  -------------------------------------------------------------------    -------------------

Slack:                    inf
  Source:                 lcd_inst/active_writer_reg[0]/C
                            (rising edge-triggered cell FDCE clocked by clk_out1_clk_wiz_0  {rise@0.000ns fall@10.000ns period=20.000ns})
  Destination:            LCD_DATA[15]
                            (output port)
  Path Group:             (none)
  Path Type:              Max at Slow Process Corner
  Data Path Delay:        8.771ns  (logic 4.181ns (47.673%)  route 4.589ns (52.326%))
  Logic Levels:           2  (LUT3=1 OBUFT=1)
  Clock Uncertainty:      0.264ns  ((TSJ^2 + DJ^2)^1/2) / 2 + PE
    Total System Jitter     (TSJ):    0.050ns
    Discrete Jitter          (DJ):    0.192ns
    Phase Error              (PE):    0.165ns

    Location             Delay type                Incr(ns)  Path(ns)    Netlist Resource(s)
  -------------------------------------------------------------------    -------------------
                         (clock clk_out1_clk_wiz_0 rise edge)
                                                      0.000     0.000 r  
    BUFGCTRL_X0Y0        BUFG                         0.000     0.000 r  main_clk_pll/inst/clkout1_buf/O
                         net (fo=162, routed)         1.574     1.574    lcd_inst/lcd_clk_pll/inst/clk_in1
    MMCME2_ADV_X0Y0      MMCME2_ADV (Prop_mmcme2_adv_CLKIN1_CLKOUT0)
                                                     -3.337    -1.762 r  lcd_inst/lcd_clk_pll/inst/mmcm_adv_inst/CLKOUT0
                         net (fo=1, routed)           1.666    -0.096    lcd_inst/lcd_clk_pll/inst/clk_out1_clk_wiz_0
    BUFGCTRL_X0Y1        BUFG (Prop_bufg_I_O)         0.096     0.000 r  lcd_inst/lcd_clk_pll/inst/clkout1_buf/O
                         net (fo=234, routed)         1.623     1.623    lcd_inst/clk_out1
    SLICE_X3Y88          FDCE                                         r  lcd_inst/active_writer_reg[0]/C
  -------------------------------------------------------------------    -------------------
    SLICE_X3Y88          FDCE (Prop_fdce_C_Q)         0.456     2.079 r  lcd_inst/active_writer_reg[0]/Q
                         net (fo=23, routed)          1.065     3.144    lcd_inst/active_writer_reg_n_0_[0]
    SLICE_X2Y86          LUT3 (Prop_lut3_I1_O)        0.124     3.268 f  lcd_inst/LCD_DATA_OBUFT[15]_inst_i_2/O
                         net (fo=16, routed)          3.525     6.792    LCD_DATA_TRI[0]
    C17                  OBUFT (TriStatE_obuft_T_O)
                                                      3.601    10.394 r  LCD_DATA_OBUFT[15]_inst/O
                         net (fo=0)                   0.000    10.394    LCD_DATA[15]
    C17                                                               r  LCD_DATA[15] (OUT)
  -------------------------------------------------------------------    -------------------

Slack:                    inf
  Source:                 lcd_inst/active_writer_reg[0]/C
                            (rising edge-triggered cell FDCE clocked by clk_out1_clk_wiz_0  {rise@0.000ns fall@10.000ns period=20.000ns})
  Destination:            LCD_DATA[14]
                            (output port)
  Path Group:             (none)
  Path Type:              Max at Slow Process Corner
  Data Path Delay:        8.600ns  (logic 4.161ns (48.384%)  route 4.439ns (51.616%))
  Logic Levels:           2  (LUT3=1 OBUFT=1)
  Clock Uncertainty:      0.264ns  ((TSJ^2 + DJ^2)^1/2) / 2 + PE
    Total System Jitter     (TSJ):    0.050ns
    Discrete Jitter          (DJ):    0.192ns
    Phase Error              (PE):    0.165ns

    Location             Delay type                Incr(ns)  Path(ns)    Netlist Resource(s)
  -------------------------------------------------------------------    -------------------
                         (clock clk_out1_clk_wiz_0 rise edge)
                                                      0.000     0.000 r  
    BUFGCTRL_X0Y0        BUFG                         0.000     0.000 r  main_clk_pll/inst/clkout1_buf/O
                         net (fo=162, routed)         1.574     1.574    lcd_inst/lcd_clk_pll/inst/clk_in1
    MMCME2_ADV_X0Y0      MMCME2_ADV (Prop_mmcme2_adv_CLKIN1_CLKOUT0)
                                                     -3.337    -1.762 r  lcd_inst/lcd_clk_pll/inst/mmcm_adv_inst/CLKOUT0
                         net (fo=1, routed)           1.666    -0.096    lcd_inst/lcd_clk_pll/inst/clk_out1_clk_wiz_0
    BUFGCTRL_X0Y1        BUFG (Prop_bufg_I_O)         0.096     0.000 r  lcd_inst/lcd_clk_pll/inst/clkout1_buf/O
                         net (fo=234, routed)         1.623     1.623    lcd_inst/clk_out1
    SLICE_X3Y88          FDCE                                         r  lcd_inst/active_writer_reg[0]/C
  -------------------------------------------------------------------    -------------------
    SLICE_X3Y88          FDCE (Prop_fdce_C_Q)         0.456     2.079 r  lcd_inst/active_writer_reg[0]/Q
                         net (fo=23, routed)          1.065     3.144    lcd_inst/active_writer_reg_n_0_[0]
    SLICE_X2Y86          LUT3 (Prop_lut3_I1_O)        0.124     3.268 f  lcd_inst/LCD_DATA_OBUFT[15]_inst_i_2/O
                         net (fo=16, routed)          3.375     6.642    LCD_DATA_TRI[0]
    E17                  OBUFT (TriStatE_obuft_T_O)
                                                      3.581    10.223 r  LCD_DATA_OBUFT[14]_inst/O
                         net (fo=0)                   0.000    10.223    LCD_DATA[14]
    E17                                                               r  LCD_DATA[14] (OUT)
  -------------------------------------------------------------------    -------------------

Slack:                    inf
  Source:                 lcd_inst/active_writer_reg[0]/C
                            (rising edge-triggered cell FDCE clocked by clk_out1_clk_wiz_0  {rise@0.000ns fall@10.000ns period=20.000ns})
  Destination:            LCD_DATA[2]
                            (output port)
  Path Group:             (none)
  Path Type:              Max at Slow Process Corner
  Data Path Delay:        8.470ns  (logic 4.181ns (49.361%)  route 4.289ns (50.639%))
  Logic Levels:           2  (LUT3=1 OBUFT=1)
  Clock Uncertainty:      0.264ns  ((TSJ^2 + DJ^2)^1/2) / 2 + PE
    Total System Jitter     (TSJ):    0.050ns
    Discrete Jitter          (DJ):    0.192ns
    Phase Error              (PE):    0.165ns

    Location             Delay type                Incr(ns)  Path(ns)    Netlist Resource(s)
  -------------------------------------------------------------------    -------------------
                         (clock clk_out1_clk_wiz_0 rise edge)
                                                      0.000     0.000 r  
    BUFGCTRL_X0Y0        BUFG                         0.000     0.000 r  main_clk_pll/inst/clkout1_buf/O
                         net (fo=162, routed)         1.574     1.574    lcd_inst/lcd_clk_pll/inst/clk_in1
    MMCME2_ADV_X0Y0      MMCME2_ADV (Prop_mmcme2_adv_CLKIN1_CLKOUT0)
                                                     -3.337    -1.762 r  lcd_inst/lcd_clk_pll/inst/mmcm_adv_inst/CLKOUT0
                         net (fo=1, routed)           1.666    -0.096    lcd_inst/lcd_clk_pll/inst/clk_out1_clk_wiz_0
    BUFGCTRL_X0Y1        BUFG (Prop_bufg_I_O)         0.096     0.000 r  lcd_inst/lcd_clk_pll/inst/clkout1_buf/O
                         net (fo=234, routed)         1.623     1.623    lcd_inst/clk_out1
    SLICE_X3Y88          FDCE                                         r  lcd_inst/active_writer_reg[0]/C
  -------------------------------------------------------------------    -------------------
    SLICE_X3Y88          FDCE (Prop_fdce_C_Q)         0.456     2.079 r  lcd_inst/active_writer_reg[0]/Q
                         net (fo=23, routed)          1.065     3.144    lcd_inst/active_writer_reg_n_0_[0]
    SLICE_X2Y86          LUT3 (Prop_lut3_I1_O)        0.124     3.268 f  lcd_inst/LCD_DATA_OBUFT[15]_inst_i_2/O
                         net (fo=16, routed)          3.225     6.492    LCD_DATA_TRI[0]
    B17                  OBUFT (TriStatE_obuft_T_O)
                                                      3.601    10.093 r  LCD_DATA_OBUFT[2]_inst/O
                         net (fo=0)                   0.000    10.093    LCD_DATA[2]
    B17                                                               r  LCD_DATA[2] (OUT)
  -------------------------------------------------------------------    -------------------

Slack:                    inf
  Source:                 lcd_inst/active_writer_reg[0]/C
                            (rising edge-triggered cell FDCE clocked by clk_out1_clk_wiz_0  {rise@0.000ns fall@10.000ns period=20.000ns})
  Destination:            LCD_DATA[5]
                            (output port)
  Path Group:             (none)
  Path Type:              Max at Slow Process Corner
  Data Path Delay:        8.320ns  (logic 4.181ns (50.252%)  route 4.139ns (49.748%))
  Logic Levels:           2  (LUT3=1 OBUFT=1)
  Clock Uncertainty:      0.264ns  ((TSJ^2 + DJ^2)^1/2) / 2 + PE
    Total System Jitter     (TSJ):    0.050ns
    Discrete Jitter          (DJ):    0.192ns
    Phase Error              (PE):    0.165ns

    Location             Delay type                Incr(ns)  Path(ns)    Netlist Resource(s)
  -------------------------------------------------------------------    -------------------
                         (clock clk_out1_clk_wiz_0 rise edge)
                                                      0.000     0.000 r  
    BUFGCTRL_X0Y0        BUFG                         0.000     0.000 r  main_clk_pll/inst/clkout1_buf/O
                         net (fo=162, routed)         1.574     1.574    lcd_inst/lcd_clk_pll/inst/clk_in1
    MMCME2_ADV_X0Y0      MMCME2_ADV (Prop_mmcme2_adv_CLKIN1_CLKOUT0)
                                                     -3.337    -1.762 r  lcd_inst/lcd_clk_pll/inst/mmcm_adv_inst/CLKOUT0
                         net (fo=1, routed)           1.666    -0.096    lcd_inst/lcd_clk_pll/inst/clk_out1_clk_wiz_0
    BUFGCTRL_X0Y1        BUFG (Prop_bufg_I_O)         0.096     0.000 r  lcd_inst/lcd_clk_pll/inst/clkout1_buf/O
                         net (fo=234, routed)         1.623     1.623    lcd_inst/clk_out1
    SLICE_X3Y88          FDCE                                         r  lcd_inst/active_writer_reg[0]/C
  -------------------------------------------------------------------    -------------------
    SLICE_X3Y88          FDCE (Prop_fdce_C_Q)         0.456     2.079 r  lcd_inst/active_writer_reg[0]/Q
                         net (fo=23, routed)          1.065     3.144    lcd_inst/active_writer_reg_n_0_[0]
    SLICE_X2Y86          LUT3 (Prop_lut3_I1_O)        0.124     3.268 f  lcd_inst/LCD_DATA_OBUFT[15]_inst_i_2/O
                         net (fo=16, routed)          3.075     6.342    LCD_DATA_TRI[0]
    C16                  OBUFT (TriStatE_obuft_T_O)
                                                      3.601     9.943 r  LCD_DATA_OBUFT[5]_inst/O
                         net (fo=0)                   0.000     9.943    LCD_DATA[5]
    C16                                                               r  LCD_DATA[5] (OUT)
  -------------------------------------------------------------------    -------------------

Slack:                    inf
  Source:                 lcd_inst/active_writer_reg[0]/C
                            (rising edge-triggered cell FDCE clocked by clk_out1_clk_wiz_0  {rise@0.000ns fall@10.000ns period=20.000ns})
  Destination:            LCD_DATA[7]
                            (output port)
  Path Group:             (none)
  Path Type:              Max at Slow Process Corner
  Data Path Delay:        8.168ns  (logic 4.179ns (51.162%)  route 3.989ns (48.838%))
  Logic Levels:           2  (LUT3=1 OBUFT=1)
  Clock Uncertainty:      0.264ns  ((TSJ^2 + DJ^2)^1/2) / 2 + PE
    Total System Jitter     (TSJ):    0.050ns
    Discrete Jitter          (DJ):    0.192ns
    Phase Error              (PE):    0.165ns

    Location             Delay type                Incr(ns)  Path(ns)    Netlist Resource(s)
  -------------------------------------------------------------------    -------------------
                         (clock clk_out1_clk_wiz_0 rise edge)
                                                      0.000     0.000 r  
    BUFGCTRL_X0Y0        BUFG                         0.000     0.000 r  main_clk_pll/inst/clkout1_buf/O
                         net (fo=162, routed)         1.574     1.574    lcd_inst/lcd_clk_pll/inst/clk_in1
    MMCME2_ADV_X0Y0      MMCME2_ADV (Prop_mmcme2_adv_CLKIN1_CLKOUT0)
                                                     -3.337    -1.762 r  lcd_inst/lcd_clk_pll/inst/mmcm_adv_inst/CLKOUT0
                         net (fo=1, routed)           1.666    -0.096    lcd_inst/lcd_clk_pll/inst/clk_out1_clk_wiz_0
    BUFGCTRL_X0Y1        BUFG (Prop_bufg_I_O)         0.096     0.000 r  lcd_inst/lcd_clk_pll/inst/clkout1_buf/O
                         net (fo=234, routed)         1.623     1.623    lcd_inst/clk_out1
    SLICE_X3Y88          FDCE                                         r  lcd_inst/active_writer_reg[0]/C
  -------------------------------------------------------------------    -------------------
    SLICE_X3Y88          FDCE (Prop_fdce_C_Q)         0.456     2.079 r  lcd_inst/active_writer_reg[0]/Q
                         net (fo=23, routed)          1.065     3.144    lcd_inst/active_writer_reg_n_0_[0]
    SLICE_X2Y86          LUT3 (Prop_lut3_I1_O)        0.124     3.268 f  lcd_inst/LCD_DATA_OBUFT[15]_inst_i_2/O
                         net (fo=16, routed)          2.925     6.192    LCD_DATA_TRI[0]
    A17                  OBUFT (TriStatE_obuft_T_O)
                                                      3.599     9.791 r  LCD_DATA_OBUFT[7]_inst/O
                         net (fo=0)                   0.000     9.791    LCD_DATA[7]
    A17                                                               r  LCD_DATA[7] (OUT)
  -------------------------------------------------------------------    -------------------

Slack:                    inf
  Source:                 lcd_inst/cmd_ndata_writer/LCD_DATA_reg[9]/C
                            (rising edge-triggered cell FDCE clocked by clk_out1_clk_wiz_0  {rise@0.000ns fall@10.000ns period=20.000ns})
  Destination:            LCD_DATA[9]
                            (output port)
  Path Group:             (none)
  Path Type:              Max at Slow Process Corner
  Data Path Delay:        8.105ns  (logic 4.217ns (52.025%)  route 3.889ns (47.975%))
  Logic Levels:           2  (LUT6=1 OBUFT=1)
  Clock Uncertainty:      0.264ns  ((TSJ^2 + DJ^2)^1/2) / 2 + PE
    Total System Jitter     (TSJ):    0.050ns
    Discrete Jitter          (DJ):    0.192ns
    Phase Error              (PE):    0.165ns

    Location             Delay type                Incr(ns)  Path(ns)    Netlist Resource(s)
  -------------------------------------------------------------------    -------------------
                         (clock clk_out1_clk_wiz_0 rise edge)
                                                      0.000     0.000 r  
    BUFGCTRL_X0Y0        BUFG                         0.000     0.000 r  main_clk_pll/inst/clkout1_buf/O
                         net (fo=162, routed)         1.574     1.574    lcd_inst/lcd_clk_pll/inst/clk_in1
    MMCME2_ADV_X0Y0      MMCME2_ADV (Prop_mmcme2_adv_CLKIN1_CLKOUT0)
                                                     -3.337    -1.762 r  lcd_inst/lcd_clk_pll/inst/mmcm_adv_inst/CLKOUT0
                         net (fo=1, routed)           1.666    -0.096    lcd_inst/lcd_clk_pll/inst/clk_out1_clk_wiz_0
    BUFGCTRL_X0Y1        BUFG (Prop_bufg_I_O)         0.096     0.000 r  lcd_inst/lcd_clk_pll/inst/clkout1_buf/O
                         net (fo=234, routed)         1.612     1.612    lcd_inst/cmd_ndata_writer/CLK
    SLICE_X2Y71          FDCE                                         r  lcd_inst/cmd_ndata_writer/LCD_DATA_reg[9]/C
  -------------------------------------------------------------------    -------------------
    SLICE_X2Y71          FDCE (Prop_fdce_C_Q)         0.518     2.130 r  lcd_inst/cmd_ndata_writer/LCD_DATA_reg[9]/Q
                         net (fo=5, routed)           1.741     3.871    lcd_inst/cmd_data_writer/LCD_DATA[12][1]
    SLICE_X3Y87          LUT6 (Prop_lut6_I5_O)        0.124     3.995 r  lcd_inst/cmd_data_writer/LCD_DATA_OBUFT[9]_inst_i_1/O
                         net (fo=1, routed)           2.148     6.143    LCD_DATA_OBUF[9]
    D16                  OBUFT (Prop_obuft_I_O)       3.575     9.717 r  LCD_DATA_OBUFT[9]_inst/O
                         net (fo=0)                   0.000     9.717    LCD_DATA[9]
    D16                                                               r  LCD_DATA[9] (OUT)
  -------------------------------------------------------------------    -------------------





Min Delay Paths
--------------------------------------------------------------------------------------
Slack:                    inf
  Source:                 lcd_inst/LCD_RESET_reg_reg/C
                            (rising edge-triggered cell FDCE clocked by clk_out1_clk_wiz_0  {rise@0.000ns fall@10.000ns period=20.000ns})
  Destination:            LCD_RESET
                            (output port)
  Path Group:             (none)
  Path Type:              Min at Fast Process Corner
  Data Path Delay:        1.767ns  (logic 1.415ns (80.050%)  route 0.353ns (19.950%))
  Logic Levels:           1  (OBUF=1)
  Clock Uncertainty:      0.264ns  ((TSJ^2 + DJ^2)^1/2) / 2 + PE
    Total System Jitter     (TSJ):    0.050ns
    Discrete Jitter          (DJ):    0.192ns
    Phase Error              (PE):    0.165ns

    Location             Delay type                Incr(ns)  Path(ns)    Netlist Resource(s)
  -------------------------------------------------------------------    -------------------
                         (clock clk_out1_clk_wiz_0 rise edge)
                                                      0.000     0.000 r  
    BUFGCTRL_X0Y0        BUFG                         0.000     0.000 r  main_clk_pll/inst/clkout1_buf/O
                         net (fo=162, routed)         0.549     0.549    lcd_inst/lcd_clk_pll/inst/clk_in1
    MMCME2_ADV_X0Y0      MMCME2_ADV (Prop_mmcme2_adv_CLKIN1_CLKOUT0)
                                                     -1.063    -0.515 r  lcd_inst/lcd_clk_pll/inst/mmcm_adv_inst/CLKOUT0
                         net (fo=1, routed)           0.489    -0.026    lcd_inst/lcd_clk_pll/inst/clk_out1_clk_wiz_0
    BUFGCTRL_X0Y1        BUFG (Prop_bufg_I_O)         0.026     0.000 r  lcd_inst/lcd_clk_pll/inst/clkout1_buf/O
                         net (fo=234, routed)         0.589     0.589    lcd_inst/clk_out1
    SLICE_X1Y85          FDCE                                         r  lcd_inst/LCD_RESET_reg_reg/C
  -------------------------------------------------------------------    -------------------
    SLICE_X1Y85          FDCE (Prop_fdce_C_Q)         0.141     0.730 r  lcd_inst/LCD_RESET_reg_reg/Q
                         net (fo=1, routed)           0.353     1.082    LCD_RESET_OBUF
    C14                  OBUF (Prop_obuf_I_O)         1.274     2.356 r  LCD_RESET_OBUF_inst/O
                         net (fo=0)                   0.000     2.356    LCD_RESET
    C14                                                               r  LCD_RESET (OUT)
  -------------------------------------------------------------------    -------------------

Slack:                    inf
  Source:                 lcd_inst/active_writer_reg[2]/C
                            (rising edge-triggered cell FDCE clocked by clk_out1_clk_wiz_0  {rise@0.000ns fall@10.000ns period=20.000ns})
  Destination:            LCD_DATA[1]
                            (output port)
  Path Group:             (none)
  Path Type:              Min at Fast Process Corner
  Data Path Delay:        1.929ns  (logic 1.010ns (52.349%)  route 0.919ns (47.651%))
  Logic Levels:           2  (LUT3=1 OBUFT=1)
  Clock Uncertainty:      0.264ns  ((TSJ^2 + DJ^2)^1/2) / 2 + PE
    Total System Jitter     (TSJ):    0.050ns
    Discrete Jitter          (DJ):    0.192ns
    Phase Error              (PE):    0.165ns

    Location             Delay type                Incr(ns)  Path(ns)    Netlist Resource(s)
  -------------------------------------------------------------------    -------------------
                         (clock clk_out1_clk_wiz_0 rise edge)
                                                      0.000     0.000 r  
    BUFGCTRL_X0Y0        BUFG                         0.000     0.000 r  main_clk_pll/inst/clkout1_buf/O
                         net (fo=162, routed)         0.549     0.549    lcd_inst/lcd_clk_pll/inst/clk_in1
    MMCME2_ADV_X0Y0      MMCME2_ADV (Prop_mmcme2_adv_CLKIN1_CLKOUT0)
                                                     -1.063    -0.515 r  lcd_inst/lcd_clk_pll/inst/mmcm_adv_inst/CLKOUT0
                         net (fo=1, routed)           0.489    -0.026    lcd_inst/lcd_clk_pll/inst/clk_out1_clk_wiz_0
    BUFGCTRL_X0Y1        BUFG (Prop_bufg_I_O)         0.026     0.000 r  lcd_inst/lcd_clk_pll/inst/clkout1_buf/O
                         net (fo=234, routed)         0.591     0.591    lcd_inst/clk_out1
    SLICE_X3Y88          FDCE                                         r  lcd_inst/active_writer_reg[2]/C
  -------------------------------------------------------------------    -------------------
    SLICE_X3Y88          FDCE (Prop_fdce_C_Q)         0.141     0.732 r  lcd_inst/active_writer_reg[2]/Q
                         net (fo=23, routed)          0.297     1.029    lcd_inst/active_writer_reg_n_0_[2]
    SLICE_X2Y86          LUT3 (Prop_lut3_I0_O)        0.045     1.074 r  lcd_inst/LCD_DATA_OBUFT[15]_inst_i_2/O
                         net (fo=16, routed)          0.622     1.696    LCD_DATA_TRI[0]
    A14                  OBUFT (TriStatD_obuft_T_O)
                                                      0.824     2.520 r  LCD_DATA_OBUFT[1]_inst/O
                         net (fo=0)                   0.000     2.520    LCD_DATA[1]
    A14                                                               r  LCD_DATA[1] (OUT)
  -------------------------------------------------------------------    -------------------

Slack:                    inf
  Source:                 lcd_inst/LCD_BL_reg_reg/C
                            (rising edge-triggered cell FDCE clocked by clk_out1_clk_wiz_0  {rise@0.000ns fall@10.000ns period=20.000ns})
  Destination:            LCD_BL
                            (output port)
  Path Group:             (none)
  Path Type:              Min at Fast Process Corner
  Data Path Delay:        2.023ns  (logic 1.420ns (70.172%)  route 0.603ns (29.828%))
  Logic Levels:           1  (OBUF=1)
  Clock Uncertainty:      0.264ns  ((TSJ^2 + DJ^2)^1/2) / 2 + PE
    Total System Jitter     (TSJ):    0.050ns
    Discrete Jitter          (DJ):    0.192ns
    Phase Error              (PE):    0.165ns

    Location             Delay type                Incr(ns)  Path(ns)    Netlist Resource(s)
  -------------------------------------------------------------------    -------------------
                         (clock clk_out1_clk_wiz_0 rise edge)
                                                      0.000     0.000 r  
    BUFGCTRL_X0Y0        BUFG                         0.000     0.000 r  main_clk_pll/inst/clkout1_buf/O
                         net (fo=162, routed)         0.549     0.549    lcd_inst/lcd_clk_pll/inst/clk_in1
    MMCME2_ADV_X0Y0      MMCME2_ADV (Prop_mmcme2_adv_CLKIN1_CLKOUT0)
                                                     -1.063    -0.515 r  lcd_inst/lcd_clk_pll/inst/mmcm_adv_inst/CLKOUT0
                         net (fo=1, routed)           0.489    -0.026    lcd_inst/lcd_clk_pll/inst/clk_out1_clk_wiz_0
    BUFGCTRL_X0Y1        BUFG (Prop_bufg_I_O)         0.026     0.000 r  lcd_inst/lcd_clk_pll/inst/clkout1_buf/O
                         net (fo=234, routed)         0.581     0.581    lcd_inst/clk_out1
    SLICE_X2Y76          FDCE                                         r  lcd_inst/LCD_BL_reg_reg/C
  -------------------------------------------------------------------    -------------------
    SLICE_X2Y76          FDCE (Prop_fdce_C_Q)         0.164     0.745 r  lcd_inst/LCD_BL_reg_reg/Q
                         net (fo=1, routed)           0.603     1.348    LCD_BL_OBUF
    G15                  OBUF (Prop_obuf_I_O)         1.256     2.604 r  LCD_BL_OBUF_inst/O
                         net (fo=0)                   0.000     2.604    LCD_BL
    G15                                                               r  LCD_BL (OUT)
  -------------------------------------------------------------------    -------------------

Slack:                    inf
  Source:                 lcd_inst/cmd_writer/LCD_DATA_reg[3]/C
                            (rising edge-triggered cell FDRE clocked by clk_out1_clk_wiz_0  {rise@0.000ns fall@10.000ns period=20.000ns})
  Destination:            LCD_DATA[3]
                            (output port)
  Path Group:             (none)
  Path Type:              Min at Fast Process Corner
  Data Path Delay:        2.055ns  (logic 1.499ns (72.971%)  route 0.555ns (27.029%))
  Logic Levels:           2  (LUT6=1 OBUFT=1)
  Clock Uncertainty:      0.264ns  ((TSJ^2 + DJ^2)^1/2) / 2 + PE
    Total System Jitter     (TSJ):    0.050ns
    Discrete Jitter          (DJ):    0.192ns
    Phase Error              (PE):    0.165ns

    Location             Delay type                Incr(ns)  Path(ns)    Netlist Resource(s)
  -------------------------------------------------------------------    -------------------
                         (clock clk_out1_clk_wiz_0 rise edge)
                                                      0.000     0.000 r  
    BUFGCTRL_X0Y0        BUFG                         0.000     0.000 r  main_clk_pll/inst/clkout1_buf/O
                         net (fo=162, routed)         0.549     0.549    lcd_inst/lcd_clk_pll/inst/clk_in1
    MMCME2_ADV_X0Y0      MMCME2_ADV (Prop_mmcme2_adv_CLKIN1_CLKOUT0)
                                                     -1.063    -0.515 r  lcd_inst/lcd_clk_pll/inst/mmcm_adv_inst/CLKOUT0
                         net (fo=1, routed)           0.489    -0.026    lcd_inst/lcd_clk_pll/inst/clk_out1_clk_wiz_0
    BUFGCTRL_X0Y1        BUFG (Prop_bufg_I_O)         0.026     0.000 r  lcd_inst/lcd_clk_pll/inst/clkout1_buf/O
                         net (fo=234, routed)         0.591     0.591    lcd_inst/cmd_writer/clk_out1
    SLICE_X2Y88          FDRE                                         r  lcd_inst/cmd_writer/LCD_DATA_reg[3]/C
  -------------------------------------------------------------------    -------------------
    SLICE_X2Y88          FDRE (Prop_fdre_C_Q)         0.164     0.755 r  lcd_inst/cmd_writer/LCD_DATA_reg[3]/Q
                         net (fo=1, routed)           0.052     0.807    lcd_inst/cmd_data_writer/LCD_DATA[15][3]
    SLICE_X3Y88          LUT6 (Prop_lut6_I2_O)        0.045     0.852 r  lcd_inst/cmd_data_writer/LCD_DATA_OBUFT[3]_inst_i_1/O
                         net (fo=1, routed)           0.503     1.355    LCD_DATA_OBUF[3]
    A15                  OBUFT (Prop_obuft_I_O)       1.290     2.646 r  LCD_DATA_OBUFT[3]_inst/O
                         net (fo=0)                   0.000     2.646    LCD_DATA[3]
    A15                                                               r  LCD_DATA[3] (OUT)
  -------------------------------------------------------------------    -------------------

Slack:                    inf
  Source:                 lcd_inst/cmd_writer/LCD_DATA_reg[11]/C
                            (rising edge-triggered cell FDRE clocked by clk_out1_clk_wiz_0  {rise@0.000ns fall@10.000ns period=20.000ns})
  Destination:            LCD_DATA[11]
                            (output port)
  Path Group:             (none)
  Path Type:              Min at Fast Process Corner
  Data Path Delay:        2.096ns  (logic 1.469ns (70.075%)  route 0.627ns (29.925%))
  Logic Levels:           2  (LUT6=1 OBUFT=1)
  Clock Uncertainty:      0.264ns  ((TSJ^2 + DJ^2)^1/2) / 2 + PE
    Total System Jitter     (TSJ):    0.050ns
    Discrete Jitter          (DJ):    0.192ns
    Phase Error              (PE):    0.165ns

    Location             Delay type                Incr(ns)  Path(ns)    Netlist Resource(s)
  -------------------------------------------------------------------    -------------------
                         (clock clk_out1_clk_wiz_0 rise edge)
                                                      0.000     0.000 r  
    BUFGCTRL_X0Y0        BUFG                         0.000     0.000 r  main_clk_pll/inst/clkout1_buf/O
                         net (fo=162, routed)         0.549     0.549    lcd_inst/lcd_clk_pll/inst/clk_in1
    MMCME2_ADV_X0Y0      MMCME2_ADV (Prop_mmcme2_adv_CLKIN1_CLKOUT0)
                                                     -1.063    -0.515 r  lcd_inst/lcd_clk_pll/inst/mmcm_adv_inst/CLKOUT0
                         net (fo=1, routed)           0.489    -0.026    lcd_inst/lcd_clk_pll/inst/clk_out1_clk_wiz_0
    BUFGCTRL_X0Y1        BUFG (Prop_bufg_I_O)         0.026     0.000 r  lcd_inst/lcd_clk_pll/inst/clkout1_buf/O
                         net (fo=234, routed)         0.589     0.589    lcd_inst/cmd_writer/clk_out1
    SLICE_X0Y86          FDRE                                         r  lcd_inst/cmd_writer/LCD_DATA_reg[11]/C
  -------------------------------------------------------------------    -------------------
    SLICE_X0Y86          FDRE (Prop_fdre_C_Q)         0.141     0.730 r  lcd_inst/cmd_writer/LCD_DATA_reg[11]/Q
                         net (fo=1, routed)           0.101     0.831    lcd_inst/cmd_data_writer/LCD_DATA[15][9]
    SLICE_X2Y85          LUT6 (Prop_lut6_I2_O)        0.045     0.876 r  lcd_inst/cmd_data_writer/LCD_DATA_OBUFT[11]_inst_i_1/O
                         net (fo=1, routed)           0.526     1.402    LCD_DATA_OBUF[11]
    E16                  OBUFT (Prop_obuft_I_O)       1.283     2.685 r  LCD_DATA_OBUFT[11]_inst/O
                         net (fo=0)                   0.000     2.685    LCD_DATA[11]
    E16                                                               r  LCD_DATA[11] (OUT)
  -------------------------------------------------------------------    -------------------

Slack:                    inf
  Source:                 lcd_inst/active_writer_reg[2]/C
                            (rising edge-triggered cell FDCE clocked by clk_out1_clk_wiz_0  {rise@0.000ns fall@10.000ns period=20.000ns})
  Destination:            LCD_WR
                            (output port)
  Path Group:             (none)
  Path Type:              Min at Fast Process Corner
  Data Path Delay:        2.098ns  (logic 1.491ns (71.038%)  route 0.608ns (28.962%))
  Logic Levels:           2  (LUT6=1 OBUF=1)
  Clock Uncertainty:      0.264ns  ((TSJ^2 + DJ^2)^1/2) / 2 + PE
    Total System Jitter     (TSJ):    0.050ns
    Discrete Jitter          (DJ):    0.192ns
    Phase Error              (PE):    0.165ns

    Location             Delay type                Incr(ns)  Path(ns)    Netlist Resource(s)
  -------------------------------------------------------------------    -------------------
                         (clock clk_out1_clk_wiz_0 rise edge)
                                                      0.000     0.000 r  
    BUFGCTRL_X0Y0        BUFG                         0.000     0.000 r  main_clk_pll/inst/clkout1_buf/O
                         net (fo=162, routed)         0.549     0.549    lcd_inst/lcd_clk_pll/inst/clk_in1
    MMCME2_ADV_X0Y0      MMCME2_ADV (Prop_mmcme2_adv_CLKIN1_CLKOUT0)
                                                     -1.063    -0.515 r  lcd_inst/lcd_clk_pll/inst/mmcm_adv_inst/CLKOUT0
                         net (fo=1, routed)           0.489    -0.026    lcd_inst/lcd_clk_pll/inst/clk_out1_clk_wiz_0
    BUFGCTRL_X0Y1        BUFG (Prop_bufg_I_O)         0.026     0.000 r  lcd_inst/lcd_clk_pll/inst/clkout1_buf/O
                         net (fo=234, routed)         0.591     0.591    lcd_inst/clk_out1
    SLICE_X3Y88          FDCE                                         r  lcd_inst/active_writer_reg[2]/C
  -------------------------------------------------------------------    -------------------
    SLICE_X3Y88          FDCE (Prop_fdce_C_Q)         0.141     0.732 r  lcd_inst/active_writer_reg[2]/Q
                         net (fo=23, routed)          0.124     0.855    lcd_inst/cmd_writer/LCD_WR
    SLICE_X2Y88          LUT6 (Prop_lut6_I2_O)        0.045     0.900 r  lcd_inst/cmd_writer/LCD_WR_OBUF_inst_i_1/O
                         net (fo=1, routed)           0.484     1.384    LCD_WR_OBUF
    C13                  OBUF (Prop_obuf_I_O)         1.305     2.689 r  LCD_WR_OBUF_inst/O
                         net (fo=0)                   0.000     2.689    LCD_WR
    C13                                                               r  LCD_WR (OUT)
  -------------------------------------------------------------------    -------------------

Slack:                    inf
  Source:                 lcd_inst/cmd_writer/LCD_DATA_reg[9]/C
                            (rising edge-triggered cell FDRE clocked by clk_out1_clk_wiz_0  {rise@0.000ns fall@10.000ns period=20.000ns})
  Destination:            LCD_DATA[9]
                            (output port)
  Path Group:             (none)
  Path Type:              Min at Fast Process Corner
  Data Path Delay:        2.123ns  (logic 1.461ns (68.819%)  route 0.662ns (31.181%))
  Logic Levels:           2  (LUT6=1 OBUFT=1)
  Clock Uncertainty:      0.264ns  ((TSJ^2 + DJ^2)^1/2) / 2 + PE
    Total System Jitter     (TSJ):    0.050ns
    Discrete Jitter          (DJ):    0.192ns
    Phase Error              (PE):    0.165ns

    Location             Delay type                Incr(ns)  Path(ns)    Netlist Resource(s)
  -------------------------------------------------------------------    -------------------
                         (clock clk_out1_clk_wiz_0 rise edge)
                                                      0.000     0.000 r  
    BUFGCTRL_X0Y0        BUFG                         0.000     0.000 r  main_clk_pll/inst/clkout1_buf/O
                         net (fo=162, routed)         0.549     0.549    lcd_inst/lcd_clk_pll/inst/clk_in1
    MMCME2_ADV_X0Y0      MMCME2_ADV (Prop_mmcme2_adv_CLKIN1_CLKOUT0)
                                                     -1.063    -0.515 r  lcd_inst/lcd_clk_pll/inst/mmcm_adv_inst/CLKOUT0
                         net (fo=1, routed)           0.489    -0.026    lcd_inst/lcd_clk_pll/inst/clk_out1_clk_wiz_0
    BUFGCTRL_X0Y1        BUFG (Prop_bufg_I_O)         0.026     0.000 r  lcd_inst/lcd_clk_pll/inst/clkout1_buf/O
                         net (fo=234, routed)         0.589     0.589    lcd_inst/cmd_writer/clk_out1
    SLICE_X4Y88          FDRE                                         r  lcd_inst/cmd_writer/LCD_DATA_reg[9]/C
  -------------------------------------------------------------------    -------------------
    SLICE_X4Y88          FDRE (Prop_fdre_C_Q)         0.141     0.730 r  lcd_inst/cmd_writer/LCD_DATA_reg[9]/Q
                         net (fo=1, routed)           0.110     0.840    lcd_inst/cmd_data_writer/LCD_DATA[15][7]
    SLICE_X3Y87          LUT6 (Prop_lut6_I2_O)        0.045     0.885 r  lcd_inst/cmd_data_writer/LCD_DATA_OBUFT[9]_inst_i_1/O
                         net (fo=1, routed)           0.552     1.437    LCD_DATA_OBUF[9]
    D16                  OBUFT (Prop_obuft_I_O)       1.275     2.712 r  LCD_DATA_OBUFT[9]_inst/O
                         net (fo=0)                   0.000     2.712    LCD_DATA[9]
    D16                                                               r  LCD_DATA[9] (OUT)
  -------------------------------------------------------------------    -------------------

Slack:                    inf
  Source:                 lcd_inst/cmd_ndata_writer/LCD_RS_reg/C
                            (rising edge-triggered cell FDCE clocked by clk_out1_clk_wiz_0  {rise@0.000ns fall@10.000ns period=20.000ns})
  Destination:            LCD_RS
                            (output port)
  Path Group:             (none)
  Path Type:              Min at Fast Process Corner
  Data Path Delay:        2.159ns  (logic 1.503ns (69.597%)  route 0.656ns (30.403%))
  Logic Levels:           2  (LUT5=1 OBUF=1)
  Clock Uncertainty:      0.264ns  ((TSJ^2 + DJ^2)^1/2) / 2 + PE
    Total System Jitter     (TSJ):    0.050ns
    Discrete Jitter          (DJ):    0.192ns
    Phase Error              (PE):    0.165ns

    Location             Delay type                Incr(ns)  Path(ns)    Netlist Resource(s)
  -------------------------------------------------------------------    -------------------
                         (clock clk_out1_clk_wiz_0 rise edge)
                                                      0.000     0.000 r  
    BUFGCTRL_X0Y0        BUFG                         0.000     0.000 r  main_clk_pll/inst/clkout1_buf/O
                         net (fo=162, routed)         0.549     0.549    lcd_inst/lcd_clk_pll/inst/clk_in1
    MMCME2_ADV_X0Y0      MMCME2_ADV (Prop_mmcme2_adv_CLKIN1_CLKOUT0)
                                                     -1.063    -0.515 r  lcd_inst/lcd_clk_pll/inst/mmcm_adv_inst/CLKOUT0
                         net (fo=1, routed)           0.489    -0.026    lcd_inst/lcd_clk_pll/inst/clk_out1_clk_wiz_0
    BUFGCTRL_X0Y1        BUFG (Prop_bufg_I_O)         0.026     0.000 r  lcd_inst/lcd_clk_pll/inst/clkout1_buf/O
                         net (fo=234, routed)         0.587     0.587    lcd_inst/cmd_ndata_writer/CLK
    SLICE_X5Y85          FDCE                                         r  lcd_inst/cmd_ndata_writer/LCD_RS_reg/C
  -------------------------------------------------------------------    -------------------
    SLICE_X5Y85          FDCE (Prop_fdce_C_Q)         0.128     0.715 r  lcd_inst/cmd_ndata_writer/LCD_RS_reg/Q
                         net (fo=2, routed)           0.238     0.952    lcd_inst/cmd_ndata_writer/cmd_ndata_LCD_RS
    SLICE_X4Y85          LUT5 (Prop_lut5_I0_O)        0.099     1.051 r  lcd_inst/cmd_ndata_writer/LCD_RS_OBUF_inst_i_1/O
                         net (fo=1, routed)           0.419     1.470    LCD_RS_OBUF
    B14                  OBUF (Prop_obuf_I_O)         1.276     2.746 r  LCD_RS_OBUF_inst/O
                         net (fo=0)                   0.000     2.746    LCD_RS
    B14                                                               r  LCD_RS (OUT)
  -------------------------------------------------------------------    -------------------

Slack:                    inf
  Source:                 lcd_inst/cmd_data_writer/LCD_DATA_reg[14]/C
                            (rising edge-triggered cell FDRE clocked by clk_out1_clk_wiz_0  {rise@0.000ns fall@10.000ns period=20.000ns})
  Destination:            LCD_DATA[14]
                            (output port)
  Path Group:             (none)
  Path Type:              Min at Fast Process Corner
  Data Path Delay:        2.158ns  (logic 1.452ns (67.305%)  route 0.705ns (32.695%))
  Logic Levels:           2  (LUT6=1 OBUFT=1)
  Clock Uncertainty:      0.264ns  ((TSJ^2 + DJ^2)^1/2) / 2 + PE
    Total System Jitter     (TSJ):    0.050ns
    Discrete Jitter          (DJ):    0.192ns
    Phase Error              (PE):    0.165ns

    Location             Delay type                Incr(ns)  Path(ns)    Netlist Resource(s)
  -------------------------------------------------------------------    -------------------
                         (clock clk_out1_clk_wiz_0 rise edge)
                                                      0.000     0.000 r  
    BUFGCTRL_X0Y0        BUFG                         0.000     0.000 r  main_clk_pll/inst/clkout1_buf/O
                         net (fo=162, routed)         0.549     0.549    lcd_inst/lcd_clk_pll/inst/clk_in1
    MMCME2_ADV_X0Y0      MMCME2_ADV (Prop_mmcme2_adv_CLKIN1_CLKOUT0)
                                                     -1.063    -0.515 r  lcd_inst/lcd_clk_pll/inst/mmcm_adv_inst/CLKOUT0
                         net (fo=1, routed)           0.489    -0.026    lcd_inst/lcd_clk_pll/inst/clk_out1_clk_wiz_0
    BUFGCTRL_X0Y1        BUFG (Prop_bufg_I_O)         0.026     0.000 r  lcd_inst/lcd_clk_pll/inst/clkout1_buf/O
                         net (fo=234, routed)         0.590     0.590    lcd_inst/cmd_data_writer/CLK
    SLICE_X3Y87          FDRE                                         r  lcd_inst/cmd_data_writer/LCD_DATA_reg[14]/C
  -------------------------------------------------------------------    -------------------
    SLICE_X3Y87          FDRE (Prop_fdre_C_Q)         0.141     0.731 r  lcd_inst/cmd_data_writer/LCD_DATA_reg[14]/Q
                         net (fo=1, routed)           0.054     0.785    lcd_inst/cmd_data_writer/LCD_DATA_reg_n_0_[14]
    SLICE_X2Y87          LUT6 (Prop_lut6_I0_O)        0.045     0.830 r  lcd_inst/cmd_data_writer/LCD_DATA_OBUFT[14]_inst_i_1/O
                         net (fo=1, routed)           0.651     1.481    LCD_DATA_OBUF[14]
    E17                  OBUFT (Prop_obuft_I_O)       1.266     2.747 r  LCD_DATA_OBUFT[14]_inst/O
                         net (fo=0)                   0.000     2.747    LCD_DATA[14]
    E17                                                               r  LCD_DATA[14] (OUT)
  -------------------------------------------------------------------    -------------------

Slack:                    inf
  Source:                 lcd_inst/cmd_data_writer/LCD_DATA_reg[4]/C
                            (rising edge-triggered cell FDRE clocked by clk_out1_clk_wiz_0  {rise@0.000ns fall@10.000ns period=20.000ns})
  Destination:            LCD_DATA[4]
                            (output port)
  Path Group:             (none)
  Path Type:              Min at Fast Process Corner
  Data Path Delay:        2.160ns  (logic 1.462ns (67.655%)  route 0.699ns (32.345%))
  Logic Levels:           2  (LUT6=1 OBUFT=1)
  Clock Uncertainty:      0.264ns  ((TSJ^2 + DJ^2)^1/2) / 2 + PE
    Total System Jitter     (TSJ):    0.050ns
    Discrete Jitter          (DJ):    0.192ns
    Phase Error              (PE):    0.165ns

    Location             Delay type                Incr(ns)  Path(ns)    Netlist Resource(s)
  -------------------------------------------------------------------    -------------------
                         (clock clk_out1_clk_wiz_0 rise edge)
                                                      0.000     0.000 r  
    BUFGCTRL_X0Y0        BUFG                         0.000     0.000 r  main_clk_pll/inst/clkout1_buf/O
                         net (fo=162, routed)         0.549     0.549    lcd_inst/lcd_clk_pll/inst/clk_in1
    MMCME2_ADV_X0Y0      MMCME2_ADV (Prop_mmcme2_adv_CLKIN1_CLKOUT0)
                                                     -1.063    -0.515 r  lcd_inst/lcd_clk_pll/inst/mmcm_adv_inst/CLKOUT0
                         net (fo=1, routed)           0.489    -0.026    lcd_inst/lcd_clk_pll/inst/clk_out1_clk_wiz_0
    BUFGCTRL_X0Y1        BUFG (Prop_bufg_I_O)         0.026     0.000 r  lcd_inst/lcd_clk_pll/inst/clkout1_buf/O
                         net (fo=234, routed)         0.588     0.588    lcd_inst/cmd_data_writer/CLK
    SLICE_X4Y87          FDRE                                         r  lcd_inst/cmd_data_writer/LCD_DATA_reg[4]/C
  -------------------------------------------------------------------    -------------------
    SLICE_X4Y87          FDRE (Prop_fdre_C_Q)         0.141     0.729 r  lcd_inst/cmd_data_writer/LCD_DATA_reg[4]/Q
                         net (fo=1, routed)           0.147     0.876    lcd_inst/cmd_data_writer/LCD_DATA_reg_n_0_[4]
    SLICE_X3Y87          LUT6 (Prop_lut6_I0_O)        0.045     0.921 r  lcd_inst/cmd_data_writer/LCD_DATA_OBUFT[4]_inst_i_1/O
                         net (fo=1, routed)           0.552     1.473    LCD_DATA_OBUF[4]
    D15                  OBUFT (Prop_obuft_I_O)       1.276     2.748 r  LCD_DATA_OBUFT[4]_inst/O
                         net (fo=0)                   0.000     2.748    LCD_DATA[4]
    D15                                                               r  LCD_DATA[4] (OUT)
  -------------------------------------------------------------------    -------------------





--------------------------------------------------------------------------------------
Path Group:  (none)
From Clock:  clk_out1_clk_wiz_1
  To Clock:  

Max Delay             8 Endpoints
Min Delay             8 Endpoints
--------------------------------------------------------------------------------------


Max Delay Paths
--------------------------------------------------------------------------------------
Slack:                    inf
  Source:                 main_clk_pll/inst/mmcm_adv_inst/CLKOUT0
                            (clock source 'clk_out1_clk_wiz_1'  {rise@0.000ns fall@41.667ns period=83.333ns})
  Destination:            la_out[5]
                            (output port)
  Path Group:             (none)
  Path Type:              Max at Slow Process Corner
  Data Path Delay:        8.273ns  (logic 3.685ns (44.542%)  route 4.588ns (55.458%))
  Logic Levels:           2  (BUFG=1 OBUF=1)
  Clock Uncertainty:      0.302ns  ((TSJ^2 + DJ^2)^1/2) / 2 + PE
    Total System Jitter     (TSJ):    0.050ns
    Discrete Jitter          (DJ):    0.273ns
    Phase Error              (PE):    0.163ns

    Location             Delay type                Incr(ns)  Path(ns)    Netlist Resource(s)
  -------------------------------------------------------------------    -------------------
                         (clock clk_out1_clk_wiz_1 fall edge)
                                                     41.667    41.667 f  
    BUFGCTRL_X0Y2        BUFG                         0.000    41.667 f  clk_IBUF_BUFG_inst/O
                         net (fo=187, routed)         1.575    43.242    main_clk_pll/inst/clk_in1
  -------------------------------------------------------------------    -------------------
    MMCME2_ADV_X1Y0      MMCME2_ADV (Prop_mmcme2_adv_CLKIN1_CLKOUT0)
                                                     -3.333    39.909 f  main_clk_pll/inst/mmcm_adv_inst/CLKOUT0
                         net (fo=1, routed)           1.661    41.571    main_clk_pll/inst/clk_out1_clk_wiz_1
    BUFGCTRL_X0Y0        BUFG (Prop_bufg_I_O)         0.096    41.667 f  main_clk_pll/inst/clkout1_buf/O
                         net (fo=162, routed)         2.927    44.593    la_out_OBUF[5]
    A10                  OBUF (Prop_obuf_I_O)         3.589    48.183 f  la_out_OBUF[5]_inst/O
                         net (fo=0)                   0.000    48.183    la_out[5]
    A10                                                               f  la_out[5] (OUT)
  -------------------------------------------------------------------    -------------------

Slack:                    inf
  Source:                 draw_step_reg[4]/C
                            (rising edge-triggered cell FDCE clocked by clk_out1_clk_wiz_1  {rise@0.000ns fall@41.667ns period=83.333ns})
  Destination:            la_out[4]
                            (output port)
  Path Group:             (none)
  Path Type:              Max at Slow Process Corner
  Data Path Delay:        7.259ns  (logic 4.069ns (56.052%)  route 3.190ns (43.948%))
  Logic Levels:           1  (OBUF=1)
  Clock Uncertainty:      0.302ns  ((TSJ^2 + DJ^2)^1/2) / 2 + PE
    Total System Jitter     (TSJ):    0.050ns
    Discrete Jitter          (DJ):    0.273ns
    Phase Error              (PE):    0.163ns

    Location             Delay type                Incr(ns)  Path(ns)    Netlist Resource(s)
  -------------------------------------------------------------------    -------------------
                         (clock clk_out1_clk_wiz_1 rise edge)
                                                      0.000     0.000 r  
    BUFGCTRL_X0Y2        BUFG                         0.000     0.000 r  clk_IBUF_BUFG_inst/O
                         net (fo=187, routed)         1.575     1.575    main_clk_pll/inst/clk_in1
    MMCME2_ADV_X1Y0      MMCME2_ADV (Prop_mmcme2_adv_CLKIN1_CLKOUT0)
                                                     -3.333    -1.757 r  main_clk_pll/inst/mmcm_adv_inst/CLKOUT0
                         net (fo=1, routed)           1.661    -0.096    main_clk_pll/inst/clk_out1_clk_wiz_1
    BUFGCTRL_X0Y0        BUFG (Prop_bufg_I_O)         0.096    -0.000 r  main_clk_pll/inst/clkout1_buf/O
                         net (fo=162, routed)         1.614     1.614    la_out_OBUF[5]
    SLICE_X4Y82          FDCE                                         r  draw_step_reg[4]/C
  -------------------------------------------------------------------    -------------------
    SLICE_X4Y82          FDCE (Prop_fdce_C_Q)         0.456     2.070 r  draw_step_reg[4]/Q
                         net (fo=67, routed)          3.190     5.260    la_out_OBUF[4]
    C9                   OBUF (Prop_obuf_I_O)         3.613     8.873 r  la_out_OBUF[4]_inst/O
                         net (fo=0)                   0.000     8.873    la_out[4]
    C9                                                                r  la_out[4] (OUT)
  -------------------------------------------------------------------    -------------------

Slack:                    inf
  Source:                 draw_step_reg[0]/C
                            (rising edge-triggered cell FDCE clocked by clk_out1_clk_wiz_1  {rise@0.000ns fall@41.667ns period=83.333ns})
  Destination:            la_out[0]
                            (output port)
  Path Group:             (none)
  Path Type:              Max at Slow Process Corner
  Data Path Delay:        6.744ns  (logic 4.002ns (59.334%)  route 2.743ns (40.666%))
  Logic Levels:           1  (OBUF=1)
  Clock Uncertainty:      0.302ns  ((TSJ^2 + DJ^2)^1/2) / 2 + PE
    Total System Jitter     (TSJ):    0.050ns
    Discrete Jitter          (DJ):    0.273ns
    Phase Error              (PE):    0.163ns

    Location             Delay type                Incr(ns)  Path(ns)    Netlist Resource(s)
  -------------------------------------------------------------------    -------------------
                         (clock clk_out1_clk_wiz_1 rise edge)
                                                      0.000     0.000 r  
    BUFGCTRL_X0Y2        BUFG                         0.000     0.000 r  clk_IBUF_BUFG_inst/O
                         net (fo=187, routed)         1.575     1.575    main_clk_pll/inst/clk_in1
    MMCME2_ADV_X1Y0      MMCME2_ADV (Prop_mmcme2_adv_CLKIN1_CLKOUT0)
                                                     -3.333    -1.757 r  main_clk_pll/inst/mmcm_adv_inst/CLKOUT0
                         net (fo=1, routed)           1.661    -0.096    main_clk_pll/inst/clk_out1_clk_wiz_1
    BUFGCTRL_X0Y0        BUFG (Prop_bufg_I_O)         0.096    -0.000 r  main_clk_pll/inst/clkout1_buf/O
                         net (fo=162, routed)         1.615     1.615    la_out_OBUF[5]
    SLICE_X3Y81          FDCE                                         r  draw_step_reg[0]/C
  -------------------------------------------------------------------    -------------------
    SLICE_X3Y81          FDCE (Prop_fdce_C_Q)         0.456     2.071 r  draw_step_reg[0]/Q
                         net (fo=74, routed)          2.743     4.814    la_out_OBUF[0]
    F14                  OBUF (Prop_obuf_I_O)         3.546     8.359 r  la_out_OBUF[0]_inst/O
                         net (fo=0)                   0.000     8.359    la_out[0]
    F14                                                               r  la_out[0] (OUT)
  -------------------------------------------------------------------    -------------------

Slack:                    inf
  Source:                 draw_step_reg[2]/C
                            (rising edge-triggered cell FDCE clocked by clk_out1_clk_wiz_1  {rise@0.000ns fall@41.667ns period=83.333ns})
  Destination:            la_out[2]
                            (output port)
  Path Group:             (none)
  Path Type:              Max at Slow Process Corner
  Data Path Delay:        6.450ns  (logic 4.055ns (62.862%)  route 2.396ns (37.138%))
  Logic Levels:           1  (OBUF=1)
  Clock Uncertainty:      0.302ns  ((TSJ^2 + DJ^2)^1/2) / 2 + PE
    Total System Jitter     (TSJ):    0.050ns
    Discrete Jitter          (DJ):    0.273ns
    Phase Error              (PE):    0.163ns

    Location             Delay type                Incr(ns)  Path(ns)    Netlist Resource(s)
  -------------------------------------------------------------------    -------------------
                         (clock clk_out1_clk_wiz_1 rise edge)
                                                      0.000     0.000 r  
    BUFGCTRL_X0Y2        BUFG                         0.000     0.000 r  clk_IBUF_BUFG_inst/O
                         net (fo=187, routed)         1.575     1.575    main_clk_pll/inst/clk_in1
    MMCME2_ADV_X1Y0      MMCME2_ADV (Prop_mmcme2_adv_CLKIN1_CLKOUT0)
                                                     -3.333    -1.757 r  main_clk_pll/inst/mmcm_adv_inst/CLKOUT0
                         net (fo=1, routed)           1.661    -0.096    main_clk_pll/inst/clk_out1_clk_wiz_1
    BUFGCTRL_X0Y0        BUFG (Prop_bufg_I_O)         0.096    -0.000 r  main_clk_pll/inst/clkout1_buf/O
                         net (fo=162, routed)         1.614     1.614    la_out_OBUF[5]
    SLICE_X4Y82          FDCE                                         r  draw_step_reg[2]/C
  -------------------------------------------------------------------    -------------------
    SLICE_X4Y82          FDCE (Prop_fdce_C_Q)         0.456     2.070 r  draw_step_reg[2]/Q
                         net (fo=81, routed)          2.396     4.466    la_out_OBUF[2]
    C11                  OBUF (Prop_obuf_I_O)         3.599     8.064 r  la_out_OBUF[2]_inst/O
                         net (fo=0)                   0.000     8.064    la_out[2]
    C11                                                               r  la_out[2] (OUT)
  -------------------------------------------------------------------    -------------------

Slack:                    inf
  Source:                 draw_step_reg[1]/C
                            (rising edge-triggered cell FDCE clocked by clk_out1_clk_wiz_1  {rise@0.000ns fall@41.667ns period=83.333ns})
  Destination:            la_out[1]
                            (output port)
  Path Group:             (none)
  Path Type:              Max at Slow Process Corner
  Data Path Delay:        6.443ns  (logic 4.061ns (63.029%)  route 2.382ns (36.971%))
  Logic Levels:           1  (OBUF=1)
  Clock Uncertainty:      0.302ns  ((TSJ^2 + DJ^2)^1/2) / 2 + PE
    Total System Jitter     (TSJ):    0.050ns
    Discrete Jitter          (DJ):    0.273ns
    Phase Error              (PE):    0.163ns

    Location             Delay type                Incr(ns)  Path(ns)    Netlist Resource(s)
  -------------------------------------------------------------------    -------------------
                         (clock clk_out1_clk_wiz_1 rise edge)
                                                      0.000     0.000 r  
    BUFGCTRL_X0Y2        BUFG                         0.000     0.000 r  clk_IBUF_BUFG_inst/O
                         net (fo=187, routed)         1.575     1.575    main_clk_pll/inst/clk_in1
    MMCME2_ADV_X1Y0      MMCME2_ADV (Prop_mmcme2_adv_CLKIN1_CLKOUT0)
                                                     -3.333    -1.757 r  main_clk_pll/inst/mmcm_adv_inst/CLKOUT0
                         net (fo=1, routed)           1.661    -0.096    main_clk_pll/inst/clk_out1_clk_wiz_1
    BUFGCTRL_X0Y0        BUFG (Prop_bufg_I_O)         0.096    -0.000 r  main_clk_pll/inst/clkout1_buf/O
                         net (fo=162, routed)         1.614     1.614    la_out_OBUF[5]
    SLICE_X4Y82          FDCE                                         r  draw_step_reg[1]/C
  -------------------------------------------------------------------    -------------------
    SLICE_X4Y82          FDCE (Prop_fdce_C_Q)         0.456     2.070 r  draw_step_reg[1]/Q
                         net (fo=85, routed)          2.382     4.452    la_out_OBUF[1]
    B12                  OBUF (Prop_obuf_I_O)         3.605     8.057 r  la_out_OBUF[1]_inst/O
                         net (fo=0)                   0.000     8.057    la_out[1]
    B12                                                               r  la_out[1] (OUT)
  -------------------------------------------------------------------    -------------------

Slack:                    inf
  Source:                 draw_step_reg[3]/C
                            (rising edge-triggered cell FDCE clocked by clk_out1_clk_wiz_1  {rise@0.000ns fall@41.667ns period=83.333ns})
  Destination:            la_out[3]
                            (output port)
  Path Group:             (none)
  Path Type:              Max at Slow Process Corner
  Data Path Delay:        6.096ns  (logic 4.043ns (66.317%)  route 2.053ns (33.683%))
  Logic Levels:           1  (OBUF=1)
  Clock Uncertainty:      0.302ns  ((TSJ^2 + DJ^2)^1/2) / 2 + PE
    Total System Jitter     (TSJ):    0.050ns
    Discrete Jitter          (DJ):    0.273ns
    Phase Error              (PE):    0.163ns

    Location             Delay type                Incr(ns)  Path(ns)    Netlist Resource(s)
  -------------------------------------------------------------------    -------------------
                         (clock clk_out1_clk_wiz_1 rise edge)
                                                      0.000     0.000 r  
    BUFGCTRL_X0Y2        BUFG                         0.000     0.000 r  clk_IBUF_BUFG_inst/O
                         net (fo=187, routed)         1.575     1.575    main_clk_pll/inst/clk_in1
    MMCME2_ADV_X1Y0      MMCME2_ADV (Prop_mmcme2_adv_CLKIN1_CLKOUT0)
                                                     -3.333    -1.757 r  main_clk_pll/inst/mmcm_adv_inst/CLKOUT0
                         net (fo=1, routed)           1.661    -0.096    main_clk_pll/inst/clk_out1_clk_wiz_1
    BUFGCTRL_X0Y0        BUFG (Prop_bufg_I_O)         0.096    -0.000 r  main_clk_pll/inst/clkout1_buf/O
                         net (fo=162, routed)         1.616     1.616    la_out_OBUF[5]
    SLICE_X5Y84          FDCE                                         r  draw_step_reg[3]/C
  -------------------------------------------------------------------    -------------------
    SLICE_X5Y84          FDCE (Prop_fdce_C_Q)         0.456     2.072 r  draw_step_reg[3]/Q
                         net (fo=78, routed)          2.053     4.125    la_out_OBUF[3]
    D11                  OBUF (Prop_obuf_I_O)         3.587     7.712 r  la_out_OBUF[3]_inst/O
                         net (fo=0)                   0.000     7.712    la_out[3]
    D11                                                               r  la_out[3] (OUT)
  -------------------------------------------------------------------    -------------------

Slack:                    inf
  Source:                 led_1_reg_reg/C
                            (rising edge-triggered cell FDRE clocked by clk_out1_clk_wiz_1  {rise@0.000ns fall@41.667ns period=83.333ns})
  Destination:            led_1
                            (output port)
  Path Group:             (none)
  Path Type:              Max at Slow Process Corner
  Data Path Delay:        6.002ns  (logic 4.132ns (68.840%)  route 1.870ns (31.160%))
  Logic Levels:           1  (OBUF=1)
  Clock Uncertainty:      0.302ns  ((TSJ^2 + DJ^2)^1/2) / 2 + PE
    Total System Jitter     (TSJ):    0.050ns
    Discrete Jitter          (DJ):    0.273ns
    Phase Error              (PE):    0.163ns

    Location             Delay type                Incr(ns)  Path(ns)    Netlist Resource(s)
  -------------------------------------------------------------------    -------------------
                         (clock clk_out1_clk_wiz_1 rise edge)
                                                      0.000     0.000 r  
    BUFGCTRL_X0Y2        BUFG                         0.000     0.000 r  clk_IBUF_BUFG_inst/O
                         net (fo=187, routed)         1.575     1.575    main_clk_pll/inst/clk_in1
    MMCME2_ADV_X1Y0      MMCME2_ADV (Prop_mmcme2_adv_CLKIN1_CLKOUT0)
                                                     -3.333    -1.757 r  main_clk_pll/inst/mmcm_adv_inst/CLKOUT0
                         net (fo=1, routed)           1.661    -0.096    main_clk_pll/inst/clk_out1_clk_wiz_1
    BUFGCTRL_X0Y0        BUFG (Prop_bufg_I_O)         0.096    -0.000 r  main_clk_pll/inst/clkout1_buf/O
                         net (fo=162, routed)         1.625     1.625    la_out_OBUF[5]
    SLICE_X2Y91          FDRE                                         r  led_1_reg_reg/C
  -------------------------------------------------------------------    -------------------
    SLICE_X2Y91          FDRE (Prop_fdre_C_Q)         0.518     2.143 r  led_1_reg_reg/Q
                         net (fo=2, routed)           1.870     4.013    led_1_OBUF
    C8                   OBUF (Prop_obuf_I_O)         3.614     7.627 r  led_1_OBUF_inst/O
                         net (fo=0)                   0.000     7.627    led_1
    C8                                                                r  led_1 (OUT)
  -------------------------------------------------------------------    -------------------

Slack:                    inf
  Source:                 need_update_reg/C
                            (rising edge-triggered cell FDCE clocked by clk_out1_clk_wiz_1  {rise@0.000ns fall@41.667ns period=83.333ns})
  Destination:            la_out[6]
                            (output port)
  Path Group:             (none)
  Path Type:              Max at Slow Process Corner
  Data Path Delay:        5.949ns  (logic 4.041ns (67.922%)  route 1.908ns (32.078%))
  Logic Levels:           1  (OBUF=1)
  Clock Uncertainty:      0.302ns  ((TSJ^2 + DJ^2)^1/2) / 2 + PE
    Total System Jitter     (TSJ):    0.050ns
    Discrete Jitter          (DJ):    0.273ns
    Phase Error              (PE):    0.163ns

    Location             Delay type                Incr(ns)  Path(ns)    Netlist Resource(s)
  -------------------------------------------------------------------    -------------------
                         (clock clk_out1_clk_wiz_1 rise edge)
                                                      0.000     0.000 r  
    BUFGCTRL_X0Y2        BUFG                         0.000     0.000 r  clk_IBUF_BUFG_inst/O
                         net (fo=187, routed)         1.575     1.575    main_clk_pll/inst/clk_in1
    MMCME2_ADV_X1Y0      MMCME2_ADV (Prop_mmcme2_adv_CLKIN1_CLKOUT0)
                                                     -3.333    -1.757 r  main_clk_pll/inst/mmcm_adv_inst/CLKOUT0
                         net (fo=1, routed)           1.661    -0.096    main_clk_pll/inst/clk_out1_clk_wiz_1
    BUFGCTRL_X0Y0        BUFG (Prop_bufg_I_O)         0.096    -0.000 r  main_clk_pll/inst/clkout1_buf/O
                         net (fo=162, routed)         1.621     1.621    la_out_OBUF[5]
    SLICE_X3Y86          FDCE                                         r  need_update_reg/C
  -------------------------------------------------------------------    -------------------
    SLICE_X3Y86          FDCE (Prop_fdce_C_Q)         0.456     2.077 r  need_update_reg/Q
                         net (fo=4, routed)           1.908     3.985    la_out_OBUF[6]
    A9                   OBUF (Prop_obuf_I_O)         3.585     7.570 r  la_out_OBUF[6]_inst/O
                         net (fo=0)                   0.000     7.570    la_out[6]
    A9                                                                r  la_out[6] (OUT)
  -------------------------------------------------------------------    -------------------





Min Delay Paths
--------------------------------------------------------------------------------------
Slack:                    inf
  Source:                 main_clk_pll/inst/mmcm_adv_inst/CLKOUT0
                            (clock source 'clk_out1_clk_wiz_1'  {rise@0.000ns fall@41.667ns period=83.333ns})
  Destination:            la_out[5]
                            (output port)
  Path Group:             (none)
  Path Type:              Min at Fast Process Corner
  Data Path Delay:        2.547ns  (logic 1.315ns (51.649%)  route 1.231ns (48.351%))
  Logic Levels:           2  (BUFG=1 OBUF=1)
  Clock Uncertainty:      0.302ns  ((TSJ^2 + DJ^2)^1/2) / 2 + PE
    Total System Jitter     (TSJ):    0.050ns
    Discrete Jitter          (DJ):    0.273ns
    Phase Error              (PE):    0.163ns

    Location             Delay type                Incr(ns)  Path(ns)    Netlist Resource(s)
  -------------------------------------------------------------------    -------------------
                         (clock clk_out1_clk_wiz_1 rise edge)
                                                      0.000     0.000 r  
    BUFGCTRL_X0Y2        BUFG                         0.000     0.000 r  clk_IBUF_BUFG_inst/O
                         net (fo=187, routed)         0.549     0.549    main_clk_pll/inst/clk_in1
  -------------------------------------------------------------------    -------------------
    MMCME2_ADV_X1Y0      MMCME2_ADV (Prop_mmcme2_adv_CLKIN1_CLKOUT0)
                                                     -1.061    -0.512 r  main_clk_pll/inst/mmcm_adv_inst/CLKOUT0
                         net (fo=1, routed)           0.486    -0.026    main_clk_pll/inst/clk_out1_clk_wiz_1
    BUFGCTRL_X0Y0        BUFG (Prop_bufg_I_O)         0.026     0.000 r  main_clk_pll/inst/clkout1_buf/O
                         net (fo=162, routed)         0.745     0.745    la_out_OBUF[5]
    A10                  OBUF (Prop_obuf_I_O)         1.289     2.035 r  la_out_OBUF[5]_inst/O
                         net (fo=0)                   0.000     2.035    la_out[5]
    A10                                                               r  la_out[5] (OUT)
  -------------------------------------------------------------------    -------------------

Slack:                    inf
  Source:                 need_update_reg/C
                            (rising edge-triggered cell FDCE clocked by clk_out1_clk_wiz_1  {rise@0.000ns fall@41.667ns period=83.333ns})
  Destination:            la_out[6]
                            (output port)
  Path Group:             (none)
  Path Type:              Min at Fast Process Corner
  Data Path Delay:        1.871ns  (logic 1.426ns (76.243%)  route 0.444ns (23.757%))
  Logic Levels:           1  (OBUF=1)
  Clock Uncertainty:      0.302ns  ((TSJ^2 + DJ^2)^1/2) / 2 + PE
    Total System Jitter     (TSJ):    0.050ns
    Discrete Jitter          (DJ):    0.273ns
    Phase Error              (PE):    0.163ns

    Location             Delay type                Incr(ns)  Path(ns)    Netlist Resource(s)
  -------------------------------------------------------------------    -------------------
                         (clock clk_out1_clk_wiz_1 rise edge)
                                                      0.000     0.000 r  
    BUFGCTRL_X0Y2        BUFG                         0.000     0.000 r  clk_IBUF_BUFG_inst/O
                         net (fo=187, routed)         0.549     0.549    main_clk_pll/inst/clk_in1
    MMCME2_ADV_X1Y0      MMCME2_ADV (Prop_mmcme2_adv_CLKIN1_CLKOUT0)
                                                     -1.061    -0.512 r  main_clk_pll/inst/mmcm_adv_inst/CLKOUT0
                         net (fo=1, routed)           0.486    -0.026    main_clk_pll/inst/clk_out1_clk_wiz_1
    BUFGCTRL_X0Y0        BUFG (Prop_bufg_I_O)         0.026     0.000 r  main_clk_pll/inst/clkout1_buf/O
                         net (fo=162, routed)         0.589     0.589    la_out_OBUF[5]
    SLICE_X3Y86          FDCE                                         r  need_update_reg/C
  -------------------------------------------------------------------    -------------------
    SLICE_X3Y86          FDCE (Prop_fdce_C_Q)         0.141     0.730 r  need_update_reg/Q
                         net (fo=4, routed)           0.444     1.174    la_out_OBUF[6]
    A9                   OBUF (Prop_obuf_I_O)         1.285     2.460 r  la_out_OBUF[6]_inst/O
                         net (fo=0)                   0.000     2.460    la_out[6]
    A9                                                                r  la_out[6] (OUT)
  -------------------------------------------------------------------    -------------------

Slack:                    inf
  Source:                 led_1_reg_reg/C
                            (rising edge-triggered cell FDRE clocked by clk_out1_clk_wiz_1  {rise@0.000ns fall@41.667ns period=83.333ns})
  Destination:            led_1
                            (output port)
  Path Group:             (none)
  Path Type:              Min at Fast Process Corner
  Data Path Delay:        1.899ns  (logic 1.478ns (77.819%)  route 0.421ns (22.181%))
  Logic Levels:           1  (OBUF=1)
  Clock Uncertainty:      0.302ns  ((TSJ^2 + DJ^2)^1/2) / 2 + PE
    Total System Jitter     (TSJ):    0.050ns
    Discrete Jitter          (DJ):    0.273ns
    Phase Error              (PE):    0.163ns

    Location             Delay type                Incr(ns)  Path(ns)    Netlist Resource(s)
  -------------------------------------------------------------------    -------------------
                         (clock clk_out1_clk_wiz_1 rise edge)
                                                      0.000     0.000 r  
    BUFGCTRL_X0Y2        BUFG                         0.000     0.000 r  clk_IBUF_BUFG_inst/O
                         net (fo=187, routed)         0.549     0.549    main_clk_pll/inst/clk_in1
    MMCME2_ADV_X1Y0      MMCME2_ADV (Prop_mmcme2_adv_CLKIN1_CLKOUT0)
                                                     -1.061    -0.512 r  main_clk_pll/inst/mmcm_adv_inst/CLKOUT0
                         net (fo=1, routed)           0.486    -0.026    main_clk_pll/inst/clk_out1_clk_wiz_1
    BUFGCTRL_X0Y0        BUFG (Prop_bufg_I_O)         0.026     0.000 r  main_clk_pll/inst/clkout1_buf/O
                         net (fo=162, routed)         0.592     0.592    la_out_OBUF[5]
    SLICE_X2Y91          FDRE                                         r  led_1_reg_reg/C
  -------------------------------------------------------------------    -------------------
    SLICE_X2Y91          FDRE (Prop_fdre_C_Q)         0.164     0.756 r  led_1_reg_reg/Q
                         net (fo=2, routed)           0.421     1.177    led_1_OBUF
    C8                   OBUF (Prop_obuf_I_O)         1.314     2.491 r  led_1_OBUF_inst/O
                         net (fo=0)                   0.000     2.491    led_1
    C8                                                                r  led_1 (OUT)
  -------------------------------------------------------------------    -------------------

Slack:                    inf
  Source:                 draw_step_reg[3]/C
                            (rising edge-triggered cell FDCE clocked by clk_out1_clk_wiz_1  {rise@0.000ns fall@41.667ns period=83.333ns})
  Destination:            la_out[3]
                            (output port)
  Path Group:             (none)
  Path Type:              Min at Fast Process Corner
  Data Path Delay:        1.930ns  (logic 1.428ns (74.013%)  route 0.501ns (25.987%))
  Logic Levels:           1  (OBUF=1)
  Clock Uncertainty:      0.302ns  ((TSJ^2 + DJ^2)^1/2) / 2 + PE
    Total System Jitter     (TSJ):    0.050ns
    Discrete Jitter          (DJ):    0.273ns
    Phase Error              (PE):    0.163ns

    Location             Delay type                Incr(ns)  Path(ns)    Netlist Resource(s)
  -------------------------------------------------------------------    -------------------
                         (clock clk_out1_clk_wiz_1 rise edge)
                                                      0.000     0.000 r  
    BUFGCTRL_X0Y2        BUFG                         0.000     0.000 r  clk_IBUF_BUFG_inst/O
                         net (fo=187, routed)         0.549     0.549    main_clk_pll/inst/clk_in1
    MMCME2_ADV_X1Y0      MMCME2_ADV (Prop_mmcme2_adv_CLKIN1_CLKOUT0)
                                                     -1.061    -0.512 r  main_clk_pll/inst/mmcm_adv_inst/CLKOUT0
                         net (fo=1, routed)           0.486    -0.026    main_clk_pll/inst/clk_out1_clk_wiz_1
    BUFGCTRL_X0Y0        BUFG (Prop_bufg_I_O)         0.026     0.000 r  main_clk_pll/inst/clkout1_buf/O
                         net (fo=162, routed)         0.587     0.587    la_out_OBUF[5]
    SLICE_X5Y84          FDCE                                         r  draw_step_reg[3]/C
  -------------------------------------------------------------------    -------------------
    SLICE_X5Y84          FDCE (Prop_fdce_C_Q)         0.141     0.728 r  draw_step_reg[3]/Q
                         net (fo=78, routed)          0.501     1.229    la_out_OBUF[3]
    D11                  OBUF (Prop_obuf_I_O)         1.287     2.517 r  la_out_OBUF[3]_inst/O
                         net (fo=0)                   0.000     2.517    la_out[3]
    D11                                                               r  la_out[3] (OUT)
  -------------------------------------------------------------------    -------------------

Slack:                    inf
  Source:                 draw_step_reg[1]/C
                            (rising edge-triggered cell FDCE clocked by clk_out1_clk_wiz_1  {rise@0.000ns fall@41.667ns period=83.333ns})
  Destination:            la_out[1]
                            (output port)
  Path Group:             (none)
  Path Type:              Min at Fast Process Corner
  Data Path Delay:        2.112ns  (logic 1.446ns (68.466%)  route 0.666ns (31.534%))
  Logic Levels:           1  (OBUF=1)
  Clock Uncertainty:      0.302ns  ((TSJ^2 + DJ^2)^1/2) / 2 + PE
    Total System Jitter     (TSJ):    0.050ns
    Discrete Jitter          (DJ):    0.273ns
    Phase Error              (PE):    0.163ns

    Location             Delay type                Incr(ns)  Path(ns)    Netlist Resource(s)
  -------------------------------------------------------------------    -------------------
                         (clock clk_out1_clk_wiz_1 rise edge)
                                                      0.000     0.000 r  
    BUFGCTRL_X0Y2        BUFG                         0.000     0.000 r  clk_IBUF_BUFG_inst/O
                         net (fo=187, routed)         0.549     0.549    main_clk_pll/inst/clk_in1
    MMCME2_ADV_X1Y0      MMCME2_ADV (Prop_mmcme2_adv_CLKIN1_CLKOUT0)
                                                     -1.061    -0.512 r  main_clk_pll/inst/mmcm_adv_inst/CLKOUT0
                         net (fo=1, routed)           0.486    -0.026    main_clk_pll/inst/clk_out1_clk_wiz_1
    BUFGCTRL_X0Y0        BUFG (Prop_bufg_I_O)         0.026     0.000 r  main_clk_pll/inst/clkout1_buf/O
                         net (fo=162, routed)         0.585     0.585    la_out_OBUF[5]
    SLICE_X4Y82          FDCE                                         r  draw_step_reg[1]/C
  -------------------------------------------------------------------    -------------------
    SLICE_X4Y82          FDCE (Prop_fdce_C_Q)         0.141     0.726 r  draw_step_reg[1]/Q
                         net (fo=85, routed)          0.666     1.392    la_out_OBUF[1]
    B12                  OBUF (Prop_obuf_I_O)         1.305     2.697 r  la_out_OBUF[1]_inst/O
                         net (fo=0)                   0.000     2.697    la_out[1]
    B12                                                               r  la_out[1] (OUT)
  -------------------------------------------------------------------    -------------------

Slack:                    inf
  Source:                 draw_step_reg[2]/C
                            (rising edge-triggered cell FDCE clocked by clk_out1_clk_wiz_1  {rise@0.000ns fall@41.667ns period=83.333ns})
  Destination:            la_out[2]
                            (output port)
  Path Group:             (none)
  Path Type:              Min at Fast Process Corner
  Data Path Delay:        2.131ns  (logic 1.440ns (67.588%)  route 0.691ns (32.412%))
  Logic Levels:           1  (OBUF=1)
  Clock Uncertainty:      0.302ns  ((TSJ^2 + DJ^2)^1/2) / 2 + PE
    Total System Jitter     (TSJ):    0.050ns
    Discrete Jitter          (DJ):    0.273ns
    Phase Error              (PE):    0.163ns

    Location             Delay type                Incr(ns)  Path(ns)    Netlist Resource(s)
  -------------------------------------------------------------------    -------------------
                         (clock clk_out1_clk_wiz_1 rise edge)
                                                      0.000     0.000 r  
    BUFGCTRL_X0Y2        BUFG                         0.000     0.000 r  clk_IBUF_BUFG_inst/O
                         net (fo=187, routed)         0.549     0.549    main_clk_pll/inst/clk_in1
    MMCME2_ADV_X1Y0      MMCME2_ADV (Prop_mmcme2_adv_CLKIN1_CLKOUT0)
                                                     -1.061    -0.512 r  main_clk_pll/inst/mmcm_adv_inst/CLKOUT0
                         net (fo=1, routed)           0.486    -0.026    main_clk_pll/inst/clk_out1_clk_wiz_1
    BUFGCTRL_X0Y0        BUFG (Prop_bufg_I_O)         0.026     0.000 r  main_clk_pll/inst/clkout1_buf/O
                         net (fo=162, routed)         0.585     0.585    la_out_OBUF[5]
    SLICE_X4Y82          FDCE                                         r  draw_step_reg[2]/C
  -------------------------------------------------------------------    -------------------
    SLICE_X4Y82          FDCE (Prop_fdce_C_Q)         0.141     0.726 r  draw_step_reg[2]/Q
                         net (fo=81, routed)          0.691     1.416    la_out_OBUF[2]
    C11                  OBUF (Prop_obuf_I_O)         1.299     2.715 r  la_out_OBUF[2]_inst/O
                         net (fo=0)                   0.000     2.715    la_out[2]
    C11                                                               r  la_out[2] (OUT)
  -------------------------------------------------------------------    -------------------

Slack:                    inf
  Source:                 draw_step_reg[0]/C
                            (rising edge-triggered cell FDCE clocked by clk_out1_clk_wiz_1  {rise@0.000ns fall@41.667ns period=83.333ns})
  Destination:            la_out[0]
                            (output port)
  Path Group:             (none)
  Path Type:              Min at Fast Process Corner
  Data Path Delay:        2.206ns  (logic 1.387ns (62.891%)  route 0.819ns (37.109%))
  Logic Levels:           1  (OBUF=1)
  Clock Uncertainty:      0.302ns  ((TSJ^2 + DJ^2)^1/2) / 2 + PE
    Total System Jitter     (TSJ):    0.050ns
    Discrete Jitter          (DJ):    0.273ns
    Phase Error              (PE):    0.163ns

    Location             Delay type                Incr(ns)  Path(ns)    Netlist Resource(s)
  -------------------------------------------------------------------    -------------------
                         (clock clk_out1_clk_wiz_1 rise edge)
                                                      0.000     0.000 r  
    BUFGCTRL_X0Y2        BUFG                         0.000     0.000 r  clk_IBUF_BUFG_inst/O
                         net (fo=187, routed)         0.549     0.549    main_clk_pll/inst/clk_in1
    MMCME2_ADV_X1Y0      MMCME2_ADV (Prop_mmcme2_adv_CLKIN1_CLKOUT0)
                                                     -1.061    -0.512 r  main_clk_pll/inst/mmcm_adv_inst/CLKOUT0
                         net (fo=1, routed)           0.486    -0.026    main_clk_pll/inst/clk_out1_clk_wiz_1
    BUFGCTRL_X0Y0        BUFG (Prop_bufg_I_O)         0.026     0.000 r  main_clk_pll/inst/clkout1_buf/O
                         net (fo=162, routed)         0.586     0.586    la_out_OBUF[5]
    SLICE_X3Y81          FDCE                                         r  draw_step_reg[0]/C
  -------------------------------------------------------------------    -------------------
    SLICE_X3Y81          FDCE (Prop_fdce_C_Q)         0.141     0.727 r  draw_step_reg[0]/Q
                         net (fo=74, routed)          0.819     1.545    la_out_OBUF[0]
    F14                  OBUF (Prop_obuf_I_O)         1.246     2.792 r  la_out_OBUF[0]_inst/O
                         net (fo=0)                   0.000     2.792    la_out[0]
    F14                                                               r  la_out[0] (OUT)
  -------------------------------------------------------------------    -------------------

Slack:                    inf
  Source:                 draw_step_reg[4]/C
                            (rising edge-triggered cell FDCE clocked by clk_out1_clk_wiz_1  {rise@0.000ns fall@41.667ns period=83.333ns})
  Destination:            la_out[4]
                            (output port)
  Path Group:             (none)
  Path Type:              Min at Fast Process Corner
  Data Path Delay:        2.444ns  (logic 1.454ns (59.488%)  route 0.990ns (40.512%))
  Logic Levels:           1  (OBUF=1)
  Clock Uncertainty:      0.302ns  ((TSJ^2 + DJ^2)^1/2) / 2 + PE
    Total System Jitter     (TSJ):    0.050ns
    Discrete Jitter          (DJ):    0.273ns
    Phase Error              (PE):    0.163ns

    Location             Delay type                Incr(ns)  Path(ns)    Netlist Resource(s)
  -------------------------------------------------------------------    -------------------
                         (clock clk_out1_clk_wiz_1 rise edge)
                                                      0.000     0.000 r  
    BUFGCTRL_X0Y2        BUFG                         0.000     0.000 r  clk_IBUF_BUFG_inst/O
                         net (fo=187, routed)         0.549     0.549    main_clk_pll/inst/clk_in1
    MMCME2_ADV_X1Y0      MMCME2_ADV (Prop_mmcme2_adv_CLKIN1_CLKOUT0)
                                                     -1.061    -0.512 r  main_clk_pll/inst/mmcm_adv_inst/CLKOUT0
                         net (fo=1, routed)           0.486    -0.026    main_clk_pll/inst/clk_out1_clk_wiz_1
    BUFGCTRL_X0Y0        BUFG (Prop_bufg_I_O)         0.026     0.000 r  main_clk_pll/inst/clkout1_buf/O
                         net (fo=162, routed)         0.585     0.585    la_out_OBUF[5]
    SLICE_X4Y82          FDCE                                         r  draw_step_reg[4]/C
  -------------------------------------------------------------------    -------------------
    SLICE_X4Y82          FDCE (Prop_fdce_C_Q)         0.141     0.726 r  draw_step_reg[4]/Q
                         net (fo=67, routed)          0.990     1.716    la_out_OBUF[4]
    C9                   OBUF (Prop_obuf_I_O)         1.313     3.029 r  la_out_OBUF[4]_inst/O
                         net (fo=0)                   0.000     3.029    la_out[4]
    C9                                                                r  la_out[4] (OUT)
  -------------------------------------------------------------------    -------------------





--------------------------------------------------------------------------------------
Path Group:  (none)
From Clock:  clkfbout_clk_wiz_0
  To Clock:  

Max Delay             1 Endpoint
Min Delay             1 Endpoint
--------------------------------------------------------------------------------------


Max Delay Paths
--------------------------------------------------------------------------------------
Slack:                    inf
  Source:                 lcd_inst/lcd_clk_pll/inst/mmcm_adv_inst/CLKFBOUT
                            (clock source 'clkfbout_clk_wiz_0'  {rise@0.000ns fall@10.000ns period=20.000ns})
  Destination:            lcd_inst/lcd_clk_pll/inst/mmcm_adv_inst/CLKFBIN
  Path Group:             (none)
  Path Type:              Max at Slow Process Corner
  Data Path Delay:        3.337ns  (logic 0.096ns (2.877%)  route 3.241ns (97.123%))
  Logic Levels:           1  (BUFG=1)
  Clock Uncertainty:      0.225ns  ((TSJ^2 + DJ^2)^1/2) / 2 + PE
    Total System Jitter     (TSJ):    0.050ns
    Discrete Jitter          (DJ):    0.110ns
    Phase Error              (PE):    0.165ns

    Location             Delay type                Incr(ns)  Path(ns)    Netlist Resource(s)
  -------------------------------------------------------------------    -------------------
                         (clock clkfbout_clk_wiz_0 fall edge)
                                                     10.000    10.000 f  
    BUFGCTRL_X0Y0        BUFG                         0.000    10.000 f  main_clk_pll/inst/clkout1_buf/O
                         net (fo=162, routed)         1.574    11.574    lcd_inst/lcd_clk_pll/inst/clk_in1
  -------------------------------------------------------------------    -------------------
    MMCME2_ADV_X0Y0      MMCME2_ADV (Prop_mmcme2_adv_CLKIN1_CLKFBOUT)
                                                     -3.337     8.238 f  lcd_inst/lcd_clk_pll/inst/mmcm_adv_inst/CLKFBOUT
                         net (fo=1, routed)           1.666     9.904    lcd_inst/lcd_clk_pll/inst/clkfbout_clk_wiz_0
    BUFGCTRL_X0Y3        BUFG (Prop_bufg_I_O)         0.096    10.000 f  lcd_inst/lcd_clk_pll/inst/clkf_buf/O
                         net (fo=1, routed)           1.574    11.574    lcd_inst/lcd_clk_pll/inst/clkfbout_buf_clk_wiz_0
    MMCME2_ADV_X0Y0      MMCME2_ADV                                   f  lcd_inst/lcd_clk_pll/inst/mmcm_adv_inst/CLKFBIN
  -------------------------------------------------------------------    -------------------





Min Delay Paths
--------------------------------------------------------------------------------------
Slack:                    inf
  Source:                 lcd_inst/lcd_clk_pll/inst/mmcm_adv_inst/CLKFBOUT
                            (clock source 'clkfbout_clk_wiz_0'  {rise@0.000ns fall@10.000ns period=20.000ns})
  Destination:            lcd_inst/lcd_clk_pll/inst/mmcm_adv_inst/CLKFBIN
  Path Group:             (none)
  Path Type:              Min at Fast Process Corner
  Data Path Delay:        1.063ns  (logic 0.026ns (2.445%)  route 1.038ns (97.555%))
  Logic Levels:           1  (BUFG=1)
  Clock Uncertainty:      0.225ns  ((TSJ^2 + DJ^2)^1/2) / 2 + PE
    Total System Jitter     (TSJ):    0.050ns
    Discrete Jitter          (DJ):    0.110ns
    Phase Error              (PE):    0.165ns

    Location             Delay type                Incr(ns)  Path(ns)    Netlist Resource(s)
  -------------------------------------------------------------------    -------------------
                         (clock clkfbout_clk_wiz_0 rise edge)
                                                      0.000     0.000 r  
    BUFGCTRL_X0Y0        BUFG                         0.000     0.000 r  main_clk_pll/inst/clkout1_buf/O
                         net (fo=162, routed)         0.549     0.549    lcd_inst/lcd_clk_pll/inst/clk_in1
  -------------------------------------------------------------------    -------------------
    MMCME2_ADV_X0Y0      MMCME2_ADV (Prop_mmcme2_adv_CLKIN1_CLKFBOUT)
                                                     -1.063    -0.515 r  lcd_inst/lcd_clk_pll/inst/mmcm_adv_inst/CLKFBOUT
                         net (fo=1, routed)           0.489    -0.026    lcd_inst/lcd_clk_pll/inst/clkfbout_clk_wiz_0
    BUFGCTRL_X0Y3        BUFG (Prop_bufg_I_O)         0.026     0.000 r  lcd_inst/lcd_clk_pll/inst/clkf_buf/O
                         net (fo=1, routed)           0.549     0.549    lcd_inst/lcd_clk_pll/inst/clkfbout_buf_clk_wiz_0
    MMCME2_ADV_X0Y0      MMCME2_ADV                                   r  lcd_inst/lcd_clk_pll/inst/mmcm_adv_inst/CLKFBIN
  -------------------------------------------------------------------    -------------------





--------------------------------------------------------------------------------------
Path Group:  (none)
From Clock:  clkfbout_clk_wiz_1
  To Clock:  

Max Delay             1 Endpoint
Min Delay             1 Endpoint
--------------------------------------------------------------------------------------


Max Delay Paths
--------------------------------------------------------------------------------------
Slack:                    inf
  Source:                 main_clk_pll/inst/mmcm_adv_inst/CLKFBOUT
                            (clock source 'clkfbout_clk_wiz_1'  {rise@0.000ns fall@10.000ns period=20.000ns})
  Destination:            main_clk_pll/inst/mmcm_adv_inst/CLKFBIN
  Path Group:             (none)
  Path Type:              Max at Slow Process Corner
  Data Path Delay:        3.333ns  (logic 0.096ns (2.880%)  route 3.237ns (97.120%))
  Logic Levels:           1  (BUFG=1)
  Clock Uncertainty:      0.222ns  ((TSJ^2 + DJ^2)^1/2) / 2 + PE
    Total System Jitter     (TSJ):    0.050ns
    Discrete Jitter          (DJ):    0.108ns
    Phase Error              (PE):    0.163ns

    Location             Delay type                Incr(ns)  Path(ns)    Netlist Resource(s)
  -------------------------------------------------------------------    -------------------
                         (clock clkfbout_clk_wiz_1 fall edge)
                                                     10.000    10.000 f  
    BUFGCTRL_X0Y2        BUFG                         0.000    10.000 f  clk_IBUF_BUFG_inst/O
                         net (fo=187, routed)         1.575    11.575    main_clk_pll/inst/clk_in1
  -------------------------------------------------------------------    -------------------
    MMCME2_ADV_X1Y0      MMCME2_ADV (Prop_mmcme2_adv_CLKIN1_CLKFBOUT)
                                                     -3.333     8.243 f  main_clk_pll/inst/mmcm_adv_inst/CLKFBOUT
                         net (fo=1, routed)           1.661     9.904    main_clk_pll/inst/clkfbout_clk_wiz_1
    BUFGCTRL_X0Y4        BUFG (Prop_bufg_I_O)         0.096    10.000 f  main_clk_pll/inst/clkf_buf/O
                         net (fo=1, routed)           1.575    11.575    main_clk_pll/inst/clkfbout_buf_clk_wiz_1
    MMCME2_ADV_X1Y0      MMCME2_ADV                                   f  main_clk_pll/inst/mmcm_adv_inst/CLKFBIN
  -------------------------------------------------------------------    -------------------





Min Delay Paths
--------------------------------------------------------------------------------------
Slack:                    inf
  Source:                 main_clk_pll/inst/mmcm_adv_inst/CLKFBOUT
                            (clock source 'clkfbout_clk_wiz_1'  {rise@0.000ns fall@10.000ns period=20.000ns})
  Destination:            main_clk_pll/inst/mmcm_adv_inst/CLKFBIN
  Path Group:             (none)
  Path Type:              Min at Fast Process Corner
  Data Path Delay:        1.061ns  (logic 0.026ns (2.452%)  route 1.035ns (97.548%))
  Logic Levels:           1  (BUFG=1)
  Clock Uncertainty:      0.222ns  ((TSJ^2 + DJ^2)^1/2) / 2 + PE
    Total System Jitter     (TSJ):    0.050ns
    Discrete Jitter          (DJ):    0.108ns
    Phase Error              (PE):    0.163ns

    Location             Delay type                Incr(ns)  Path(ns)    Netlist Resource(s)
  -------------------------------------------------------------------    -------------------
                         (clock clkfbout_clk_wiz_1 rise edge)
                                                      0.000     0.000 r  
    BUFGCTRL_X0Y2        BUFG                         0.000     0.000 r  clk_IBUF_BUFG_inst/O
                         net (fo=187, routed)         0.549     0.549    main_clk_pll/inst/clk_in1
  -------------------------------------------------------------------    -------------------
    MMCME2_ADV_X1Y0      MMCME2_ADV (Prop_mmcme2_adv_CLKIN1_CLKFBOUT)
                                                     -1.061    -0.512 r  main_clk_pll/inst/mmcm_adv_inst/CLKFBOUT
                         net (fo=1, routed)           0.486    -0.026    main_clk_pll/inst/clkfbout_clk_wiz_1
    BUFGCTRL_X0Y4        BUFG (Prop_bufg_I_O)         0.026     0.000 r  main_clk_pll/inst/clkf_buf/O
                         net (fo=1, routed)           0.549     0.549    main_clk_pll/inst/clkfbout_buf_clk_wiz_1
    MMCME2_ADV_X1Y0      MMCME2_ADV                                   r  main_clk_pll/inst/mmcm_adv_inst/CLKFBIN
  -------------------------------------------------------------------    -------------------





--------------------------------------------------------------------------------------
Path Group:  (none)
From Clock:  
  To Clock:  clk_out1_clk_wiz_0

Max Delay           259 Endpoints
Min Delay           259 Endpoints
--------------------------------------------------------------------------------------


Max Delay Paths
--------------------------------------------------------------------------------------
Slack:                    inf
  Source:                 reset_n
                            (input port)
  Destination:            lcd_inst/pixel_count_reg[25]/CLR
                            (recovery check against rising-edge clock clk_out1_clk_wiz_0  {rise@0.000ns fall@10.000ns period=20.000ns})
  Path Group:             (none)
  Path Type:              Recovery (Max at Slow Process Corner)
  Data Path Delay:        8.759ns  (logic 1.625ns (18.553%)  route 7.134ns (81.447%))
  Logic Levels:           2  (IBUF=1 LUT1=1)
  Clock Path Skew:        1.438ns (DCD - SCD + CPR)
    Destination Clock Delay (DCD):    1.438ns
    Source Clock Delay      (SCD):    0.000ns
    Clock Pessimism Removal (CPR):    0.000ns
  Clock Uncertainty:      0.264ns  ((TSJ^2 + DJ^2)^1/2) / 2 + PE
    Total System Jitter     (TSJ):    0.050ns
    Discrete Jitter          (DJ):    0.192ns
    Phase Error              (PE):    0.165ns

    Location             Delay type                Incr(ns)  Path(ns)    Netlist Resource(s)
  -------------------------------------------------------------------    -------------------
    H18                                               0.000     0.000 r  reset_n (IN)
                         net (fo=0)                   0.000     0.000    reset_n
    H18                  IBUF (Prop_ibuf_I_O)         1.501     1.501 r  reset_n_IBUF_inst/O
                         net (fo=15, routed)          2.462     3.963    lcd_inst/cmd_ndata_writer/reset_n_IBUF
    SLICE_X9Y76          LUT1 (Prop_lut1_I0_O)        0.124     4.087 f  lcd_inst/cmd_ndata_writer/FSM_sequential_wr_substate[2]_i_2/O
                         net (fo=502, routed)         4.672     8.759    lcd_inst/reset_n
    SLICE_X12Y89         FDCE                                         f  lcd_inst/pixel_count_reg[25]/CLR
  -------------------------------------------------------------------    -------------------

                         (clock clk_out1_clk_wiz_0 rise edge)
                                                      0.000     0.000 r  
    BUFGCTRL_X0Y0        BUFG                         0.000     0.000 r  main_clk_pll/inst/clkout1_buf/O
                         net (fo=162, routed)         1.455     1.455    lcd_inst/lcd_clk_pll/inst/clk_in1
    MMCME2_ADV_X0Y0      MMCME2_ADV (Prop_mmcme2_adv_CLKIN1_CLKOUT0)
                                                     -3.133    -1.678 r  lcd_inst/lcd_clk_pll/inst/mmcm_adv_inst/CLKOUT0
                         net (fo=1, routed)           1.587    -0.091    lcd_inst/lcd_clk_pll/inst/clk_out1_clk_wiz_0
    BUFGCTRL_X0Y1        BUFG (Prop_bufg_I_O)         0.091     0.000 r  lcd_inst/lcd_clk_pll/inst/clkout1_buf/O
                         net (fo=234, routed)         1.438     1.438    lcd_inst/clk_out1
    SLICE_X12Y89         FDCE                                         r  lcd_inst/pixel_count_reg[25]/C

Slack:                    inf
  Source:                 reset_n
                            (input port)
  Destination:            lcd_inst/pixel_count_reg[27]/CLR
                            (recovery check against rising-edge clock clk_out1_clk_wiz_0  {rise@0.000ns fall@10.000ns period=20.000ns})
  Path Group:             (none)
  Path Type:              Recovery (Max at Slow Process Corner)
  Data Path Delay:        8.759ns  (logic 1.625ns (18.553%)  route 7.134ns (81.447%))
  Logic Levels:           2  (IBUF=1 LUT1=1)
  Clock Path Skew:        1.438ns (DCD - SCD + CPR)
    Destination Clock Delay (DCD):    1.438ns
    Source Clock Delay      (SCD):    0.000ns
    Clock Pessimism Removal (CPR):    0.000ns
  Clock Uncertainty:      0.264ns  ((TSJ^2 + DJ^2)^1/2) / 2 + PE
    Total System Jitter     (TSJ):    0.050ns
    Discrete Jitter          (DJ):    0.192ns
    Phase Error              (PE):    0.165ns

    Location             Delay type                Incr(ns)  Path(ns)    Netlist Resource(s)
  -------------------------------------------------------------------    -------------------
    H18                                               0.000     0.000 r  reset_n (IN)
                         net (fo=0)                   0.000     0.000    reset_n
    H18                  IBUF (Prop_ibuf_I_O)         1.501     1.501 r  reset_n_IBUF_inst/O
                         net (fo=15, routed)          2.462     3.963    lcd_inst/cmd_ndata_writer/reset_n_IBUF
    SLICE_X9Y76          LUT1 (Prop_lut1_I0_O)        0.124     4.087 f  lcd_inst/cmd_ndata_writer/FSM_sequential_wr_substate[2]_i_2/O
                         net (fo=502, routed)         4.672     8.759    lcd_inst/reset_n
    SLICE_X12Y89         FDCE                                         f  lcd_inst/pixel_count_reg[27]/CLR
  -------------------------------------------------------------------    -------------------

                         (clock clk_out1_clk_wiz_0 rise edge)
                                                      0.000     0.000 r  
    BUFGCTRL_X0Y0        BUFG                         0.000     0.000 r  main_clk_pll/inst/clkout1_buf/O
                         net (fo=162, routed)         1.455     1.455    lcd_inst/lcd_clk_pll/inst/clk_in1
    MMCME2_ADV_X0Y0      MMCME2_ADV (Prop_mmcme2_adv_CLKIN1_CLKOUT0)
                                                     -3.133    -1.678 r  lcd_inst/lcd_clk_pll/inst/mmcm_adv_inst/CLKOUT0
                         net (fo=1, routed)           1.587    -0.091    lcd_inst/lcd_clk_pll/inst/clk_out1_clk_wiz_0
    BUFGCTRL_X0Y1        BUFG (Prop_bufg_I_O)         0.091     0.000 r  lcd_inst/lcd_clk_pll/inst/clkout1_buf/O
                         net (fo=234, routed)         1.438     1.438    lcd_inst/clk_out1
    SLICE_X12Y89         FDCE                                         r  lcd_inst/pixel_count_reg[27]/C

Slack:                    inf
  Source:                 reset_n
                            (input port)
  Destination:            lcd_inst/init_rom_addr_reg[6]/CLR
                            (recovery check against rising-edge clock clk_out1_clk_wiz_0  {rise@0.000ns fall@10.000ns period=20.000ns})
  Path Group:             (none)
  Path Type:              Recovery (Max at Slow Process Corner)
  Data Path Delay:        8.663ns  (logic 1.625ns (18.758%)  route 7.038ns (81.242%))
  Logic Levels:           2  (IBUF=1 LUT1=1)
  Clock Path Skew:        1.441ns (DCD - SCD + CPR)
    Destination Clock Delay (DCD):    1.441ns
    Source Clock Delay      (SCD):    0.000ns
    Clock Pessimism Removal (CPR):    0.000ns
  Clock Uncertainty:      0.264ns  ((TSJ^2 + DJ^2)^1/2) / 2 + PE
    Total System Jitter     (TSJ):    0.050ns
    Discrete Jitter          (DJ):    0.192ns
    Phase Error              (PE):    0.165ns

    Location             Delay type                Incr(ns)  Path(ns)    Netlist Resource(s)
  -------------------------------------------------------------------    -------------------
    H18                                               0.000     0.000 r  reset_n (IN)
                         net (fo=0)                   0.000     0.000    reset_n
    H18                  IBUF (Prop_ibuf_I_O)         1.501     1.501 r  reset_n_IBUF_inst/O
                         net (fo=15, routed)          2.462     3.963    lcd_inst/cmd_ndata_writer/reset_n_IBUF
    SLICE_X9Y76          LUT1 (Prop_lut1_I0_O)        0.124     4.087 f  lcd_inst/cmd_ndata_writer/FSM_sequential_wr_substate[2]_i_2/O
                         net (fo=502, routed)         4.577     8.663    lcd_inst/reset_n
    SLICE_X10Y94         FDCE                                         f  lcd_inst/init_rom_addr_reg[6]/CLR
  -------------------------------------------------------------------    -------------------

                         (clock clk_out1_clk_wiz_0 rise edge)
                                                      0.000     0.000 r  
    BUFGCTRL_X0Y0        BUFG                         0.000     0.000 r  main_clk_pll/inst/clkout1_buf/O
                         net (fo=162, routed)         1.455     1.455    lcd_inst/lcd_clk_pll/inst/clk_in1
    MMCME2_ADV_X0Y0      MMCME2_ADV (Prop_mmcme2_adv_CLKIN1_CLKOUT0)
                                                     -3.133    -1.678 r  lcd_inst/lcd_clk_pll/inst/mmcm_adv_inst/CLKOUT0
                         net (fo=1, routed)           1.587    -0.091    lcd_inst/lcd_clk_pll/inst/clk_out1_clk_wiz_0
    BUFGCTRL_X0Y1        BUFG (Prop_bufg_I_O)         0.091     0.000 r  lcd_inst/lcd_clk_pll/inst/clkout1_buf/O
                         net (fo=234, routed)         1.441     1.441    lcd_inst/clk_out1
    SLICE_X10Y94         FDCE                                         r  lcd_inst/init_rom_addr_reg[6]/C

Slack:                    inf
  Source:                 reset_n
                            (input port)
  Destination:            lcd_inst/init_rom_addr_reg_rep[6]/CLR
                            (recovery check against rising-edge clock clk_out1_clk_wiz_0  {rise@0.000ns fall@10.000ns period=20.000ns})
  Path Group:             (none)
  Path Type:              Recovery (Max at Slow Process Corner)
  Data Path Delay:        8.663ns  (logic 1.625ns (18.758%)  route 7.038ns (81.242%))
  Logic Levels:           2  (IBUF=1 LUT1=1)
  Clock Path Skew:        1.441ns (DCD - SCD + CPR)
    Destination Clock Delay (DCD):    1.441ns
    Source Clock Delay      (SCD):    0.000ns
    Clock Pessimism Removal (CPR):    0.000ns
  Clock Uncertainty:      0.264ns  ((TSJ^2 + DJ^2)^1/2) / 2 + PE
    Total System Jitter     (TSJ):    0.050ns
    Discrete Jitter          (DJ):    0.192ns
    Phase Error              (PE):    0.165ns

    Location             Delay type                Incr(ns)  Path(ns)    Netlist Resource(s)
  -------------------------------------------------------------------    -------------------
    H18                                               0.000     0.000 r  reset_n (IN)
                         net (fo=0)                   0.000     0.000    reset_n
    H18                  IBUF (Prop_ibuf_I_O)         1.501     1.501 r  reset_n_IBUF_inst/O
                         net (fo=15, routed)          2.462     3.963    lcd_inst/cmd_ndata_writer/reset_n_IBUF
    SLICE_X9Y76          LUT1 (Prop_lut1_I0_O)        0.124     4.087 f  lcd_inst/cmd_ndata_writer/FSM_sequential_wr_substate[2]_i_2/O
                         net (fo=502, routed)         4.577     8.663    lcd_inst/reset_n
    SLICE_X10Y94         FDCE                                         f  lcd_inst/init_rom_addr_reg_rep[6]/CLR
  -------------------------------------------------------------------    -------------------

                         (clock clk_out1_clk_wiz_0 rise edge)
                                                      0.000     0.000 r  
    BUFGCTRL_X0Y0        BUFG                         0.000     0.000 r  main_clk_pll/inst/clkout1_buf/O
                         net (fo=162, routed)         1.455     1.455    lcd_inst/lcd_clk_pll/inst/clk_in1
    MMCME2_ADV_X0Y0      MMCME2_ADV (Prop_mmcme2_adv_CLKIN1_CLKOUT0)
                                                     -3.133    -1.678 r  lcd_inst/lcd_clk_pll/inst/mmcm_adv_inst/CLKOUT0
                         net (fo=1, routed)           1.587    -0.091    lcd_inst/lcd_clk_pll/inst/clk_out1_clk_wiz_0
    BUFGCTRL_X0Y1        BUFG (Prop_bufg_I_O)         0.091     0.000 r  lcd_inst/lcd_clk_pll/inst/clkout1_buf/O
                         net (fo=234, routed)         1.441     1.441    lcd_inst/clk_out1
    SLICE_X10Y94         FDCE                                         r  lcd_inst/init_rom_addr_reg_rep[6]/C

Slack:                    inf
  Source:                 reset_n
                            (input port)
  Destination:            lcd_inst/init_rom_addr_reg[2]/CLR
                            (recovery check against rising-edge clock clk_out1_clk_wiz_0  {rise@0.000ns fall@10.000ns period=20.000ns})
  Path Group:             (none)
  Path Type:              Recovery (Max at Slow Process Corner)
  Data Path Delay:        8.642ns  (logic 1.625ns (18.806%)  route 7.016ns (81.194%))
  Logic Levels:           2  (IBUF=1 LUT1=1)
  Clock Path Skew:        1.440ns (DCD - SCD + CPR)
    Destination Clock Delay (DCD):    1.440ns
    Source Clock Delay      (SCD):    0.000ns
    Clock Pessimism Removal (CPR):    0.000ns
  Clock Uncertainty:      0.264ns  ((TSJ^2 + DJ^2)^1/2) / 2 + PE
    Total System Jitter     (TSJ):    0.050ns
    Discrete Jitter          (DJ):    0.192ns
    Phase Error              (PE):    0.165ns

    Location             Delay type                Incr(ns)  Path(ns)    Netlist Resource(s)
  -------------------------------------------------------------------    -------------------
    H18                                               0.000     0.000 r  reset_n (IN)
                         net (fo=0)                   0.000     0.000    reset_n
    H18                  IBUF (Prop_ibuf_I_O)         1.501     1.501 r  reset_n_IBUF_inst/O
                         net (fo=15, routed)          2.462     3.963    lcd_inst/cmd_ndata_writer/reset_n_IBUF
    SLICE_X9Y76          LUT1 (Prop_lut1_I0_O)        0.124     4.087 f  lcd_inst/cmd_ndata_writer/FSM_sequential_wr_substate[2]_i_2/O
                         net (fo=502, routed)         4.555     8.642    lcd_inst/reset_n
    SLICE_X8Y94          FDCE                                         f  lcd_inst/init_rom_addr_reg[2]/CLR
  -------------------------------------------------------------------    -------------------

                         (clock clk_out1_clk_wiz_0 rise edge)
                                                      0.000     0.000 r  
    BUFGCTRL_X0Y0        BUFG                         0.000     0.000 r  main_clk_pll/inst/clkout1_buf/O
                         net (fo=162, routed)         1.455     1.455    lcd_inst/lcd_clk_pll/inst/clk_in1
    MMCME2_ADV_X0Y0      MMCME2_ADV (Prop_mmcme2_adv_CLKIN1_CLKOUT0)
                                                     -3.133    -1.678 r  lcd_inst/lcd_clk_pll/inst/mmcm_adv_inst/CLKOUT0
                         net (fo=1, routed)           1.587    -0.091    lcd_inst/lcd_clk_pll/inst/clk_out1_clk_wiz_0
    BUFGCTRL_X0Y1        BUFG (Prop_bufg_I_O)         0.091     0.000 r  lcd_inst/lcd_clk_pll/inst/clkout1_buf/O
                         net (fo=234, routed)         1.440     1.440    lcd_inst/clk_out1
    SLICE_X8Y94          FDCE                                         r  lcd_inst/init_rom_addr_reg[2]/C

Slack:                    inf
  Source:                 reset_n
                            (input port)
  Destination:            lcd_inst/init_rom_addr_reg[7]/CLR
                            (recovery check against rising-edge clock clk_out1_clk_wiz_0  {rise@0.000ns fall@10.000ns period=20.000ns})
  Path Group:             (none)
  Path Type:              Recovery (Max at Slow Process Corner)
  Data Path Delay:        8.642ns  (logic 1.625ns (18.806%)  route 7.016ns (81.194%))
  Logic Levels:           2  (IBUF=1 LUT1=1)
  Clock Path Skew:        1.440ns (DCD - SCD + CPR)
    Destination Clock Delay (DCD):    1.440ns
    Source Clock Delay      (SCD):    0.000ns
    Clock Pessimism Removal (CPR):    0.000ns
  Clock Uncertainty:      0.264ns  ((TSJ^2 + DJ^2)^1/2) / 2 + PE
    Total System Jitter     (TSJ):    0.050ns
    Discrete Jitter          (DJ):    0.192ns
    Phase Error              (PE):    0.165ns

    Location             Delay type                Incr(ns)  Path(ns)    Netlist Resource(s)
  -------------------------------------------------------------------    -------------------
    H18                                               0.000     0.000 r  reset_n (IN)
                         net (fo=0)                   0.000     0.000    reset_n
    H18                  IBUF (Prop_ibuf_I_O)         1.501     1.501 r  reset_n_IBUF_inst/O
                         net (fo=15, routed)          2.462     3.963    lcd_inst/cmd_ndata_writer/reset_n_IBUF
    SLICE_X9Y76          LUT1 (Prop_lut1_I0_O)        0.124     4.087 f  lcd_inst/cmd_ndata_writer/FSM_sequential_wr_substate[2]_i_2/O
                         net (fo=502, routed)         4.555     8.642    lcd_inst/reset_n
    SLICE_X8Y94          FDCE                                         f  lcd_inst/init_rom_addr_reg[7]/CLR
  -------------------------------------------------------------------    -------------------

                         (clock clk_out1_clk_wiz_0 rise edge)
                                                      0.000     0.000 r  
    BUFGCTRL_X0Y0        BUFG                         0.000     0.000 r  main_clk_pll/inst/clkout1_buf/O
                         net (fo=162, routed)         1.455     1.455    lcd_inst/lcd_clk_pll/inst/clk_in1
    MMCME2_ADV_X0Y0      MMCME2_ADV (Prop_mmcme2_adv_CLKIN1_CLKOUT0)
                                                     -3.133    -1.678 r  lcd_inst/lcd_clk_pll/inst/mmcm_adv_inst/CLKOUT0
                         net (fo=1, routed)           1.587    -0.091    lcd_inst/lcd_clk_pll/inst/clk_out1_clk_wiz_0
    BUFGCTRL_X0Y1        BUFG (Prop_bufg_I_O)         0.091     0.000 r  lcd_inst/lcd_clk_pll/inst/clkout1_buf/O
                         net (fo=234, routed)         1.440     1.440    lcd_inst/clk_out1
    SLICE_X8Y94          FDCE                                         r  lcd_inst/init_rom_addr_reg[7]/C

Slack:                    inf
  Source:                 reset_n
                            (input port)
  Destination:            lcd_inst/init_rom_addr_reg_rep[2]/CLR
                            (recovery check against rising-edge clock clk_out1_clk_wiz_0  {rise@0.000ns fall@10.000ns period=20.000ns})
  Path Group:             (none)
  Path Type:              Recovery (Max at Slow Process Corner)
  Data Path Delay:        8.642ns  (logic 1.625ns (18.806%)  route 7.016ns (81.194%))
  Logic Levels:           2  (IBUF=1 LUT1=1)
  Clock Path Skew:        1.440ns (DCD - SCD + CPR)
    Destination Clock Delay (DCD):    1.440ns
    Source Clock Delay      (SCD):    0.000ns
    Clock Pessimism Removal (CPR):    0.000ns
  Clock Uncertainty:      0.264ns  ((TSJ^2 + DJ^2)^1/2) / 2 + PE
    Total System Jitter     (TSJ):    0.050ns
    Discrete Jitter          (DJ):    0.192ns
    Phase Error              (PE):    0.165ns

    Location             Delay type                Incr(ns)  Path(ns)    Netlist Resource(s)
  -------------------------------------------------------------------    -------------------
    H18                                               0.000     0.000 r  reset_n (IN)
                         net (fo=0)                   0.000     0.000    reset_n
    H18                  IBUF (Prop_ibuf_I_O)         1.501     1.501 r  reset_n_IBUF_inst/O
                         net (fo=15, routed)          2.462     3.963    lcd_inst/cmd_ndata_writer/reset_n_IBUF
    SLICE_X9Y76          LUT1 (Prop_lut1_I0_O)        0.124     4.087 f  lcd_inst/cmd_ndata_writer/FSM_sequential_wr_substate[2]_i_2/O
                         net (fo=502, routed)         4.555     8.642    lcd_inst/reset_n
    SLICE_X8Y94          FDCE                                         f  lcd_inst/init_rom_addr_reg_rep[2]/CLR
  -------------------------------------------------------------------    -------------------

                         (clock clk_out1_clk_wiz_0 rise edge)
                                                      0.000     0.000 r  
    BUFGCTRL_X0Y0        BUFG                         0.000     0.000 r  main_clk_pll/inst/clkout1_buf/O
                         net (fo=162, routed)         1.455     1.455    lcd_inst/lcd_clk_pll/inst/clk_in1
    MMCME2_ADV_X0Y0      MMCME2_ADV (Prop_mmcme2_adv_CLKIN1_CLKOUT0)
                                                     -3.133    -1.678 r  lcd_inst/lcd_clk_pll/inst/mmcm_adv_inst/CLKOUT0
                         net (fo=1, routed)           1.587    -0.091    lcd_inst/lcd_clk_pll/inst/clk_out1_clk_wiz_0
    BUFGCTRL_X0Y1        BUFG (Prop_bufg_I_O)         0.091     0.000 r  lcd_inst/lcd_clk_pll/inst/clkout1_buf/O
                         net (fo=234, routed)         1.440     1.440    lcd_inst/clk_out1
    SLICE_X8Y94          FDCE                                         r  lcd_inst/init_rom_addr_reg_rep[2]/C

Slack:                    inf
  Source:                 reset_n
                            (input port)
  Destination:            lcd_inst/init_rom_addr_reg_rep[7]/CLR
                            (recovery check against rising-edge clock clk_out1_clk_wiz_0  {rise@0.000ns fall@10.000ns period=20.000ns})
  Path Group:             (none)
  Path Type:              Recovery (Max at Slow Process Corner)
  Data Path Delay:        8.642ns  (logic 1.625ns (18.806%)  route 7.016ns (81.194%))
  Logic Levels:           2  (IBUF=1 LUT1=1)
  Clock Path Skew:        1.440ns (DCD - SCD + CPR)
    Destination Clock Delay (DCD):    1.440ns
    Source Clock Delay      (SCD):    0.000ns
    Clock Pessimism Removal (CPR):    0.000ns
  Clock Uncertainty:      0.264ns  ((TSJ^2 + DJ^2)^1/2) / 2 + PE
    Total System Jitter     (TSJ):    0.050ns
    Discrete Jitter          (DJ):    0.192ns
    Phase Error              (PE):    0.165ns

    Location             Delay type                Incr(ns)  Path(ns)    Netlist Resource(s)
  -------------------------------------------------------------------    -------------------
    H18                                               0.000     0.000 r  reset_n (IN)
                         net (fo=0)                   0.000     0.000    reset_n
    H18                  IBUF (Prop_ibuf_I_O)         1.501     1.501 r  reset_n_IBUF_inst/O
                         net (fo=15, routed)          2.462     3.963    lcd_inst/cmd_ndata_writer/reset_n_IBUF
    SLICE_X9Y76          LUT1 (Prop_lut1_I0_O)        0.124     4.087 f  lcd_inst/cmd_ndata_writer/FSM_sequential_wr_substate[2]_i_2/O
                         net (fo=502, routed)         4.555     8.642    lcd_inst/reset_n
    SLICE_X8Y94          FDCE                                         f  lcd_inst/init_rom_addr_reg_rep[7]/CLR
  -------------------------------------------------------------------    -------------------

                         (clock clk_out1_clk_wiz_0 rise edge)
                                                      0.000     0.000 r  
    BUFGCTRL_X0Y0        BUFG                         0.000     0.000 r  main_clk_pll/inst/clkout1_buf/O
                         net (fo=162, routed)         1.455     1.455    lcd_inst/lcd_clk_pll/inst/clk_in1
    MMCME2_ADV_X0Y0      MMCME2_ADV (Prop_mmcme2_adv_CLKIN1_CLKOUT0)
                                                     -3.133    -1.678 r  lcd_inst/lcd_clk_pll/inst/mmcm_adv_inst/CLKOUT0
                         net (fo=1, routed)           1.587    -0.091    lcd_inst/lcd_clk_pll/inst/clk_out1_clk_wiz_0
    BUFGCTRL_X0Y1        BUFG (Prop_bufg_I_O)         0.091     0.000 r  lcd_inst/lcd_clk_pll/inst/clkout1_buf/O
                         net (fo=234, routed)         1.440     1.440    lcd_inst/clk_out1
    SLICE_X8Y94          FDCE                                         r  lcd_inst/init_rom_addr_reg_rep[7]/C

Slack:                    inf
  Source:                 reset_n
                            (input port)
  Destination:            lcd_inst/init_rom_addr_reg[3]/CLR
                            (recovery check against rising-edge clock clk_out1_clk_wiz_0  {rise@0.000ns fall@10.000ns period=20.000ns})
  Path Group:             (none)
  Path Type:              Recovery (Max at Slow Process Corner)
  Data Path Delay:        8.503ns  (logic 1.625ns (19.112%)  route 6.878ns (80.888%))
  Logic Levels:           2  (IBUF=1 LUT1=1)
  Clock Path Skew:        1.440ns (DCD - SCD + CPR)
    Destination Clock Delay (DCD):    1.440ns
    Source Clock Delay      (SCD):    0.000ns
    Clock Pessimism Removal (CPR):    0.000ns
  Clock Uncertainty:      0.264ns  ((TSJ^2 + DJ^2)^1/2) / 2 + PE
    Total System Jitter     (TSJ):    0.050ns
    Discrete Jitter          (DJ):    0.192ns
    Phase Error              (PE):    0.165ns

    Location             Delay type                Incr(ns)  Path(ns)    Netlist Resource(s)
  -------------------------------------------------------------------    -------------------
    H18                                               0.000     0.000 r  reset_n (IN)
                         net (fo=0)                   0.000     0.000    reset_n
    H18                  IBUF (Prop_ibuf_I_O)         1.501     1.501 r  reset_n_IBUF_inst/O
                         net (fo=15, routed)          2.462     3.963    lcd_inst/cmd_ndata_writer/reset_n_IBUF
    SLICE_X9Y76          LUT1 (Prop_lut1_I0_O)        0.124     4.087 f  lcd_inst/cmd_ndata_writer/FSM_sequential_wr_substate[2]_i_2/O
                         net (fo=502, routed)         4.417     8.503    lcd_inst/reset_n
    SLICE_X9Y93          FDCE                                         f  lcd_inst/init_rom_addr_reg[3]/CLR
  -------------------------------------------------------------------    -------------------

                         (clock clk_out1_clk_wiz_0 rise edge)
                                                      0.000     0.000 r  
    BUFGCTRL_X0Y0        BUFG                         0.000     0.000 r  main_clk_pll/inst/clkout1_buf/O
                         net (fo=162, routed)         1.455     1.455    lcd_inst/lcd_clk_pll/inst/clk_in1
    MMCME2_ADV_X0Y0      MMCME2_ADV (Prop_mmcme2_adv_CLKIN1_CLKOUT0)
                                                     -3.133    -1.678 r  lcd_inst/lcd_clk_pll/inst/mmcm_adv_inst/CLKOUT0
                         net (fo=1, routed)           1.587    -0.091    lcd_inst/lcd_clk_pll/inst/clk_out1_clk_wiz_0
    BUFGCTRL_X0Y1        BUFG (Prop_bufg_I_O)         0.091     0.000 r  lcd_inst/lcd_clk_pll/inst/clkout1_buf/O
                         net (fo=234, routed)         1.440     1.440    lcd_inst/clk_out1
    SLICE_X9Y93          FDCE                                         r  lcd_inst/init_rom_addr_reg[3]/C

Slack:                    inf
  Source:                 reset_n
                            (input port)
  Destination:            lcd_inst/init_rom_addr_reg[4]/CLR
                            (recovery check against rising-edge clock clk_out1_clk_wiz_0  {rise@0.000ns fall@10.000ns period=20.000ns})
  Path Group:             (none)
  Path Type:              Recovery (Max at Slow Process Corner)
  Data Path Delay:        8.503ns  (logic 1.625ns (19.112%)  route 6.878ns (80.888%))
  Logic Levels:           2  (IBUF=1 LUT1=1)
  Clock Path Skew:        1.440ns (DCD - SCD + CPR)
    Destination Clock Delay (DCD):    1.440ns
    Source Clock Delay      (SCD):    0.000ns
    Clock Pessimism Removal (CPR):    0.000ns
  Clock Uncertainty:      0.264ns  ((TSJ^2 + DJ^2)^1/2) / 2 + PE
    Total System Jitter     (TSJ):    0.050ns
    Discrete Jitter          (DJ):    0.192ns
    Phase Error              (PE):    0.165ns

    Location             Delay type                Incr(ns)  Path(ns)    Netlist Resource(s)
  -------------------------------------------------------------------    -------------------
    H18                                               0.000     0.000 r  reset_n (IN)
                         net (fo=0)                   0.000     0.000    reset_n
    H18                  IBUF (Prop_ibuf_I_O)         1.501     1.501 r  reset_n_IBUF_inst/O
                         net (fo=15, routed)          2.462     3.963    lcd_inst/cmd_ndata_writer/reset_n_IBUF
    SLICE_X9Y76          LUT1 (Prop_lut1_I0_O)        0.124     4.087 f  lcd_inst/cmd_ndata_writer/FSM_sequential_wr_substate[2]_i_2/O
                         net (fo=502, routed)         4.417     8.503    lcd_inst/reset_n
    SLICE_X9Y93          FDCE                                         f  lcd_inst/init_rom_addr_reg[4]/CLR
  -------------------------------------------------------------------    -------------------

                         (clock clk_out1_clk_wiz_0 rise edge)
                                                      0.000     0.000 r  
    BUFGCTRL_X0Y0        BUFG                         0.000     0.000 r  main_clk_pll/inst/clkout1_buf/O
                         net (fo=162, routed)         1.455     1.455    lcd_inst/lcd_clk_pll/inst/clk_in1
    MMCME2_ADV_X0Y0      MMCME2_ADV (Prop_mmcme2_adv_CLKIN1_CLKOUT0)
                                                     -3.133    -1.678 r  lcd_inst/lcd_clk_pll/inst/mmcm_adv_inst/CLKOUT0
                         net (fo=1, routed)           1.587    -0.091    lcd_inst/lcd_clk_pll/inst/clk_out1_clk_wiz_0
    BUFGCTRL_X0Y1        BUFG (Prop_bufg_I_O)         0.091     0.000 r  lcd_inst/lcd_clk_pll/inst/clkout1_buf/O
                         net (fo=234, routed)         1.440     1.440    lcd_inst/clk_out1
    SLICE_X9Y93          FDCE                                         r  lcd_inst/init_rom_addr_reg[4]/C





Min Delay Paths
--------------------------------------------------------------------------------------
Slack:                    inf
  Source:                 reset_n
                            (input port)
  Destination:            lcd_inst/LCD_BL_reg_reg/CLR
                            (removal check against rising-edge clock clk_out1_clk_wiz_0  {rise@0.000ns fall@10.000ns period=20.000ns})
  Path Group:             (none)
  Path Type:              Removal (Min at Fast Process Corner)
  Data Path Delay:        1.585ns  (logic 0.314ns (19.798%)  route 1.271ns (80.202%))
  Logic Levels:           2  (IBUF=1 LUT1=1)
  Clock Path Skew:        0.848ns (DCD - SCD - CPR)
    Destination Clock Delay (DCD):    0.848ns
    Source Clock Delay      (SCD):    0.000ns
    Clock Pessimism Removal (CPR):    -0.000ns

    Location             Delay type                Incr(ns)  Path(ns)    Netlist Resource(s)
  -------------------------------------------------------------------    -------------------
    H18                                               0.000     0.000 r  reset_n (IN)
                         net (fo=0)                   0.000     0.000    reset_n
    H18                  IBUF (Prop_ibuf_I_O)         0.269     0.269 r  reset_n_IBUF_inst/O
                         net (fo=15, routed)          1.049     1.317    lcd_inst/cmd_ndata_writer/reset_n_IBUF
    SLICE_X9Y76          LUT1 (Prop_lut1_I0_O)        0.045     1.362 f  lcd_inst/cmd_ndata_writer/FSM_sequential_wr_substate[2]_i_2/O
                         net (fo=502, routed)         0.222     1.585    lcd_inst/reset_n
    SLICE_X2Y76          FDCE                                         f  lcd_inst/LCD_BL_reg_reg/CLR
  -------------------------------------------------------------------    -------------------

                         (clock clk_out1_clk_wiz_0 rise edge)
                                                      0.000     0.000 r  
    BUFGCTRL_X0Y0        BUFG                         0.000     0.000 r  main_clk_pll/inst/clkout1_buf/O
                         net (fo=162, routed)         0.816     0.816    lcd_inst/lcd_clk_pll/inst/clk_in1
    MMCME2_ADV_X0Y0      MMCME2_ADV (Prop_mmcme2_adv_CLKIN1_CLKOUT0)
                                                     -1.378    -0.563 r  lcd_inst/lcd_clk_pll/inst/mmcm_adv_inst/CLKOUT0
                         net (fo=1, routed)           0.534    -0.029    lcd_inst/lcd_clk_pll/inst/clk_out1_clk_wiz_0
    BUFGCTRL_X0Y1        BUFG (Prop_bufg_I_O)         0.029    -0.000 r  lcd_inst/lcd_clk_pll/inst/clkout1_buf/O
                         net (fo=234, routed)         0.848     0.848    lcd_inst/clk_out1
    SLICE_X2Y76          FDCE                                         r  lcd_inst/LCD_BL_reg_reg/C

Slack:                    inf
  Source:                 reset_n
                            (input port)
  Destination:            lcd_inst/total_pixels_reg[12]__1/CLR
                            (removal check against rising-edge clock clk_out1_clk_wiz_0  {rise@0.000ns fall@10.000ns period=20.000ns})
  Path Group:             (none)
  Path Type:              Removal (Min at Fast Process Corner)
  Data Path Delay:        1.643ns  (logic 0.314ns (19.091%)  route 1.330ns (80.909%))
  Logic Levels:           2  (IBUF=1 LUT1=1)
  Clock Path Skew:        0.826ns (DCD - SCD - CPR)
    Destination Clock Delay (DCD):    0.826ns
    Source Clock Delay      (SCD):    0.000ns
    Clock Pessimism Removal (CPR):    -0.000ns

    Location             Delay type                Incr(ns)  Path(ns)    Netlist Resource(s)
  -------------------------------------------------------------------    -------------------
    H18                                               0.000     0.000 r  reset_n (IN)
                         net (fo=0)                   0.000     0.000    reset_n
    H18                  IBUF (Prop_ibuf_I_O)         0.269     0.269 r  reset_n_IBUF_inst/O
                         net (fo=15, routed)          1.049     1.317    lcd_inst/cmd_ndata_writer/reset_n_IBUF
    SLICE_X9Y76          LUT1 (Prop_lut1_I0_O)        0.045     1.362 f  lcd_inst/cmd_ndata_writer/FSM_sequential_wr_substate[2]_i_2/O
                         net (fo=502, routed)         0.281     1.643    lcd_inst/reset_n
    SLICE_X11Y83         FDCE                                         f  lcd_inst/total_pixels_reg[12]__1/CLR
  -------------------------------------------------------------------    -------------------

                         (clock clk_out1_clk_wiz_0 rise edge)
                                                      0.000     0.000 r  
    BUFGCTRL_X0Y0        BUFG                         0.000     0.000 r  main_clk_pll/inst/clkout1_buf/O
                         net (fo=162, routed)         0.816     0.816    lcd_inst/lcd_clk_pll/inst/clk_in1
    MMCME2_ADV_X0Y0      MMCME2_ADV (Prop_mmcme2_adv_CLKIN1_CLKOUT0)
                                                     -1.378    -0.563 r  lcd_inst/lcd_clk_pll/inst/mmcm_adv_inst/CLKOUT0
                         net (fo=1, routed)           0.534    -0.029    lcd_inst/lcd_clk_pll/inst/clk_out1_clk_wiz_0
    BUFGCTRL_X0Y1        BUFG (Prop_bufg_I_O)         0.029    -0.000 r  lcd_inst/lcd_clk_pll/inst/clkout1_buf/O
                         net (fo=234, routed)         0.826     0.826    lcd_inst/clk_out1
    SLICE_X11Y83         FDCE                                         r  lcd_inst/total_pixels_reg[12]__1/C

Slack:                    inf
  Source:                 reset_n
                            (input port)
  Destination:            lcd_inst/total_pixels_reg[13]__1/CLR
                            (removal check against rising-edge clock clk_out1_clk_wiz_0  {rise@0.000ns fall@10.000ns period=20.000ns})
  Path Group:             (none)
  Path Type:              Removal (Min at Fast Process Corner)
  Data Path Delay:        1.643ns  (logic 0.314ns (19.091%)  route 1.330ns (80.909%))
  Logic Levels:           2  (IBUF=1 LUT1=1)
  Clock Path Skew:        0.826ns (DCD - SCD - CPR)
    Destination Clock Delay (DCD):    0.826ns
    Source Clock Delay      (SCD):    0.000ns
    Clock Pessimism Removal (CPR):    -0.000ns

    Location             Delay type                Incr(ns)  Path(ns)    Netlist Resource(s)
  -------------------------------------------------------------------    -------------------
    H18                                               0.000     0.000 r  reset_n (IN)
                         net (fo=0)                   0.000     0.000    reset_n
    H18                  IBUF (Prop_ibuf_I_O)         0.269     0.269 r  reset_n_IBUF_inst/O
                         net (fo=15, routed)          1.049     1.317    lcd_inst/cmd_ndata_writer/reset_n_IBUF
    SLICE_X9Y76          LUT1 (Prop_lut1_I0_O)        0.045     1.362 f  lcd_inst/cmd_ndata_writer/FSM_sequential_wr_substate[2]_i_2/O
                         net (fo=502, routed)         0.281     1.643    lcd_inst/reset_n
    SLICE_X11Y83         FDCE                                         f  lcd_inst/total_pixels_reg[13]__1/CLR
  -------------------------------------------------------------------    -------------------

                         (clock clk_out1_clk_wiz_0 rise edge)
                                                      0.000     0.000 r  
    BUFGCTRL_X0Y0        BUFG                         0.000     0.000 r  main_clk_pll/inst/clkout1_buf/O
                         net (fo=162, routed)         0.816     0.816    lcd_inst/lcd_clk_pll/inst/clk_in1
    MMCME2_ADV_X0Y0      MMCME2_ADV (Prop_mmcme2_adv_CLKIN1_CLKOUT0)
                                                     -1.378    -0.563 r  lcd_inst/lcd_clk_pll/inst/mmcm_adv_inst/CLKOUT0
                         net (fo=1, routed)           0.534    -0.029    lcd_inst/lcd_clk_pll/inst/clk_out1_clk_wiz_0
    BUFGCTRL_X0Y1        BUFG (Prop_bufg_I_O)         0.029    -0.000 r  lcd_inst/lcd_clk_pll/inst/clkout1_buf/O
                         net (fo=234, routed)         0.826     0.826    lcd_inst/clk_out1
    SLICE_X11Y83         FDCE                                         r  lcd_inst/total_pixels_reg[13]__1/C

Slack:                    inf
  Source:                 reset_n
                            (input port)
  Destination:            lcd_inst/total_pixels_reg[0]__1/CLR
                            (removal check against rising-edge clock clk_out1_clk_wiz_0  {rise@0.000ns fall@10.000ns period=20.000ns})
  Path Group:             (none)
  Path Type:              Removal (Min at Fast Process Corner)
  Data Path Delay:        1.663ns  (logic 0.314ns (18.867%)  route 1.349ns (81.133%))
  Logic Levels:           2  (IBUF=1 LUT1=1)
  Clock Path Skew:        0.823ns (DCD - SCD - CPR)
    Destination Clock Delay (DCD):    0.823ns
    Source Clock Delay      (SCD):    0.000ns
    Clock Pessimism Removal (CPR):    -0.000ns

    Location             Delay type                Incr(ns)  Path(ns)    Netlist Resource(s)
  -------------------------------------------------------------------    -------------------
    H18                                               0.000     0.000 r  reset_n (IN)
                         net (fo=0)                   0.000     0.000    reset_n
    H18                  IBUF (Prop_ibuf_I_O)         0.269     0.269 r  reset_n_IBUF_inst/O
                         net (fo=15, routed)          1.049     1.317    lcd_inst/cmd_ndata_writer/reset_n_IBUF
    SLICE_X9Y76          LUT1 (Prop_lut1_I0_O)        0.045     1.362 f  lcd_inst/cmd_ndata_writer/FSM_sequential_wr_substate[2]_i_2/O
                         net (fo=502, routed)         0.301     1.663    lcd_inst/reset_n
    SLICE_X11Y80         FDCE                                         f  lcd_inst/total_pixels_reg[0]__1/CLR
  -------------------------------------------------------------------    -------------------

                         (clock clk_out1_clk_wiz_0 rise edge)
                                                      0.000     0.000 r  
    BUFGCTRL_X0Y0        BUFG                         0.000     0.000 r  main_clk_pll/inst/clkout1_buf/O
                         net (fo=162, routed)         0.816     0.816    lcd_inst/lcd_clk_pll/inst/clk_in1
    MMCME2_ADV_X0Y0      MMCME2_ADV (Prop_mmcme2_adv_CLKIN1_CLKOUT0)
                                                     -1.378    -0.563 r  lcd_inst/lcd_clk_pll/inst/mmcm_adv_inst/CLKOUT0
                         net (fo=1, routed)           0.534    -0.029    lcd_inst/lcd_clk_pll/inst/clk_out1_clk_wiz_0
    BUFGCTRL_X0Y1        BUFG (Prop_bufg_I_O)         0.029    -0.000 r  lcd_inst/lcd_clk_pll/inst/clkout1_buf/O
                         net (fo=234, routed)         0.823     0.823    lcd_inst/clk_out1
    SLICE_X11Y80         FDCE                                         r  lcd_inst/total_pixels_reg[0]__1/C

Slack:                    inf
  Source:                 reset_n
                            (input port)
  Destination:            lcd_inst/total_pixels_reg[1]__1/CLR
                            (removal check against rising-edge clock clk_out1_clk_wiz_0  {rise@0.000ns fall@10.000ns period=20.000ns})
  Path Group:             (none)
  Path Type:              Removal (Min at Fast Process Corner)
  Data Path Delay:        1.663ns  (logic 0.314ns (18.867%)  route 1.349ns (81.133%))
  Logic Levels:           2  (IBUF=1 LUT1=1)
  Clock Path Skew:        0.823ns (DCD - SCD - CPR)
    Destination Clock Delay (DCD):    0.823ns
    Source Clock Delay      (SCD):    0.000ns
    Clock Pessimism Removal (CPR):    -0.000ns

    Location             Delay type                Incr(ns)  Path(ns)    Netlist Resource(s)
  -------------------------------------------------------------------    -------------------
    H18                                               0.000     0.000 r  reset_n (IN)
                         net (fo=0)                   0.000     0.000    reset_n
    H18                  IBUF (Prop_ibuf_I_O)         0.269     0.269 r  reset_n_IBUF_inst/O
                         net (fo=15, routed)          1.049     1.317    lcd_inst/cmd_ndata_writer/reset_n_IBUF
    SLICE_X9Y76          LUT1 (Prop_lut1_I0_O)        0.045     1.362 f  lcd_inst/cmd_ndata_writer/FSM_sequential_wr_substate[2]_i_2/O
                         net (fo=502, routed)         0.301     1.663    lcd_inst/reset_n
    SLICE_X11Y80         FDCE                                         f  lcd_inst/total_pixels_reg[1]__1/CLR
  -------------------------------------------------------------------    -------------------

                         (clock clk_out1_clk_wiz_0 rise edge)
                                                      0.000     0.000 r  
    BUFGCTRL_X0Y0        BUFG                         0.000     0.000 r  main_clk_pll/inst/clkout1_buf/O
                         net (fo=162, routed)         0.816     0.816    lcd_inst/lcd_clk_pll/inst/clk_in1
    MMCME2_ADV_X0Y0      MMCME2_ADV (Prop_mmcme2_adv_CLKIN1_CLKOUT0)
                                                     -1.378    -0.563 r  lcd_inst/lcd_clk_pll/inst/mmcm_adv_inst/CLKOUT0
                         net (fo=1, routed)           0.534    -0.029    lcd_inst/lcd_clk_pll/inst/clk_out1_clk_wiz_0
    BUFGCTRL_X0Y1        BUFG (Prop_bufg_I_O)         0.029    -0.000 r  lcd_inst/lcd_clk_pll/inst/clkout1_buf/O
                         net (fo=234, routed)         0.823     0.823    lcd_inst/clk_out1
    SLICE_X11Y80         FDCE                                         r  lcd_inst/total_pixels_reg[1]__1/C

Slack:                    inf
  Source:                 reset_n
                            (input port)
  Destination:            lcd_inst/total_pixels_reg[2]__1/CLR
                            (removal check against rising-edge clock clk_out1_clk_wiz_0  {rise@0.000ns fall@10.000ns period=20.000ns})
  Path Group:             (none)
  Path Type:              Removal (Min at Fast Process Corner)
  Data Path Delay:        1.663ns  (logic 0.314ns (18.867%)  route 1.349ns (81.133%))
  Logic Levels:           2  (IBUF=1 LUT1=1)
  Clock Path Skew:        0.823ns (DCD - SCD - CPR)
    Destination Clock Delay (DCD):    0.823ns
    Source Clock Delay      (SCD):    0.000ns
    Clock Pessimism Removal (CPR):    -0.000ns

    Location             Delay type                Incr(ns)  Path(ns)    Netlist Resource(s)
  -------------------------------------------------------------------    -------------------
    H18                                               0.000     0.000 r  reset_n (IN)
                         net (fo=0)                   0.000     0.000    reset_n
    H18                  IBUF (Prop_ibuf_I_O)         0.269     0.269 r  reset_n_IBUF_inst/O
                         net (fo=15, routed)          1.049     1.317    lcd_inst/cmd_ndata_writer/reset_n_IBUF
    SLICE_X9Y76          LUT1 (Prop_lut1_I0_O)        0.045     1.362 f  lcd_inst/cmd_ndata_writer/FSM_sequential_wr_substate[2]_i_2/O
                         net (fo=502, routed)         0.301     1.663    lcd_inst/reset_n
    SLICE_X10Y80         FDCE                                         f  lcd_inst/total_pixels_reg[2]__1/CLR
  -------------------------------------------------------------------    -------------------

                         (clock clk_out1_clk_wiz_0 rise edge)
                                                      0.000     0.000 r  
    BUFGCTRL_X0Y0        BUFG                         0.000     0.000 r  main_clk_pll/inst/clkout1_buf/O
                         net (fo=162, routed)         0.816     0.816    lcd_inst/lcd_clk_pll/inst/clk_in1
    MMCME2_ADV_X0Y0      MMCME2_ADV (Prop_mmcme2_adv_CLKIN1_CLKOUT0)
                                                     -1.378    -0.563 r  lcd_inst/lcd_clk_pll/inst/mmcm_adv_inst/CLKOUT0
                         net (fo=1, routed)           0.534    -0.029    lcd_inst/lcd_clk_pll/inst/clk_out1_clk_wiz_0
    BUFGCTRL_X0Y1        BUFG (Prop_bufg_I_O)         0.029    -0.000 r  lcd_inst/lcd_clk_pll/inst/clkout1_buf/O
                         net (fo=234, routed)         0.823     0.823    lcd_inst/clk_out1
    SLICE_X10Y80         FDCE                                         r  lcd_inst/total_pixels_reg[2]__1/C

Slack:                    inf
  Source:                 reset_n
                            (input port)
  Destination:            lcd_inst/total_pixels_reg[3]__1/CLR
                            (removal check against rising-edge clock clk_out1_clk_wiz_0  {rise@0.000ns fall@10.000ns period=20.000ns})
  Path Group:             (none)
  Path Type:              Removal (Min at Fast Process Corner)
  Data Path Delay:        1.663ns  (logic 0.314ns (18.867%)  route 1.349ns (81.133%))
  Logic Levels:           2  (IBUF=1 LUT1=1)
  Clock Path Skew:        0.823ns (DCD - SCD - CPR)
    Destination Clock Delay (DCD):    0.823ns
    Source Clock Delay      (SCD):    0.000ns
    Clock Pessimism Removal (CPR):    -0.000ns

    Location             Delay type                Incr(ns)  Path(ns)    Netlist Resource(s)
  -------------------------------------------------------------------    -------------------
    H18                                               0.000     0.000 r  reset_n (IN)
                         net (fo=0)                   0.000     0.000    reset_n
    H18                  IBUF (Prop_ibuf_I_O)         0.269     0.269 r  reset_n_IBUF_inst/O
                         net (fo=15, routed)          1.049     1.317    lcd_inst/cmd_ndata_writer/reset_n_IBUF
    SLICE_X9Y76          LUT1 (Prop_lut1_I0_O)        0.045     1.362 f  lcd_inst/cmd_ndata_writer/FSM_sequential_wr_substate[2]_i_2/O
                         net (fo=502, routed)         0.301     1.663    lcd_inst/reset_n
    SLICE_X11Y80         FDCE                                         f  lcd_inst/total_pixels_reg[3]__1/CLR
  -------------------------------------------------------------------    -------------------

                         (clock clk_out1_clk_wiz_0 rise edge)
                                                      0.000     0.000 r  
    BUFGCTRL_X0Y0        BUFG                         0.000     0.000 r  main_clk_pll/inst/clkout1_buf/O
                         net (fo=162, routed)         0.816     0.816    lcd_inst/lcd_clk_pll/inst/clk_in1
    MMCME2_ADV_X0Y0      MMCME2_ADV (Prop_mmcme2_adv_CLKIN1_CLKOUT0)
                                                     -1.378    -0.563 r  lcd_inst/lcd_clk_pll/inst/mmcm_adv_inst/CLKOUT0
                         net (fo=1, routed)           0.534    -0.029    lcd_inst/lcd_clk_pll/inst/clk_out1_clk_wiz_0
    BUFGCTRL_X0Y1        BUFG (Prop_bufg_I_O)         0.029    -0.000 r  lcd_inst/lcd_clk_pll/inst/clkout1_buf/O
                         net (fo=234, routed)         0.823     0.823    lcd_inst/clk_out1
    SLICE_X11Y80         FDCE                                         r  lcd_inst/total_pixels_reg[3]__1/C

Slack:                    inf
  Source:                 reset_n
                            (input port)
  Destination:            lcd_inst/total_pixels_reg[5]__1/CLR
                            (removal check against rising-edge clock clk_out1_clk_wiz_0  {rise@0.000ns fall@10.000ns period=20.000ns})
  Path Group:             (none)
  Path Type:              Removal (Min at Fast Process Corner)
  Data Path Delay:        1.663ns  (logic 0.314ns (18.867%)  route 1.349ns (81.133%))
  Logic Levels:           2  (IBUF=1 LUT1=1)
  Clock Path Skew:        0.823ns (DCD - SCD - CPR)
    Destination Clock Delay (DCD):    0.823ns
    Source Clock Delay      (SCD):    0.000ns
    Clock Pessimism Removal (CPR):    -0.000ns

    Location             Delay type                Incr(ns)  Path(ns)    Netlist Resource(s)
  -------------------------------------------------------------------    -------------------
    H18                                               0.000     0.000 r  reset_n (IN)
                         net (fo=0)                   0.000     0.000    reset_n
    H18                  IBUF (Prop_ibuf_I_O)         0.269     0.269 r  reset_n_IBUF_inst/O
                         net (fo=15, routed)          1.049     1.317    lcd_inst/cmd_ndata_writer/reset_n_IBUF
    SLICE_X9Y76          LUT1 (Prop_lut1_I0_O)        0.045     1.362 f  lcd_inst/cmd_ndata_writer/FSM_sequential_wr_substate[2]_i_2/O
                         net (fo=502, routed)         0.301     1.663    lcd_inst/reset_n
    SLICE_X11Y80         FDCE                                         f  lcd_inst/total_pixels_reg[5]__1/CLR
  -------------------------------------------------------------------    -------------------

                         (clock clk_out1_clk_wiz_0 rise edge)
                                                      0.000     0.000 r  
    BUFGCTRL_X0Y0        BUFG                         0.000     0.000 r  main_clk_pll/inst/clkout1_buf/O
                         net (fo=162, routed)         0.816     0.816    lcd_inst/lcd_clk_pll/inst/clk_in1
    MMCME2_ADV_X0Y0      MMCME2_ADV (Prop_mmcme2_adv_CLKIN1_CLKOUT0)
                                                     -1.378    -0.563 r  lcd_inst/lcd_clk_pll/inst/mmcm_adv_inst/CLKOUT0
                         net (fo=1, routed)           0.534    -0.029    lcd_inst/lcd_clk_pll/inst/clk_out1_clk_wiz_0
    BUFGCTRL_X0Y1        BUFG (Prop_bufg_I_O)         0.029    -0.000 r  lcd_inst/lcd_clk_pll/inst/clkout1_buf/O
                         net (fo=234, routed)         0.823     0.823    lcd_inst/clk_out1
    SLICE_X11Y80         FDCE                                         r  lcd_inst/total_pixels_reg[5]__1/C

Slack:                    inf
  Source:                 lcd_inst/lcd_clk_pll/inst/mmcm_adv_inst/LOCKED
                            (internal pin)
  Destination:            lcd_inst/init_done_reg/D
                            (rising edge-triggered cell FDCE clocked by clk_out1_clk_wiz_0  {rise@0.000ns fall@10.000ns period=20.000ns})
  Path Group:             (none)
  Path Type:              Hold (Min at Fast Process Corner)
  Data Path Delay:        1.670ns  (logic 0.045ns (2.695%)  route 1.625ns (97.305%))
  Logic Levels:           1  (LUT6=1)
  Clock Uncertainty:      0.264ns  ((TSJ^2 + DJ^2)^1/2) / 2 + PE
    Total System Jitter     (TSJ):    0.050ns
    Discrete Jitter          (DJ):    0.192ns
    Phase Error              (PE):    0.165ns

    Location             Delay type                Incr(ns)  Path(ns)    Netlist Resource(s)
  -------------------------------------------------------------------    -------------------
    MMCME2_ADV_X0Y0      MMCME2_ADV                   0.000     0.000 f  lcd_inst/lcd_clk_pll/inst/mmcm_adv_inst/LOCKED
                         net (fo=5, routed)           1.625     1.625    lcd_inst/pll_locked
    SLICE_X3Y89          LUT6 (Prop_lut6_I3_O)        0.045     1.670 r  lcd_inst/init_done_i_1/O
                         net (fo=1, routed)           0.000     1.670    lcd_inst/init_done_i_1_n_0
    SLICE_X3Y89          FDCE                                         r  lcd_inst/init_done_reg/D
  -------------------------------------------------------------------    -------------------

                         (clock clk_out1_clk_wiz_0 rise edge)
                                                      0.000     0.000 r  
    BUFGCTRL_X0Y0        BUFG                         0.000     0.000 r  main_clk_pll/inst/clkout1_buf/O
                         net (fo=162, routed)         0.816     0.816    lcd_inst/lcd_clk_pll/inst/clk_in1
    MMCME2_ADV_X0Y0      MMCME2_ADV (Prop_mmcme2_adv_CLKIN1_CLKOUT0)
                                                     -1.378    -0.563 r  lcd_inst/lcd_clk_pll/inst/mmcm_adv_inst/CLKOUT0
                         net (fo=1, routed)           0.534    -0.029    lcd_inst/lcd_clk_pll/inst/clk_out1_clk_wiz_0
    BUFGCTRL_X0Y1        BUFG (Prop_bufg_I_O)         0.029    -0.000 r  lcd_inst/lcd_clk_pll/inst/clkout1_buf/O
                         net (fo=234, routed)         0.861     0.861    lcd_inst/clk_out1
    SLICE_X3Y89          FDCE                                         r  lcd_inst/init_done_reg/C

Slack:                    inf
  Source:                 reset_n
                            (input port)
  Destination:            lcd_inst/start_read_data_reg_reg/D
                            (rising edge-triggered cell FDRE clocked by clk_out1_clk_wiz_0  {rise@0.000ns fall@10.000ns period=20.000ns})
  Path Group:             (none)
  Path Type:              Hold (Min at Fast Process Corner)
  Data Path Delay:        1.719ns  (logic 0.314ns (18.253%)  route 1.405ns (81.747%))
  Logic Levels:           2  (IBUF=1 LUT6=1)
  Clock Path Skew:        0.856ns (DCD - SCD - CPR)
    Destination Clock Delay (DCD):    0.856ns
    Source Clock Delay      (SCD):    0.000ns
    Clock Pessimism Removal (CPR):    -0.000ns

    Location             Delay type                Incr(ns)  Path(ns)    Netlist Resource(s)
  -------------------------------------------------------------------    -------------------
    H18                                               0.000     0.000 r  reset_n (IN)
                         net (fo=0)                   0.000     0.000    reset_n
    H18                  IBUF (Prop_ibuf_I_O)         0.269     0.269 r  reset_n_IBUF_inst/O
                         net (fo=15, routed)          1.405     1.674    lcd_inst/cmd_ndata_writer/reset_n_IBUF
    SLICE_X4Y84          LUT6 (Prop_lut6_I4_O)        0.045     1.719 r  lcd_inst/cmd_ndata_writer/start_read_data_reg_i_1/O
                         net (fo=1, routed)           0.000     1.719    lcd_inst/cmd_ndata_writer_n_29
    SLICE_X4Y84          FDRE                                         r  lcd_inst/start_read_data_reg_reg/D
  -------------------------------------------------------------------    -------------------

                         (clock clk_out1_clk_wiz_0 rise edge)
                                                      0.000     0.000 r  
    BUFGCTRL_X0Y0        BUFG                         0.000     0.000 r  main_clk_pll/inst/clkout1_buf/O
                         net (fo=162, routed)         0.816     0.816    lcd_inst/lcd_clk_pll/inst/clk_in1
    MMCME2_ADV_X0Y0      MMCME2_ADV (Prop_mmcme2_adv_CLKIN1_CLKOUT0)
                                                     -1.378    -0.563 r  lcd_inst/lcd_clk_pll/inst/mmcm_adv_inst/CLKOUT0
                         net (fo=1, routed)           0.534    -0.029    lcd_inst/lcd_clk_pll/inst/clk_out1_clk_wiz_0
    BUFGCTRL_X0Y1        BUFG (Prop_bufg_I_O)         0.029    -0.000 r  lcd_inst/lcd_clk_pll/inst/clkout1_buf/O
                         net (fo=234, routed)         0.855     0.855    lcd_inst/clk_out1
    SLICE_X4Y84          FDRE                                         r  lcd_inst/start_read_data_reg_reg/C





--------------------------------------------------------------------------------------
Path Group:  (none)
From Clock:  
  To Clock:  clk_out1_clk_wiz_1

Max Delay           166 Endpoints
Min Delay           166 Endpoints
--------------------------------------------------------------------------------------


Max Delay Paths
--------------------------------------------------------------------------------------
Slack:                    inf
  Source:                 reset_n
                            (input port)
  Destination:            x_end_reg[6]/CLR
                            (recovery check against rising-edge clock clk_out1_clk_wiz_1  {rise@0.000ns fall@41.667ns period=83.333ns})
  Path Group:             (none)
  Path Type:              Recovery (Max at Slow Process Corner)
  Data Path Delay:        9.302ns  (logic 1.625ns (17.470%)  route 7.677ns (82.530%))
  Logic Levels:           2  (IBUF=1 LUT1=1)
  Clock Path Skew:        1.437ns (DCD - SCD + CPR)
    Destination Clock Delay (DCD):    1.437ns
    Source Clock Delay      (SCD):    0.000ns
    Clock Pessimism Removal (CPR):    0.000ns
  Clock Uncertainty:      0.302ns  ((TSJ^2 + DJ^2)^1/2) / 2 + PE
    Total System Jitter     (TSJ):    0.050ns
    Discrete Jitter          (DJ):    0.273ns
    Phase Error              (PE):    0.163ns

    Location             Delay type                Incr(ns)  Path(ns)    Netlist Resource(s)
  -------------------------------------------------------------------    -------------------
    H18                                               0.000     0.000 r  reset_n (IN)
                         net (fo=0)                   0.000     0.000    reset_n
    H18                  IBUF (Prop_ibuf_I_O)         1.501     1.501 r  reset_n_IBUF_inst/O
                         net (fo=15, routed)          2.462     3.963    lcd_inst/cmd_ndata_writer/reset_n_IBUF
    SLICE_X9Y76          LUT1 (Prop_lut1_I0_O)        0.124     4.087 f  lcd_inst/cmd_ndata_writer/FSM_sequential_wr_substate[2]_i_2/O
                         net (fo=502, routed)         5.216     9.302    lcd_inst_n_31
    SLICE_X15Y88         FDCE                                         f  x_end_reg[6]/CLR
  -------------------------------------------------------------------    -------------------

                         (clock clk_out1_clk_wiz_1 rise edge)
                                                      0.000     0.000 r  
    BUFGCTRL_X0Y2        BUFG                         0.000     0.000 r  clk_IBUF_BUFG_inst/O
                         net (fo=187, routed)         1.457     1.457    main_clk_pll/inst/clk_in1
    MMCME2_ADV_X1Y0      MMCME2_ADV (Prop_mmcme2_adv_CLKIN1_CLKOUT0)
                                                     -3.129    -1.672 r  main_clk_pll/inst/mmcm_adv_inst/CLKOUT0
                         net (fo=1, routed)           1.581    -0.091    main_clk_pll/inst/clk_out1_clk_wiz_1
    BUFGCTRL_X0Y0        BUFG (Prop_bufg_I_O)         0.091     0.000 r  main_clk_pll/inst/clkout1_buf/O
                         net (fo=162, routed)         1.437     1.437    la_out_OBUF[5]
    SLICE_X15Y88         FDCE                                         r  x_end_reg[6]/C

Slack:                    inf
  Source:                 reset_n
                            (input port)
  Destination:            x_start_reg[8]/CLR
                            (recovery check against rising-edge clock clk_out1_clk_wiz_1  {rise@0.000ns fall@41.667ns period=83.333ns})
  Path Group:             (none)
  Path Type:              Recovery (Max at Slow Process Corner)
  Data Path Delay:        9.302ns  (logic 1.625ns (17.470%)  route 7.677ns (82.530%))
  Logic Levels:           2  (IBUF=1 LUT1=1)
  Clock Path Skew:        1.437ns (DCD - SCD + CPR)
    Destination Clock Delay (DCD):    1.437ns
    Source Clock Delay      (SCD):    0.000ns
    Clock Pessimism Removal (CPR):    0.000ns
  Clock Uncertainty:      0.302ns  ((TSJ^2 + DJ^2)^1/2) / 2 + PE
    Total System Jitter     (TSJ):    0.050ns
    Discrete Jitter          (DJ):    0.273ns
    Phase Error              (PE):    0.163ns

    Location             Delay type                Incr(ns)  Path(ns)    Netlist Resource(s)
  -------------------------------------------------------------------    -------------------
    H18                                               0.000     0.000 r  reset_n (IN)
                         net (fo=0)                   0.000     0.000    reset_n
    H18                  IBUF (Prop_ibuf_I_O)         1.501     1.501 r  reset_n_IBUF_inst/O
                         net (fo=15, routed)          2.462     3.963    lcd_inst/cmd_ndata_writer/reset_n_IBUF
    SLICE_X9Y76          LUT1 (Prop_lut1_I0_O)        0.124     4.087 f  lcd_inst/cmd_ndata_writer/FSM_sequential_wr_substate[2]_i_2/O
                         net (fo=502, routed)         5.216     9.302    lcd_inst_n_31
    SLICE_X14Y88         FDCE                                         f  x_start_reg[8]/CLR
  -------------------------------------------------------------------    -------------------

                         (clock clk_out1_clk_wiz_1 rise edge)
                                                      0.000     0.000 r  
    BUFGCTRL_X0Y2        BUFG                         0.000     0.000 r  clk_IBUF_BUFG_inst/O
                         net (fo=187, routed)         1.457     1.457    main_clk_pll/inst/clk_in1
    MMCME2_ADV_X1Y0      MMCME2_ADV (Prop_mmcme2_adv_CLKIN1_CLKOUT0)
                                                     -3.129    -1.672 r  main_clk_pll/inst/mmcm_adv_inst/CLKOUT0
                         net (fo=1, routed)           1.581    -0.091    main_clk_pll/inst/clk_out1_clk_wiz_1
    BUFGCTRL_X0Y0        BUFG (Prop_bufg_I_O)         0.091     0.000 r  main_clk_pll/inst/clkout1_buf/O
                         net (fo=162, routed)         1.437     1.437    la_out_OBUF[5]
    SLICE_X14Y88         FDCE                                         r  x_start_reg[8]/C

Slack:                    inf
  Source:                 reset_n
                            (input port)
  Destination:            x_end_reg[5]/CLR
                            (recovery check against rising-edge clock clk_out1_clk_wiz_1  {rise@0.000ns fall@41.667ns period=83.333ns})
  Path Group:             (none)
  Path Type:              Recovery (Max at Slow Process Corner)
  Data Path Delay:        9.203ns  (logic 1.625ns (17.658%)  route 7.578ns (82.342%))
  Logic Levels:           2  (IBUF=1 LUT1=1)
  Clock Path Skew:        1.436ns (DCD - SCD + CPR)
    Destination Clock Delay (DCD):    1.436ns
    Source Clock Delay      (SCD):    0.000ns
    Clock Pessimism Removal (CPR):    0.000ns
  Clock Uncertainty:      0.302ns  ((TSJ^2 + DJ^2)^1/2) / 2 + PE
    Total System Jitter     (TSJ):    0.050ns
    Discrete Jitter          (DJ):    0.273ns
    Phase Error              (PE):    0.163ns

    Location             Delay type                Incr(ns)  Path(ns)    Netlist Resource(s)
  -------------------------------------------------------------------    -------------------
    H18                                               0.000     0.000 r  reset_n (IN)
                         net (fo=0)                   0.000     0.000    reset_n
    H18                  IBUF (Prop_ibuf_I_O)         1.501     1.501 r  reset_n_IBUF_inst/O
                         net (fo=15, routed)          2.462     3.963    lcd_inst/cmd_ndata_writer/reset_n_IBUF
    SLICE_X9Y76          LUT1 (Prop_lut1_I0_O)        0.124     4.087 f  lcd_inst/cmd_ndata_writer/FSM_sequential_wr_substate[2]_i_2/O
                         net (fo=502, routed)         5.117     9.203    lcd_inst_n_31
    SLICE_X14Y87         FDCE                                         f  x_end_reg[5]/CLR
  -------------------------------------------------------------------    -------------------

                         (clock clk_out1_clk_wiz_1 rise edge)
                                                      0.000     0.000 r  
    BUFGCTRL_X0Y2        BUFG                         0.000     0.000 r  clk_IBUF_BUFG_inst/O
                         net (fo=187, routed)         1.457     1.457    main_clk_pll/inst/clk_in1
    MMCME2_ADV_X1Y0      MMCME2_ADV (Prop_mmcme2_adv_CLKIN1_CLKOUT0)
                                                     -3.129    -1.672 r  main_clk_pll/inst/mmcm_adv_inst/CLKOUT0
                         net (fo=1, routed)           1.581    -0.091    main_clk_pll/inst/clk_out1_clk_wiz_1
    BUFGCTRL_X0Y0        BUFG (Prop_bufg_I_O)         0.091     0.000 r  main_clk_pll/inst/clkout1_buf/O
                         net (fo=162, routed)         1.436     1.436    la_out_OBUF[5]
    SLICE_X14Y87         FDCE                                         r  x_end_reg[5]/C

Slack:                    inf
  Source:                 reset_n
                            (input port)
  Destination:            x_end_reg[7]/CLR
                            (recovery check against rising-edge clock clk_out1_clk_wiz_1  {rise@0.000ns fall@41.667ns period=83.333ns})
  Path Group:             (none)
  Path Type:              Recovery (Max at Slow Process Corner)
  Data Path Delay:        9.203ns  (logic 1.625ns (17.658%)  route 7.578ns (82.342%))
  Logic Levels:           2  (IBUF=1 LUT1=1)
  Clock Path Skew:        1.436ns (DCD - SCD + CPR)
    Destination Clock Delay (DCD):    1.436ns
    Source Clock Delay      (SCD):    0.000ns
    Clock Pessimism Removal (CPR):    0.000ns
  Clock Uncertainty:      0.302ns  ((TSJ^2 + DJ^2)^1/2) / 2 + PE
    Total System Jitter     (TSJ):    0.050ns
    Discrete Jitter          (DJ):    0.273ns
    Phase Error              (PE):    0.163ns

    Location             Delay type                Incr(ns)  Path(ns)    Netlist Resource(s)
  -------------------------------------------------------------------    -------------------
    H18                                               0.000     0.000 r  reset_n (IN)
                         net (fo=0)                   0.000     0.000    reset_n
    H18                  IBUF (Prop_ibuf_I_O)         1.501     1.501 r  reset_n_IBUF_inst/O
                         net (fo=15, routed)          2.462     3.963    lcd_inst/cmd_ndata_writer/reset_n_IBUF
    SLICE_X9Y76          LUT1 (Prop_lut1_I0_O)        0.124     4.087 f  lcd_inst/cmd_ndata_writer/FSM_sequential_wr_substate[2]_i_2/O
                         net (fo=502, routed)         5.117     9.203    lcd_inst_n_31
    SLICE_X15Y87         FDCE                                         f  x_end_reg[7]/CLR
  -------------------------------------------------------------------    -------------------

                         (clock clk_out1_clk_wiz_1 rise edge)
                                                      0.000     0.000 r  
    BUFGCTRL_X0Y2        BUFG                         0.000     0.000 r  clk_IBUF_BUFG_inst/O
                         net (fo=187, routed)         1.457     1.457    main_clk_pll/inst/clk_in1
    MMCME2_ADV_X1Y0      MMCME2_ADV (Prop_mmcme2_adv_CLKIN1_CLKOUT0)
                                                     -3.129    -1.672 r  main_clk_pll/inst/mmcm_adv_inst/CLKOUT0
                         net (fo=1, routed)           1.581    -0.091    main_clk_pll/inst/clk_out1_clk_wiz_1
    BUFGCTRL_X0Y0        BUFG (Prop_bufg_I_O)         0.091     0.000 r  main_clk_pll/inst/clkout1_buf/O
                         net (fo=162, routed)         1.436     1.436    la_out_OBUF[5]
    SLICE_X15Y87         FDCE                                         r  x_end_reg[7]/C

Slack:                    inf
  Source:                 reset_n
                            (input port)
  Destination:            x_start_reg[3]/CLR
                            (recovery check against rising-edge clock clk_out1_clk_wiz_1  {rise@0.000ns fall@41.667ns period=83.333ns})
  Path Group:             (none)
  Path Type:              Recovery (Max at Slow Process Corner)
  Data Path Delay:        9.203ns  (logic 1.625ns (17.658%)  route 7.578ns (82.342%))
  Logic Levels:           2  (IBUF=1 LUT1=1)
  Clock Path Skew:        1.436ns (DCD - SCD + CPR)
    Destination Clock Delay (DCD):    1.436ns
    Source Clock Delay      (SCD):    0.000ns
    Clock Pessimism Removal (CPR):    0.000ns
  Clock Uncertainty:      0.302ns  ((TSJ^2 + DJ^2)^1/2) / 2 + PE
    Total System Jitter     (TSJ):    0.050ns
    Discrete Jitter          (DJ):    0.273ns
    Phase Error              (PE):    0.163ns

    Location             Delay type                Incr(ns)  Path(ns)    Netlist Resource(s)
  -------------------------------------------------------------------    -------------------
    H18                                               0.000     0.000 r  reset_n (IN)
                         net (fo=0)                   0.000     0.000    reset_n
    H18                  IBUF (Prop_ibuf_I_O)         1.501     1.501 r  reset_n_IBUF_inst/O
                         net (fo=15, routed)          2.462     3.963    lcd_inst/cmd_ndata_writer/reset_n_IBUF
    SLICE_X9Y76          LUT1 (Prop_lut1_I0_O)        0.124     4.087 f  lcd_inst/cmd_ndata_writer/FSM_sequential_wr_substate[2]_i_2/O
                         net (fo=502, routed)         5.117     9.203    lcd_inst_n_31
    SLICE_X15Y87         FDCE                                         f  x_start_reg[3]/CLR
  -------------------------------------------------------------------    -------------------

                         (clock clk_out1_clk_wiz_1 rise edge)
                                                      0.000     0.000 r  
    BUFGCTRL_X0Y2        BUFG                         0.000     0.000 r  clk_IBUF_BUFG_inst/O
                         net (fo=187, routed)         1.457     1.457    main_clk_pll/inst/clk_in1
    MMCME2_ADV_X1Y0      MMCME2_ADV (Prop_mmcme2_adv_CLKIN1_CLKOUT0)
                                                     -3.129    -1.672 r  main_clk_pll/inst/mmcm_adv_inst/CLKOUT0
                         net (fo=1, routed)           1.581    -0.091    main_clk_pll/inst/clk_out1_clk_wiz_1
    BUFGCTRL_X0Y0        BUFG (Prop_bufg_I_O)         0.091     0.000 r  main_clk_pll/inst/clkout1_buf/O
                         net (fo=162, routed)         1.436     1.436    la_out_OBUF[5]
    SLICE_X15Y87         FDCE                                         r  x_start_reg[3]/C

Slack:                    inf
  Source:                 reset_n
                            (input port)
  Destination:            x_start_reg[4]/CLR
                            (recovery check against rising-edge clock clk_out1_clk_wiz_1  {rise@0.000ns fall@41.667ns period=83.333ns})
  Path Group:             (none)
  Path Type:              Recovery (Max at Slow Process Corner)
  Data Path Delay:        9.203ns  (logic 1.625ns (17.658%)  route 7.578ns (82.342%))
  Logic Levels:           2  (IBUF=1 LUT1=1)
  Clock Path Skew:        1.436ns (DCD - SCD + CPR)
    Destination Clock Delay (DCD):    1.436ns
    Source Clock Delay      (SCD):    0.000ns
    Clock Pessimism Removal (CPR):    0.000ns
  Clock Uncertainty:      0.302ns  ((TSJ^2 + DJ^2)^1/2) / 2 + PE
    Total System Jitter     (TSJ):    0.050ns
    Discrete Jitter          (DJ):    0.273ns
    Phase Error              (PE):    0.163ns

    Location             Delay type                Incr(ns)  Path(ns)    Netlist Resource(s)
  -------------------------------------------------------------------    -------------------
    H18                                               0.000     0.000 r  reset_n (IN)
                         net (fo=0)                   0.000     0.000    reset_n
    H18                  IBUF (Prop_ibuf_I_O)         1.501     1.501 r  reset_n_IBUF_inst/O
                         net (fo=15, routed)          2.462     3.963    lcd_inst/cmd_ndata_writer/reset_n_IBUF
    SLICE_X9Y76          LUT1 (Prop_lut1_I0_O)        0.124     4.087 f  lcd_inst/cmd_ndata_writer/FSM_sequential_wr_substate[2]_i_2/O
                         net (fo=502, routed)         5.117     9.203    lcd_inst_n_31
    SLICE_X15Y87         FDCE                                         f  x_start_reg[4]/CLR
  -------------------------------------------------------------------    -------------------

                         (clock clk_out1_clk_wiz_1 rise edge)
                                                      0.000     0.000 r  
    BUFGCTRL_X0Y2        BUFG                         0.000     0.000 r  clk_IBUF_BUFG_inst/O
                         net (fo=187, routed)         1.457     1.457    main_clk_pll/inst/clk_in1
    MMCME2_ADV_X1Y0      MMCME2_ADV (Prop_mmcme2_adv_CLKIN1_CLKOUT0)
                                                     -3.129    -1.672 r  main_clk_pll/inst/mmcm_adv_inst/CLKOUT0
                         net (fo=1, routed)           1.581    -0.091    main_clk_pll/inst/clk_out1_clk_wiz_1
    BUFGCTRL_X0Y0        BUFG (Prop_bufg_I_O)         0.091     0.000 r  main_clk_pll/inst/clkout1_buf/O
                         net (fo=162, routed)         1.436     1.436    la_out_OBUF[5]
    SLICE_X15Y87         FDCE                                         r  x_start_reg[4]/C

Slack:                    inf
  Source:                 reset_n
                            (input port)
  Destination:            x_start_reg[5]/CLR
                            (recovery check against rising-edge clock clk_out1_clk_wiz_1  {rise@0.000ns fall@41.667ns period=83.333ns})
  Path Group:             (none)
  Path Type:              Recovery (Max at Slow Process Corner)
  Data Path Delay:        9.203ns  (logic 1.625ns (17.658%)  route 7.578ns (82.342%))
  Logic Levels:           2  (IBUF=1 LUT1=1)
  Clock Path Skew:        1.436ns (DCD - SCD + CPR)
    Destination Clock Delay (DCD):    1.436ns
    Source Clock Delay      (SCD):    0.000ns
    Clock Pessimism Removal (CPR):    0.000ns
  Clock Uncertainty:      0.302ns  ((TSJ^2 + DJ^2)^1/2) / 2 + PE
    Total System Jitter     (TSJ):    0.050ns
    Discrete Jitter          (DJ):    0.273ns
    Phase Error              (PE):    0.163ns

    Location             Delay type                Incr(ns)  Path(ns)    Netlist Resource(s)
  -------------------------------------------------------------------    -------------------
    H18                                               0.000     0.000 r  reset_n (IN)
                         net (fo=0)                   0.000     0.000    reset_n
    H18                  IBUF (Prop_ibuf_I_O)         1.501     1.501 r  reset_n_IBUF_inst/O
                         net (fo=15, routed)          2.462     3.963    lcd_inst/cmd_ndata_writer/reset_n_IBUF
    SLICE_X9Y76          LUT1 (Prop_lut1_I0_O)        0.124     4.087 f  lcd_inst/cmd_ndata_writer/FSM_sequential_wr_substate[2]_i_2/O
                         net (fo=502, routed)         5.117     9.203    lcd_inst_n_31
    SLICE_X15Y87         FDCE                                         f  x_start_reg[5]/CLR
  -------------------------------------------------------------------    -------------------

                         (clock clk_out1_clk_wiz_1 rise edge)
                                                      0.000     0.000 r  
    BUFGCTRL_X0Y2        BUFG                         0.000     0.000 r  clk_IBUF_BUFG_inst/O
                         net (fo=187, routed)         1.457     1.457    main_clk_pll/inst/clk_in1
    MMCME2_ADV_X1Y0      MMCME2_ADV (Prop_mmcme2_adv_CLKIN1_CLKOUT0)
                                                     -3.129    -1.672 r  main_clk_pll/inst/mmcm_adv_inst/CLKOUT0
                         net (fo=1, routed)           1.581    -0.091    main_clk_pll/inst/clk_out1_clk_wiz_1
    BUFGCTRL_X0Y0        BUFG (Prop_bufg_I_O)         0.091     0.000 r  main_clk_pll/inst/clkout1_buf/O
                         net (fo=162, routed)         1.436     1.436    la_out_OBUF[5]
    SLICE_X15Y87         FDCE                                         r  x_start_reg[5]/C

Slack:                    inf
  Source:                 reset_n
                            (input port)
  Destination:            x_start_reg[6]/CLR
                            (recovery check against rising-edge clock clk_out1_clk_wiz_1  {rise@0.000ns fall@41.667ns period=83.333ns})
  Path Group:             (none)
  Path Type:              Recovery (Max at Slow Process Corner)
  Data Path Delay:        9.203ns  (logic 1.625ns (17.658%)  route 7.578ns (82.342%))
  Logic Levels:           2  (IBUF=1 LUT1=1)
  Clock Path Skew:        1.436ns (DCD - SCD + CPR)
    Destination Clock Delay (DCD):    1.436ns
    Source Clock Delay      (SCD):    0.000ns
    Clock Pessimism Removal (CPR):    0.000ns
  Clock Uncertainty:      0.302ns  ((TSJ^2 + DJ^2)^1/2) / 2 + PE
    Total System Jitter     (TSJ):    0.050ns
    Discrete Jitter          (DJ):    0.273ns
    Phase Error              (PE):    0.163ns

    Location             Delay type                Incr(ns)  Path(ns)    Netlist Resource(s)
  -------------------------------------------------------------------    -------------------
    H18                                               0.000     0.000 r  reset_n (IN)
                         net (fo=0)                   0.000     0.000    reset_n
    H18                  IBUF (Prop_ibuf_I_O)         1.501     1.501 r  reset_n_IBUF_inst/O
                         net (fo=15, routed)          2.462     3.963    lcd_inst/cmd_ndata_writer/reset_n_IBUF
    SLICE_X9Y76          LUT1 (Prop_lut1_I0_O)        0.124     4.087 f  lcd_inst/cmd_ndata_writer/FSM_sequential_wr_substate[2]_i_2/O
                         net (fo=502, routed)         5.117     9.203    lcd_inst_n_31
    SLICE_X14Y87         FDCE                                         f  x_start_reg[6]/CLR
  -------------------------------------------------------------------    -------------------

                         (clock clk_out1_clk_wiz_1 rise edge)
                                                      0.000     0.000 r  
    BUFGCTRL_X0Y2        BUFG                         0.000     0.000 r  clk_IBUF_BUFG_inst/O
                         net (fo=187, routed)         1.457     1.457    main_clk_pll/inst/clk_in1
    MMCME2_ADV_X1Y0      MMCME2_ADV (Prop_mmcme2_adv_CLKIN1_CLKOUT0)
                                                     -3.129    -1.672 r  main_clk_pll/inst/mmcm_adv_inst/CLKOUT0
                         net (fo=1, routed)           1.581    -0.091    main_clk_pll/inst/clk_out1_clk_wiz_1
    BUFGCTRL_X0Y0        BUFG (Prop_bufg_I_O)         0.091     0.000 r  main_clk_pll/inst/clkout1_buf/O
                         net (fo=162, routed)         1.436     1.436    la_out_OBUF[5]
    SLICE_X14Y87         FDCE                                         r  x_start_reg[6]/C

Slack:                    inf
  Source:                 reset_n
                            (input port)
  Destination:            x_end_reg[8]/PRE
                            (recovery check against rising-edge clock clk_out1_clk_wiz_1  {rise@0.000ns fall@41.667ns period=83.333ns})
  Path Group:             (none)
  Path Type:              Recovery (Max at Slow Process Corner)
  Data Path Delay:        8.759ns  (logic 1.625ns (18.553%)  route 7.134ns (81.447%))
  Logic Levels:           2  (IBUF=1 LUT1=1)
  Clock Path Skew:        1.438ns (DCD - SCD + CPR)
    Destination Clock Delay (DCD):    1.438ns
    Source Clock Delay      (SCD):    0.000ns
    Clock Pessimism Removal (CPR):    0.000ns
  Clock Uncertainty:      0.302ns  ((TSJ^2 + DJ^2)^1/2) / 2 + PE
    Total System Jitter     (TSJ):    0.050ns
    Discrete Jitter          (DJ):    0.273ns
    Phase Error              (PE):    0.163ns

    Location             Delay type                Incr(ns)  Path(ns)    Netlist Resource(s)
  -------------------------------------------------------------------    -------------------
    H18                                               0.000     0.000 r  reset_n (IN)
                         net (fo=0)                   0.000     0.000    reset_n
    H18                  IBUF (Prop_ibuf_I_O)         1.501     1.501 r  reset_n_IBUF_inst/O
                         net (fo=15, routed)          2.462     3.963    lcd_inst/cmd_ndata_writer/reset_n_IBUF
    SLICE_X9Y76          LUT1 (Prop_lut1_I0_O)        0.124     4.087 f  lcd_inst/cmd_ndata_writer/FSM_sequential_wr_substate[2]_i_2/O
                         net (fo=502, routed)         4.672     8.759    lcd_inst_n_31
    SLICE_X13Y89         FDPE                                         f  x_end_reg[8]/PRE
  -------------------------------------------------------------------    -------------------

                         (clock clk_out1_clk_wiz_1 rise edge)
                                                      0.000     0.000 r  
    BUFGCTRL_X0Y2        BUFG                         0.000     0.000 r  clk_IBUF_BUFG_inst/O
                         net (fo=187, routed)         1.457     1.457    main_clk_pll/inst/clk_in1
    MMCME2_ADV_X1Y0      MMCME2_ADV (Prop_mmcme2_adv_CLKIN1_CLKOUT0)
                                                     -3.129    -1.672 r  main_clk_pll/inst/mmcm_adv_inst/CLKOUT0
                         net (fo=1, routed)           1.581    -0.091    main_clk_pll/inst/clk_out1_clk_wiz_1
    BUFGCTRL_X0Y0        BUFG (Prop_bufg_I_O)         0.091     0.000 r  main_clk_pll/inst/clkout1_buf/O
                         net (fo=162, routed)         1.438     1.438    la_out_OBUF[5]
    SLICE_X13Y89         FDPE                                         r  x_end_reg[8]/C

Slack:                    inf
  Source:                 reset_n
                            (input port)
  Destination:            y_end_reg[7]/PRE
                            (recovery check against rising-edge clock clk_out1_clk_wiz_1  {rise@0.000ns fall@41.667ns period=83.333ns})
  Path Group:             (none)
  Path Type:              Recovery (Max at Slow Process Corner)
  Data Path Delay:        7.900ns  (logic 1.625ns (20.571%)  route 6.275ns (79.429%))
  Logic Levels:           2  (IBUF=1 LUT1=1)
  Clock Path Skew:        1.438ns (DCD - SCD + CPR)
    Destination Clock Delay (DCD):    1.438ns
    Source Clock Delay      (SCD):    0.000ns
    Clock Pessimism Removal (CPR):    0.000ns
  Clock Uncertainty:      0.302ns  ((TSJ^2 + DJ^2)^1/2) / 2 + PE
    Total System Jitter     (TSJ):    0.050ns
    Discrete Jitter          (DJ):    0.273ns
    Phase Error              (PE):    0.163ns

    Location             Delay type                Incr(ns)  Path(ns)    Netlist Resource(s)
  -------------------------------------------------------------------    -------------------
    H18                                               0.000     0.000 r  reset_n (IN)
                         net (fo=0)                   0.000     0.000    reset_n
    H18                  IBUF (Prop_ibuf_I_O)         1.501     1.501 r  reset_n_IBUF_inst/O
                         net (fo=15, routed)          2.462     3.963    lcd_inst/cmd_ndata_writer/reset_n_IBUF
    SLICE_X9Y76          LUT1 (Prop_lut1_I0_O)        0.124     4.087 f  lcd_inst/cmd_ndata_writer/FSM_sequential_wr_substate[2]_i_2/O
                         net (fo=502, routed)         3.813     7.900    lcd_inst_n_31
    SLICE_X9Y89          FDPE                                         f  y_end_reg[7]/PRE
  -------------------------------------------------------------------    -------------------

                         (clock clk_out1_clk_wiz_1 rise edge)
                                                      0.000     0.000 r  
    BUFGCTRL_X0Y2        BUFG                         0.000     0.000 r  clk_IBUF_BUFG_inst/O
                         net (fo=187, routed)         1.457     1.457    main_clk_pll/inst/clk_in1
    MMCME2_ADV_X1Y0      MMCME2_ADV (Prop_mmcme2_adv_CLKIN1_CLKOUT0)
                                                     -3.129    -1.672 r  main_clk_pll/inst/mmcm_adv_inst/CLKOUT0
                         net (fo=1, routed)           1.581    -0.091    main_clk_pll/inst/clk_out1_clk_wiz_1
    BUFGCTRL_X0Y0        BUFG (Prop_bufg_I_O)         0.091     0.000 r  main_clk_pll/inst/clkout1_buf/O
                         net (fo=162, routed)         1.438     1.438    la_out_OBUF[5]
    SLICE_X9Y89          FDPE                                         r  y_end_reg[7]/C





Min Delay Paths
--------------------------------------------------------------------------------------
Slack:                    inf
  Source:                 touch_inst/Get_Flag_reg/C
                            (rising edge-triggered cell FDRE)
  Destination:            screen_x1/CEP
                            (rising edge-triggered cell DSP48E1 clocked by clk_out1_clk_wiz_1  {rise@0.000ns fall@41.667ns period=83.333ns})
  Path Group:             (none)
  Path Type:              Hold (Min at Fast Process Corner)
  Data Path Delay:        0.372ns  (logic 0.164ns (44.060%)  route 0.208ns (55.940%))
  Logic Levels:           1  (FDRE=1)
  Clock Uncertainty:      0.302ns  ((TSJ^2 + DJ^2)^1/2) / 2 + PE
    Total System Jitter     (TSJ):    0.050ns
    Discrete Jitter          (DJ):    0.273ns
    Phase Error              (PE):    0.163ns

    Location             Delay type                Incr(ns)  Path(ns)    Netlist Resource(s)
  -------------------------------------------------------------------    -------------------
    SLICE_X10Y62         FDRE                         0.000     0.000 r  touch_inst/Get_Flag_reg/C
    SLICE_X10Y62         FDRE (Prop_fdre_C_Q)         0.164     0.164 r  touch_inst/Get_Flag_reg/Q
                         net (fo=5, routed)           0.208     0.372    get_flag
    DSP48_X0Y25          DSP48E1                                      r  screen_x1/CEP
  -------------------------------------------------------------------    -------------------

                         (clock clk_out1_clk_wiz_1 rise edge)
                                                      0.000     0.000 r  
    BUFGCTRL_X0Y2        BUFG                         0.000     0.000 r  clk_IBUF_BUFG_inst/O
                         net (fo=187, routed)         0.817     0.817    main_clk_pll/inst/clk_in1
    MMCME2_ADV_X1Y0      MMCME2_ADV (Prop_mmcme2_adv_CLKIN1_CLKOUT0)
                                                     -1.375    -0.559 r  main_clk_pll/inst/mmcm_adv_inst/CLKOUT0
                         net (fo=1, routed)           0.530    -0.029    main_clk_pll/inst/clk_out1_clk_wiz_1
    BUFGCTRL_X0Y0        BUFG (Prop_bufg_I_O)         0.029     0.000 r  main_clk_pll/inst/clkout1_buf/O
                         net (fo=162, routed)         0.918     0.918    la_out_OBUF[5]
    DSP48_X0Y25          DSP48E1                                      r  screen_x1/CLK

Slack:                    inf
  Source:                 touch_inst/Get_Flag_reg/C
                            (rising edge-triggered cell FDRE)
  Destination:            touch_valid_reg/D
                            (rising edge-triggered cell FDCE clocked by clk_out1_clk_wiz_1  {rise@0.000ns fall@41.667ns period=83.333ns})
  Path Group:             (none)
  Path Type:              Hold (Min at Fast Process Corner)
  Data Path Delay:        0.432ns  (logic 0.164ns (37.952%)  route 0.268ns (62.048%))
  Logic Levels:           1  (FDRE=1)
  Clock Uncertainty:      0.302ns  ((TSJ^2 + DJ^2)^1/2) / 2 + PE
    Total System Jitter     (TSJ):    0.050ns
    Discrete Jitter          (DJ):    0.273ns
    Phase Error              (PE):    0.163ns

    Location             Delay type                Incr(ns)  Path(ns)    Netlist Resource(s)
  -------------------------------------------------------------------    -------------------
    SLICE_X10Y62         FDRE                         0.000     0.000 r  touch_inst/Get_Flag_reg/C
    SLICE_X10Y62         FDRE (Prop_fdre_C_Q)         0.164     0.164 r  touch_inst/Get_Flag_reg/Q
                         net (fo=5, routed)           0.268     0.432    get_flag
    SLICE_X10Y66         FDCE                                         r  touch_valid_reg/D
  -------------------------------------------------------------------    -------------------

                         (clock clk_out1_clk_wiz_1 rise edge)
                                                      0.000     0.000 r  
    BUFGCTRL_X0Y2        BUFG                         0.000     0.000 r  clk_IBUF_BUFG_inst/O
                         net (fo=187, routed)         0.817     0.817    main_clk_pll/inst/clk_in1
    MMCME2_ADV_X1Y0      MMCME2_ADV (Prop_mmcme2_adv_CLKIN1_CLKOUT0)
                                                     -1.375    -0.559 r  main_clk_pll/inst/mmcm_adv_inst/CLKOUT0
                         net (fo=1, routed)           0.530    -0.029    main_clk_pll/inst/clk_out1_clk_wiz_1
    BUFGCTRL_X0Y0        BUFG (Prop_bufg_I_O)         0.029     0.000 r  main_clk_pll/inst/clkout1_buf/O
                         net (fo=162, routed)         0.826     0.826    la_out_OBUF[5]
    SLICE_X10Y66         FDCE                                         r  touch_valid_reg/C

Slack:                    inf
  Source:                 touch_inst/Get_Flag_reg/C
                            (rising edge-triggered cell FDRE)
  Destination:            number_reg[1][3]_i_17/D
                            (rising edge-triggered cell FDCE clocked by clk_out1_clk_wiz_1  {rise@0.000ns fall@41.667ns period=83.333ns})
  Path Group:             (none)
  Path Type:              Hold (Min at Fast Process Corner)
  Data Path Delay:        0.513ns  (logic 0.209ns (40.755%)  route 0.304ns (59.245%))
  Logic Levels:           2  (FDRE=1 LUT2=1)
  Clock Uncertainty:      0.302ns  ((TSJ^2 + DJ^2)^1/2) / 2 + PE
    Total System Jitter     (TSJ):    0.050ns
    Discrete Jitter          (DJ):    0.273ns
    Phase Error              (PE):    0.163ns

    Location             Delay type                Incr(ns)  Path(ns)    Netlist Resource(s)
  -------------------------------------------------------------------    -------------------
    SLICE_X10Y62         FDRE                         0.000     0.000 r  touch_inst/Get_Flag_reg/C
    SLICE_X10Y62         FDRE (Prop_fdre_C_Q)         0.164     0.164 r  touch_inst/Get_Flag_reg/Q
                         net (fo=5, routed)           0.304     0.468    touch_inst/Get_Flag
    SLICE_X10Y67         LUT2 (Prop_lut2_I1_O)        0.045     0.513 r  touch_inst/number[1][3]_i_31/O
                         net (fo=1, routed)           0.000     0.513    touch_inst_n_2
    SLICE_X10Y67         FDCE                                         r  number_reg[1][3]_i_17/D
  -------------------------------------------------------------------    -------------------

                         (clock clk_out1_clk_wiz_1 rise edge)
                                                      0.000     0.000 r  
    BUFGCTRL_X0Y2        BUFG                         0.000     0.000 r  clk_IBUF_BUFG_inst/O
                         net (fo=187, routed)         0.817     0.817    main_clk_pll/inst/clk_in1
    MMCME2_ADV_X1Y0      MMCME2_ADV (Prop_mmcme2_adv_CLKIN1_CLKOUT0)
                                                     -1.375    -0.559 r  main_clk_pll/inst/mmcm_adv_inst/CLKOUT0
                         net (fo=1, routed)           0.530    -0.029    main_clk_pll/inst/clk_out1_clk_wiz_1
    BUFGCTRL_X0Y0        BUFG (Prop_bufg_I_O)         0.029     0.000 r  main_clk_pll/inst/clkout1_buf/O
                         net (fo=162, routed)         0.825     0.825    la_out_OBUF[5]
    SLICE_X10Y67         FDCE                                         r  number_reg[1][3]_i_17/C

Slack:                    inf
  Source:                 touch_inst/Y_Value_reg[3]/C
                            (rising edge-triggered cell FDCE)
  Destination:            screen_x1/A[3]
                            (rising edge-triggered cell DSP48E1 clocked by clk_out1_clk_wiz_1  {rise@0.000ns fall@41.667ns period=83.333ns})
  Path Group:             (none)
  Path Type:              Hold (Min at Fast Process Corner)
  Data Path Delay:        0.516ns  (logic 0.272ns (52.693%)  route 0.244ns (47.307%))
  Logic Levels:           3  (CARRY4=1 FDCE=1 LUT1=1)
  Clock Uncertainty:      0.302ns  ((TSJ^2 + DJ^2)^1/2) / 2 + PE
    Total System Jitter     (TSJ):    0.050ns
    Discrete Jitter          (DJ):    0.273ns
    Phase Error              (PE):    0.163ns

    Location             Delay type                Incr(ns)  Path(ns)    Netlist Resource(s)
  -------------------------------------------------------------------    -------------------
    SLICE_X10Y60         FDCE                         0.000     0.000 r  touch_inst/Y_Value_reg[3]/C
    SLICE_X10Y60         FDCE (Prop_fdce_C_Q)         0.164     0.164 f  touch_inst/Y_Value_reg[3]/Q
                         net (fo=1, routed)           0.052     0.216    touch_inst/y_value[3]
    SLICE_X11Y60         LUT1 (Prop_lut1_I0_O)        0.045     0.261 r  touch_inst/screen_x1_i_12/O
                         net (fo=1, routed)           0.000     0.261    touch_inst/screen_x1_i_12_n_0
    SLICE_X11Y60         CARRY4 (Prop_carry4_S[3]_O[3])
                                                      0.063     0.324 r  touch_inst/screen_x1_i_3/O[3]
                         net (fo=1, routed)           0.192     0.516    D[3]
    DSP48_X0Y25          DSP48E1                                      r  screen_x1/A[3]
  -------------------------------------------------------------------    -------------------

                         (clock clk_out1_clk_wiz_1 rise edge)
                                                      0.000     0.000 r  
    BUFGCTRL_X0Y2        BUFG                         0.000     0.000 r  clk_IBUF_BUFG_inst/O
                         net (fo=187, routed)         0.817     0.817    main_clk_pll/inst/clk_in1
    MMCME2_ADV_X1Y0      MMCME2_ADV (Prop_mmcme2_adv_CLKIN1_CLKOUT0)
                                                     -1.375    -0.559 r  main_clk_pll/inst/mmcm_adv_inst/CLKOUT0
                         net (fo=1, routed)           0.530    -0.029    main_clk_pll/inst/clk_out1_clk_wiz_1
    BUFGCTRL_X0Y0        BUFG (Prop_bufg_I_O)         0.029     0.000 r  main_clk_pll/inst/clkout1_buf/O
                         net (fo=162, routed)         0.918     0.918    la_out_OBUF[5]
    DSP48_X0Y25          DSP48E1                                      r  screen_x1/CLK

Slack:                    inf
  Source:                 touch_inst/Y_Value_reg[0]/C
                            (rising edge-triggered cell FDCE)
  Destination:            screen_x1/A[0]
                            (rising edge-triggered cell DSP48E1 clocked by clk_out1_clk_wiz_1  {rise@0.000ns fall@41.667ns period=83.333ns})
  Path Group:             (none)
  Path Type:              Hold (Min at Fast Process Corner)
  Data Path Delay:        0.554ns  (logic 0.279ns (50.323%)  route 0.275ns (49.677%))
  Logic Levels:           2  (CARRY4=1 FDCE=1)
  Clock Uncertainty:      0.302ns  ((TSJ^2 + DJ^2)^1/2) / 2 + PE
    Total System Jitter     (TSJ):    0.050ns
    Discrete Jitter          (DJ):    0.273ns
    Phase Error              (PE):    0.163ns

    Location             Delay type                Incr(ns)  Path(ns)    Netlist Resource(s)
  -------------------------------------------------------------------    -------------------
    SLICE_X10Y60         FDCE                         0.000     0.000 r  touch_inst/Y_Value_reg[0]/C
    SLICE_X10Y60         FDCE (Prop_fdce_C_Q)         0.164     0.164 r  touch_inst/Y_Value_reg[0]/Q
                         net (fo=1, routed)           0.082     0.246    touch_inst/y_value[0]
    SLICE_X11Y60         CARRY4 (Prop_carry4_S[0]_O[0])
                                                      0.115     0.361 r  touch_inst/screen_x1_i_3/O[0]
                         net (fo=1, routed)           0.193     0.554    D[0]
    DSP48_X0Y25          DSP48E1                                      r  screen_x1/A[0]
  -------------------------------------------------------------------    -------------------

                         (clock clk_out1_clk_wiz_1 rise edge)
                                                      0.000     0.000 r  
    BUFGCTRL_X0Y2        BUFG                         0.000     0.000 r  clk_IBUF_BUFG_inst/O
                         net (fo=187, routed)         0.817     0.817    main_clk_pll/inst/clk_in1
    MMCME2_ADV_X1Y0      MMCME2_ADV (Prop_mmcme2_adv_CLKIN1_CLKOUT0)
                                                     -1.375    -0.559 r  main_clk_pll/inst/mmcm_adv_inst/CLKOUT0
                         net (fo=1, routed)           0.530    -0.029    main_clk_pll/inst/clk_out1_clk_wiz_1
    BUFGCTRL_X0Y0        BUFG (Prop_bufg_I_O)         0.029     0.000 r  main_clk_pll/inst/clkout1_buf/O
                         net (fo=162, routed)         0.918     0.918    la_out_OBUF[5]
    DSP48_X0Y25          DSP48E1                                      r  screen_x1/CLK

Slack:                    inf
  Source:                 touch_inst/Get_Flag_reg/C
                            (rising edge-triggered cell FDRE)
  Destination:            selected_digit_reg[2]_i_6/D
                            (rising edge-triggered cell FDCE clocked by clk_out1_clk_wiz_1  {rise@0.000ns fall@41.667ns period=83.333ns})
  Path Group:             (none)
  Path Type:              Hold (Min at Fast Process Corner)
  Data Path Delay:        0.555ns  (logic 0.209ns (37.668%)  route 0.346ns (62.332%))
  Logic Levels:           2  (FDRE=1 LUT2=1)
  Clock Uncertainty:      0.302ns  ((TSJ^2 + DJ^2)^1/2) / 2 + PE
    Total System Jitter     (TSJ):    0.050ns
    Discrete Jitter          (DJ):    0.273ns
    Phase Error              (PE):    0.163ns

    Location             Delay type                Incr(ns)  Path(ns)    Netlist Resource(s)
  -------------------------------------------------------------------    -------------------
    SLICE_X10Y62         FDRE                         0.000     0.000 r  touch_inst/Get_Flag_reg/C
    SLICE_X10Y62         FDRE (Prop_fdre_C_Q)         0.164     0.164 r  touch_inst/Get_Flag_reg/Q
                         net (fo=5, routed)           0.346     0.510    touch_inst/Get_Flag
    SLICE_X10Y66         LUT2 (Prop_lut2_I1_O)        0.045     0.555 r  touch_inst/selected_digit[2]_i_15/O
                         net (fo=1, routed)           0.000     0.555    touch_inst_n_0
    SLICE_X10Y66         FDCE                                         r  selected_digit_reg[2]_i_6/D
  -------------------------------------------------------------------    -------------------

                         (clock clk_out1_clk_wiz_1 rise edge)
                                                      0.000     0.000 r  
    BUFGCTRL_X0Y2        BUFG                         0.000     0.000 r  clk_IBUF_BUFG_inst/O
                         net (fo=187, routed)         0.817     0.817    main_clk_pll/inst/clk_in1
    MMCME2_ADV_X1Y0      MMCME2_ADV (Prop_mmcme2_adv_CLKIN1_CLKOUT0)
                                                     -1.375    -0.559 r  main_clk_pll/inst/mmcm_adv_inst/CLKOUT0
                         net (fo=1, routed)           0.530    -0.029    main_clk_pll/inst/clk_out1_clk_wiz_1
    BUFGCTRL_X0Y0        BUFG (Prop_bufg_I_O)         0.029     0.000 r  main_clk_pll/inst/clkout1_buf/O
                         net (fo=162, routed)         0.826     0.826    la_out_OBUF[5]
    SLICE_X10Y66         FDCE                                         r  selected_digit_reg[2]_i_6/C

Slack:                    inf
  Source:                 touch_inst/Get_Flag_reg/C
                            (rising edge-triggered cell FDRE)
  Destination:            screen_y1/CEP
                            (rising edge-triggered cell DSP48E1 clocked by clk_out1_clk_wiz_1  {rise@0.000ns fall@41.667ns period=83.333ns})
  Path Group:             (none)
  Path Type:              Hold (Min at Fast Process Corner)
  Data Path Delay:        0.576ns  (logic 0.164ns (28.490%)  route 0.412ns (71.510%))
  Logic Levels:           1  (FDRE=1)
  Clock Uncertainty:      0.302ns  ((TSJ^2 + DJ^2)^1/2) / 2 + PE
    Total System Jitter     (TSJ):    0.050ns
    Discrete Jitter          (DJ):    0.273ns
    Phase Error              (PE):    0.163ns

    Location             Delay type                Incr(ns)  Path(ns)    Netlist Resource(s)
  -------------------------------------------------------------------    -------------------
    SLICE_X10Y62         FDRE                         0.000     0.000 r  touch_inst/Get_Flag_reg/C
    SLICE_X10Y62         FDRE (Prop_fdre_C_Q)         0.164     0.164 r  touch_inst/Get_Flag_reg/Q
                         net (fo=5, routed)           0.412     0.576    get_flag
    DSP48_X0Y26          DSP48E1                                      r  screen_y1/CEP
  -------------------------------------------------------------------    -------------------

                         (clock clk_out1_clk_wiz_1 rise edge)
                                                      0.000     0.000 r  
    BUFGCTRL_X0Y2        BUFG                         0.000     0.000 r  clk_IBUF_BUFG_inst/O
                         net (fo=187, routed)         0.817     0.817    main_clk_pll/inst/clk_in1
    MMCME2_ADV_X1Y0      MMCME2_ADV (Prop_mmcme2_adv_CLKIN1_CLKOUT0)
                                                     -1.375    -0.559 r  main_clk_pll/inst/mmcm_adv_inst/CLKOUT0
                         net (fo=1, routed)           0.530    -0.029    main_clk_pll/inst/clk_out1_clk_wiz_1
    BUFGCTRL_X0Y0        BUFG (Prop_bufg_I_O)         0.029     0.000 r  main_clk_pll/inst/clkout1_buf/O
                         net (fo=162, routed)         0.916     0.916    la_out_OBUF[5]
    DSP48_X0Y26          DSP48E1                                      r  screen_y1/CLK

Slack:                    inf
  Source:                 touch_inst/Y_Value_reg[6]/C
                            (rising edge-triggered cell FDCE)
  Destination:            screen_x1/A[7]
                            (rising edge-triggered cell DSP48E1 clocked by clk_out1_clk_wiz_1  {rise@0.000ns fall@41.667ns period=83.333ns})
  Path Group:             (none)
  Path Type:              Hold (Min at Fast Process Corner)
  Data Path Delay:        0.582ns  (logic 0.308ns (52.903%)  route 0.274ns (47.097%))
  Logic Levels:           3  (CARRY4=1 FDCE=1 LUT1=1)
  Clock Uncertainty:      0.302ns  ((TSJ^2 + DJ^2)^1/2) / 2 + PE
    Total System Jitter     (TSJ):    0.050ns
    Discrete Jitter          (DJ):    0.273ns
    Phase Error              (PE):    0.163ns

    Location             Delay type                Incr(ns)  Path(ns)    Netlist Resource(s)
  -------------------------------------------------------------------    -------------------
    SLICE_X10Y61         FDCE                         0.000     0.000 r  touch_inst/Y_Value_reg[6]/C
    SLICE_X10Y61         FDCE (Prop_fdce_C_Q)         0.164     0.164 f  touch_inst/Y_Value_reg[6]/Q
                         net (fo=1, routed)           0.082     0.246    touch_inst/y_value[6]
    SLICE_X11Y61         LUT1 (Prop_lut1_I0_O)        0.045     0.291 r  touch_inst/screen_x1_i_9/O
                         net (fo=1, routed)           0.000     0.291    touch_inst/screen_x1_i_9_n_0
    SLICE_X11Y61         CARRY4 (Prop_carry4_S[2]_O[3])
                                                      0.099     0.390 r  touch_inst/screen_x1_i_2/O[3]
                         net (fo=1, routed)           0.192     0.582    D[7]
    DSP48_X0Y25          DSP48E1                                      r  screen_x1/A[7]
  -------------------------------------------------------------------    -------------------

                         (clock clk_out1_clk_wiz_1 rise edge)
                                                      0.000     0.000 r  
    BUFGCTRL_X0Y2        BUFG                         0.000     0.000 r  clk_IBUF_BUFG_inst/O
                         net (fo=187, routed)         0.817     0.817    main_clk_pll/inst/clk_in1
    MMCME2_ADV_X1Y0      MMCME2_ADV (Prop_mmcme2_adv_CLKIN1_CLKOUT0)
                                                     -1.375    -0.559 r  main_clk_pll/inst/mmcm_adv_inst/CLKOUT0
                         net (fo=1, routed)           0.530    -0.029    main_clk_pll/inst/clk_out1_clk_wiz_1
    BUFGCTRL_X0Y0        BUFG (Prop_bufg_I_O)         0.029     0.000 r  main_clk_pll/inst/clkout1_buf/O
                         net (fo=162, routed)         0.918     0.918    la_out_OBUF[5]
    DSP48_X0Y25          DSP48E1                                      r  screen_x1/CLK

Slack:                    inf
  Source:                 touch_inst/Y_Value_reg[6]/C
                            (rising edge-triggered cell FDCE)
  Destination:            screen_x1/A[6]
                            (rising edge-triggered cell DSP48E1 clocked by clk_out1_clk_wiz_1  {rise@0.000ns fall@41.667ns period=83.333ns})
  Path Group:             (none)
  Path Type:              Hold (Min at Fast Process Corner)
  Data Path Delay:        0.603ns  (logic 0.275ns (45.600%)  route 0.328ns (54.400%))
  Logic Levels:           3  (CARRY4=1 FDCE=1 LUT1=1)
  Clock Uncertainty:      0.302ns  ((TSJ^2 + DJ^2)^1/2) / 2 + PE
    Total System Jitter     (TSJ):    0.050ns
    Discrete Jitter          (DJ):    0.273ns
    Phase Error              (PE):    0.163ns

    Location             Delay type                Incr(ns)  Path(ns)    Netlist Resource(s)
  -------------------------------------------------------------------    -------------------
    SLICE_X10Y61         FDCE                         0.000     0.000 r  touch_inst/Y_Value_reg[6]/C
    SLICE_X10Y61         FDCE (Prop_fdce_C_Q)         0.164     0.164 f  touch_inst/Y_Value_reg[6]/Q
                         net (fo=1, routed)           0.082     0.246    touch_inst/y_value[6]
    SLICE_X11Y61         LUT1 (Prop_lut1_I0_O)        0.045     0.291 r  touch_inst/screen_x1_i_9/O
                         net (fo=1, routed)           0.000     0.291    touch_inst/screen_x1_i_9_n_0
    SLICE_X11Y61         CARRY4 (Prop_carry4_S[2]_O[2])
                                                      0.066     0.357 r  touch_inst/screen_x1_i_2/O[2]
                         net (fo=1, routed)           0.246     0.603    D[6]
    DSP48_X0Y25          DSP48E1                                      r  screen_x1/A[6]
  -------------------------------------------------------------------    -------------------

                         (clock clk_out1_clk_wiz_1 rise edge)
                                                      0.000     0.000 r  
    BUFGCTRL_X0Y2        BUFG                         0.000     0.000 r  clk_IBUF_BUFG_inst/O
                         net (fo=187, routed)         0.817     0.817    main_clk_pll/inst/clk_in1
    MMCME2_ADV_X1Y0      MMCME2_ADV (Prop_mmcme2_adv_CLKIN1_CLKOUT0)
                                                     -1.375    -0.559 r  main_clk_pll/inst/mmcm_adv_inst/CLKOUT0
                         net (fo=1, routed)           0.530    -0.029    main_clk_pll/inst/clk_out1_clk_wiz_1
    BUFGCTRL_X0Y0        BUFG (Prop_bufg_I_O)         0.029     0.000 r  main_clk_pll/inst/clkout1_buf/O
                         net (fo=162, routed)         0.918     0.918    la_out_OBUF[5]
    DSP48_X0Y25          DSP48E1                                      r  screen_x1/CLK

Slack:                    inf
  Source:                 touch_inst/Y_Value_reg[3]/C
                            (rising edge-triggered cell FDCE)
  Destination:            screen_x1/A[4]
                            (rising edge-triggered cell DSP48E1 clocked by clk_out1_clk_wiz_1  {rise@0.000ns fall@41.667ns period=83.333ns})
  Path Group:             (none)
  Path Type:              Hold (Min at Fast Process Corner)
  Data Path Delay:        0.623ns  (logic 0.378ns (60.633%)  route 0.245ns (39.367%))
  Logic Levels:           4  (CARRY4=2 FDCE=1 LUT1=1)
  Clock Uncertainty:      0.302ns  ((TSJ^2 + DJ^2)^1/2) / 2 + PE
    Total System Jitter     (TSJ):    0.050ns
    Discrete Jitter          (DJ):    0.273ns
    Phase Error              (PE):    0.163ns

    Location             Delay type                Incr(ns)  Path(ns)    Netlist Resource(s)
  -------------------------------------------------------------------    -------------------
    SLICE_X10Y60         FDCE                         0.000     0.000 r  touch_inst/Y_Value_reg[3]/C
    SLICE_X10Y60         FDCE (Prop_fdce_C_Q)         0.164     0.164 f  touch_inst/Y_Value_reg[3]/Q
                         net (fo=1, routed)           0.052     0.216    touch_inst/y_value[3]
    SLICE_X11Y60         LUT1 (Prop_lut1_I0_O)        0.045     0.261 r  touch_inst/screen_x1_i_12/O
                         net (fo=1, routed)           0.000     0.261    touch_inst/screen_x1_i_12_n_0
    SLICE_X11Y60         CARRY4 (Prop_carry4_S[3]_CO[3])
                                                      0.115     0.376 r  touch_inst/screen_x1_i_3/CO[3]
                         net (fo=1, routed)           0.000     0.376    touch_inst/screen_x1_i_3_n_0
    SLICE_X11Y61         CARRY4 (Prop_carry4_CI_O[0])
                                                      0.054     0.430 r  touch_inst/screen_x1_i_2/O[0]
                         net (fo=1, routed)           0.193     0.623    D[4]
    DSP48_X0Y25          DSP48E1                                      r  screen_x1/A[4]
  -------------------------------------------------------------------    -------------------

                         (clock clk_out1_clk_wiz_1 rise edge)
                                                      0.000     0.000 r  
    BUFGCTRL_X0Y2        BUFG                         0.000     0.000 r  clk_IBUF_BUFG_inst/O
                         net (fo=187, routed)         0.817     0.817    main_clk_pll/inst/clk_in1
    MMCME2_ADV_X1Y0      MMCME2_ADV (Prop_mmcme2_adv_CLKIN1_CLKOUT0)
                                                     -1.375    -0.559 r  main_clk_pll/inst/mmcm_adv_inst/CLKOUT0
                         net (fo=1, routed)           0.530    -0.029    main_clk_pll/inst/clk_out1_clk_wiz_1
    BUFGCTRL_X0Y0        BUFG (Prop_bufg_I_O)         0.029     0.000 r  main_clk_pll/inst/clkout1_buf/O
                         net (fo=162, routed)         0.918     0.918    la_out_OBUF[5]
    DSP48_X0Y25          DSP48E1                                      r  screen_x1/CLK





