Copyright 1986-2022 Xilinx, Inc. All Rights Reserved. Copyright 2022-2025 Advanced Micro Devices, Inc. All Rights Reserved.
-----------------------------------------------------------------------------------------------------------------------------------------------------------------
| Tool Version : Vivado v.2024.2.2 (win64) Build 6060944 Thu Mar 06 19:10:01 MST 2025
| Date         : Mon Oct 27 21:37:08 2025
| Host         : A8 running 64-bit major release  (build 9200)
| Command      : report_methodology -file top_level_methodology_drc_routed.rpt -pb top_level_methodology_drc_routed.pb -rpx top_level_methodology_drc_routed.rpx
| Design       : top_level
| Device       : xc7a35tcsg325-1
| Speed File   : -1
| Design State : Fully Routed
-----------------------------------------------------------------------------------------------------------------------------------------------------------------

Report Methodology

Table of Contents
-----------------
1. REPORT SUMMARY
2. REPORT DETAILS

1. REPORT SUMMARY
-----------------
            Netlist: netlist
          Floorplan: design_1
      Design limits: <entire design considered>
             Max checks: <unlimited>
             Checks found: 233
+-----------+------------------+----------------------------------------------------+--------+
| Rule      | Severity         | Description                                        | Checks |
+-----------+------------------+----------------------------------------------------+--------+
| TIMING-4  | Critical Warning | Invalid primary clock redefinition on a clock tree | 1      |
| TIMING-6  | Critical Warning | No common primary clock between related clocks     | 2      |
| TIMING-7  | Critical Warning | No common node between related clocks              | 2      |
| TIMING-27 | Critical Warning | Invalid primary clock on hierarchical pin          | 1      |
| SYNTH-10  | Warning          | Wide multiplier                                    | 3      |
| TIMING-16 | Warning          | Large setup violation                              | 201    |
| TIMING-18 | Warning          | Missing input or output delay                      | 23     |
+-----------+------------------+----------------------------------------------------+--------+

2. REPORT DETAILS
-----------------
TIMING-4#1 Critical Warning
Invalid primary clock redefinition on a clock tree  
Invalid clock redefinition on a clock tree. The primary clock lcd_inst/lcd_clk_pll/inst/clk_in1 is defined downstream of clock clk_out1_clk_wiz_1 and overrides its insertion delay and/or waveform definition
Related violations: <none>

TIMING-6#1 Critical Warning
No common primary clock between related clocks  
The clocks clk_out1_clk_wiz_0 and clk_out1_clk_wiz_1 are related (timed together) but they have no common primary clock. The design could fail in hardware. To find a timing path between these clocks, run the following command: report_timing -from [get_clocks clk_out1_clk_wiz_0] -to [get_clocks clk_out1_clk_wiz_1]
Related violations: <none>

TIMING-6#2 Critical Warning
No common primary clock between related clocks  
The clocks clk_out1_clk_wiz_1 and clk_out1_clk_wiz_0 are related (timed together) but they have no common primary clock. The design could fail in hardware. To find a timing path between these clocks, run the following command: report_timing -from [get_clocks clk_out1_clk_wiz_1] -to [get_clocks clk_out1_clk_wiz_0]
Related violations: <none>

TIMING-7#1 Critical Warning
No common node between related clocks  
The clocks clk_out1_clk_wiz_0 and clk_out1_clk_wiz_1 are related (timed together) but they have no common node. The design could fail in hardware. To find a timing path between these clocks, run the following command: report_timing -from [get_clocks clk_out1_clk_wiz_0] -to [get_clocks clk_out1_clk_wiz_1]
Related violations: <none>

TIMING-7#2 Critical Warning
No common node between related clocks  
The clocks clk_out1_clk_wiz_1 and clk_out1_clk_wiz_0 are related (timed together) but they have no common node. The design could fail in hardware. To find a timing path between these clocks, run the following command: report_timing -from [get_clocks clk_out1_clk_wiz_1] -to [get_clocks clk_out1_clk_wiz_0]
Related violations: <none>

TIMING-27#1 Critical Warning
Invalid primary clock on hierarchical pin  
A primary clock lcd_inst/lcd_clk_pll/inst/clk_in1 is created on an inappropriate internal pin lcd_inst/lcd_clk_pll/inst/clk_in1. It is not recommended to create a primary clock on a hierarchical pin when its driver pin has a fanout connected to multiple clock pins
Related violations: <none>

SYNTH-10#1 Warning
Wide multiplier  
Detected multiplier at lcd_inst/total_pixels0 of size 16x18, it is decomposed from a wide multipler into 4 DSP blocks.
Related violations: <none>

SYNTH-10#2 Warning
Wide multiplier  
Detected multiplier at lcd_inst/total_pixels0__0 of size 18x18, it is decomposed from a wide multipler into 4 DSP blocks.
Related violations: <none>

SYNTH-10#3 Warning
Wide multiplier  
Detected multiplier at lcd_inst/total_pixels0__1 of size 18x16, it is decomposed from a wide multipler into 4 DSP blocks.
Related violations: <none>

TIMING-16#1 Warning
Large setup violation  
There is a large setup violation of -1.155 ns between lcd_inst/init_done_reg/C (clocked by clk_out1_clk_wiz_0) and need_update_reg/D (clocked by clk_out1_clk_wiz_1). Large setup violations at the end of those stages might be difficult to fix during the post-placement implementation flow and could be the result of non-optimal XDC constraints or non-optimal design architecture
Related violations: <none>

TIMING-16#2 Warning
Large setup violation  
There is a large setup violation of -1.173 ns between lcd_inst/cmd_ndata_writer/data_count_reg[0]_replica/C (clocked by clk_out1_clk_wiz_0) and bram_addra_reg[0]/D (clocked by clk_out1_clk_wiz_1). Large setup violations at the end of those stages might be difficult to fix during the post-placement implementation flow and could be the result of non-optimal XDC constraints or non-optimal design architecture
Related violations: <none>

TIMING-16#3 Warning
Large setup violation  
There is a large setup violation of -1.188 ns between lcd_inst/init_done_reg/C (clocked by clk_out1_clk_wiz_0) and refresh_counter_reg[18]/CE (clocked by clk_out1_clk_wiz_1). Large setup violations at the end of those stages might be difficult to fix during the post-placement implementation flow and could be the result of non-optimal XDC constraints or non-optimal design architecture
Related violations: <none>

TIMING-16#4 Warning
Large setup violation  
There is a large setup violation of -1.188 ns between lcd_inst/init_done_reg/C (clocked by clk_out1_clk_wiz_0) and refresh_counter_reg[19]/CE (clocked by clk_out1_clk_wiz_1). Large setup violations at the end of those stages might be difficult to fix during the post-placement implementation flow and could be the result of non-optimal XDC constraints or non-optimal design architecture
Related violations: <none>

TIMING-16#5 Warning
Large setup violation  
There is a large setup violation of -1.188 ns between lcd_inst/init_done_reg/C (clocked by clk_out1_clk_wiz_0) and refresh_counter_reg[20]/CE (clocked by clk_out1_clk_wiz_1). Large setup violations at the end of those stages might be difficult to fix during the post-placement implementation flow and could be the result of non-optimal XDC constraints or non-optimal design architecture
Related violations: <none>

TIMING-16#6 Warning
Large setup violation  
There is a large setup violation of -1.188 ns between lcd_inst/init_done_reg/C (clocked by clk_out1_clk_wiz_0) and refresh_counter_reg[21]/CE (clocked by clk_out1_clk_wiz_1). Large setup violations at the end of those stages might be difficult to fix during the post-placement implementation flow and could be the result of non-optimal XDC constraints or non-optimal design architecture
Related violations: <none>

TIMING-16#7 Warning
Large setup violation  
There is a large setup violation of -1.188 ns between lcd_inst/init_done_reg/C (clocked by clk_out1_clk_wiz_0) and refresh_counter_reg[6]/CE (clocked by clk_out1_clk_wiz_1). Large setup violations at the end of those stages might be difficult to fix during the post-placement implementation flow and could be the result of non-optimal XDC constraints or non-optimal design architecture
Related violations: <none>

TIMING-16#8 Warning
Large setup violation  
There is a large setup violation of -1.188 ns between lcd_inst/init_done_reg/C (clocked by clk_out1_clk_wiz_0) and refresh_counter_reg[9]/CE (clocked by clk_out1_clk_wiz_1). Large setup violations at the end of those stages might be difficult to fix during the post-placement implementation flow and could be the result of non-optimal XDC constraints or non-optimal design architecture
Related violations: <none>

TIMING-16#9 Warning
Large setup violation  
There is a large setup violation of -1.266 ns between bram/U0/inst_blk_mem_gen/gnbram.gnativebmg.native_blk_mem_gen/valid.cstr/ramloop[2].ram.r/prim_init.ram/DEVICE_7SERIES.NO_BMM_INFO.SP.CASCADED_PRIM36.ram_B/CLKARDCLK (clocked by clk_out1_clk_wiz_1) and lcd_inst/cmd_ndata_writer/LCD_DATA_reg[4]/D (clocked by clk_out1_clk_wiz_0). Large setup violations at the end of those stages might be difficult to fix during the post-placement implementation flow and could be the result of non-optimal XDC constraints or non-optimal design architecture
Related violations: <none>

TIMING-16#10 Warning
Large setup violation  
There is a large setup violation of -1.267 ns between bram/U0/inst_blk_mem_gen/gnbram.gnativebmg.native_blk_mem_gen/valid.cstr/ramloop[2].ram.r/prim_init.ram/DEVICE_7SERIES.NO_BMM_INFO.SP.CASCADED_PRIM36.ram_B/CLKARDCLK (clocked by clk_out1_clk_wiz_1) and lcd_inst/cmd_ndata_writer/LCD_DATA_reg[13]/D (clocked by clk_out1_clk_wiz_0). Large setup violations at the end of those stages might be difficult to fix during the post-placement implementation flow and could be the result of non-optimal XDC constraints or non-optimal design architecture
Related violations: <none>

TIMING-16#11 Warning
Large setup violation  
There is a large setup violation of -1.271 ns between bram/U0/inst_blk_mem_gen/gnbram.gnativebmg.native_blk_mem_gen/valid.cstr/ramloop[2].ram.r/prim_init.ram/DEVICE_7SERIES.NO_BMM_INFO.SP.CASCADED_PRIM36.ram_B/CLKARDCLK (clocked by clk_out1_clk_wiz_1) and lcd_inst/cmd_ndata_writer/LCD_DATA_reg[15]/D (clocked by clk_out1_clk_wiz_0). Large setup violations at the end of those stages might be difficult to fix during the post-placement implementation flow and could be the result of non-optimal XDC constraints or non-optimal design architecture
Related violations: <none>

TIMING-16#12 Warning
Large setup violation  
There is a large setup violation of -1.334 ns between lcd_inst/init_done_reg/C (clocked by clk_out1_clk_wiz_0) and refresh_counter_reg[0]/CE (clocked by clk_out1_clk_wiz_1). Large setup violations at the end of those stages might be difficult to fix during the post-placement implementation flow and could be the result of non-optimal XDC constraints or non-optimal design architecture
Related violations: <none>

TIMING-16#13 Warning
Large setup violation  
There is a large setup violation of -1.334 ns between lcd_inst/init_done_reg/C (clocked by clk_out1_clk_wiz_0) and refresh_counter_reg[15]/CE (clocked by clk_out1_clk_wiz_1). Large setup violations at the end of those stages might be difficult to fix during the post-placement implementation flow and could be the result of non-optimal XDC constraints or non-optimal design architecture
Related violations: <none>

TIMING-16#14 Warning
Large setup violation  
There is a large setup violation of -1.334 ns between lcd_inst/init_done_reg/C (clocked by clk_out1_clk_wiz_0) and refresh_counter_reg[16]/CE (clocked by clk_out1_clk_wiz_1). Large setup violations at the end of those stages might be difficult to fix during the post-placement implementation flow and could be the result of non-optimal XDC constraints or non-optimal design architecture
Related violations: <none>

TIMING-16#15 Warning
Large setup violation  
There is a large setup violation of -1.334 ns between lcd_inst/init_done_reg/C (clocked by clk_out1_clk_wiz_0) and refresh_counter_reg[1]/CE (clocked by clk_out1_clk_wiz_1). Large setup violations at the end of those stages might be difficult to fix during the post-placement implementation flow and could be the result of non-optimal XDC constraints or non-optimal design architecture
Related violations: <none>

TIMING-16#16 Warning
Large setup violation  
There is a large setup violation of -1.334 ns between lcd_inst/init_done_reg/C (clocked by clk_out1_clk_wiz_0) and refresh_counter_reg[22]/CE (clocked by clk_out1_clk_wiz_1). Large setup violations at the end of those stages might be difficult to fix during the post-placement implementation flow and could be the result of non-optimal XDC constraints or non-optimal design architecture
Related violations: <none>

TIMING-16#17 Warning
Large setup violation  
There is a large setup violation of -1.334 ns between lcd_inst/init_done_reg/C (clocked by clk_out1_clk_wiz_0) and refresh_counter_reg[23]/CE (clocked by clk_out1_clk_wiz_1). Large setup violations at the end of those stages might be difficult to fix during the post-placement implementation flow and could be the result of non-optimal XDC constraints or non-optimal design architecture
Related violations: <none>

TIMING-16#18 Warning
Large setup violation  
There is a large setup violation of -1.336 ns between lcd_inst/init_done_reg/C (clocked by clk_out1_clk_wiz_0) and refresh_counter_reg[10]/CE (clocked by clk_out1_clk_wiz_1). Large setup violations at the end of those stages might be difficult to fix during the post-placement implementation flow and could be the result of non-optimal XDC constraints or non-optimal design architecture
Related violations: <none>

TIMING-16#19 Warning
Large setup violation  
There is a large setup violation of -1.336 ns between lcd_inst/init_done_reg/C (clocked by clk_out1_clk_wiz_0) and refresh_counter_reg[11]/CE (clocked by clk_out1_clk_wiz_1). Large setup violations at the end of those stages might be difficult to fix during the post-placement implementation flow and could be the result of non-optimal XDC constraints or non-optimal design architecture
Related violations: <none>

TIMING-16#20 Warning
Large setup violation  
There is a large setup violation of -1.336 ns between lcd_inst/init_done_reg/C (clocked by clk_out1_clk_wiz_0) and refresh_counter_reg[12]/CE (clocked by clk_out1_clk_wiz_1). Large setup violations at the end of those stages might be difficult to fix during the post-placement implementation flow and could be the result of non-optimal XDC constraints or non-optimal design architecture
Related violations: <none>

TIMING-16#21 Warning
Large setup violation  
There is a large setup violation of -1.336 ns between lcd_inst/init_done_reg/C (clocked by clk_out1_clk_wiz_0) and refresh_counter_reg[13]/CE (clocked by clk_out1_clk_wiz_1). Large setup violations at the end of those stages might be difficult to fix during the post-placement implementation flow and could be the result of non-optimal XDC constraints or non-optimal design architecture
Related violations: <none>

TIMING-16#22 Warning
Large setup violation  
There is a large setup violation of -1.336 ns between lcd_inst/init_done_reg/C (clocked by clk_out1_clk_wiz_0) and refresh_counter_reg[14]/CE (clocked by clk_out1_clk_wiz_1). Large setup violations at the end of those stages might be difficult to fix during the post-placement implementation flow and could be the result of non-optimal XDC constraints or non-optimal design architecture
Related violations: <none>

TIMING-16#23 Warning
Large setup violation  
There is a large setup violation of -1.336 ns between lcd_inst/init_done_reg/C (clocked by clk_out1_clk_wiz_0) and refresh_counter_reg[17]/CE (clocked by clk_out1_clk_wiz_1). Large setup violations at the end of those stages might be difficult to fix during the post-placement implementation flow and could be the result of non-optimal XDC constraints or non-optimal design architecture
Related violations: <none>

TIMING-16#24 Warning
Large setup violation  
There is a large setup violation of -1.336 ns between lcd_inst/init_done_reg/C (clocked by clk_out1_clk_wiz_0) and refresh_counter_reg[4]/CE (clocked by clk_out1_clk_wiz_1). Large setup violations at the end of those stages might be difficult to fix during the post-placement implementation flow and could be the result of non-optimal XDC constraints or non-optimal design architecture
Related violations: <none>

TIMING-16#25 Warning
Large setup violation  
There is a large setup violation of -1.336 ns between lcd_inst/init_done_reg/C (clocked by clk_out1_clk_wiz_0) and refresh_counter_reg[5]/CE (clocked by clk_out1_clk_wiz_1). Large setup violations at the end of those stages might be difficult to fix during the post-placement implementation flow and could be the result of non-optimal XDC constraints or non-optimal design architecture
Related violations: <none>

TIMING-16#26 Warning
Large setup violation  
There is a large setup violation of -1.348 ns between lcd_inst/cmd_ndata_writer/data_count_reg[0]_replica/C (clocked by clk_out1_clk_wiz_0) and bram_addra_reg[1]/D (clocked by clk_out1_clk_wiz_1). Large setup violations at the end of those stages might be difficult to fix during the post-placement implementation flow and could be the result of non-optimal XDC constraints or non-optimal design architecture
Related violations: <none>

TIMING-16#27 Warning
Large setup violation  
There is a large setup violation of -1.472 ns between lcd_inst/init_done_reg/C (clocked by clk_out1_clk_wiz_0) and refresh_counter_reg[2]/CE (clocked by clk_out1_clk_wiz_1). Large setup violations at the end of those stages might be difficult to fix during the post-placement implementation flow and could be the result of non-optimal XDC constraints or non-optimal design architecture
Related violations: <none>

TIMING-16#28 Warning
Large setup violation  
There is a large setup violation of -1.472 ns between lcd_inst/init_done_reg/C (clocked by clk_out1_clk_wiz_0) and refresh_counter_reg[3]/CE (clocked by clk_out1_clk_wiz_1). Large setup violations at the end of those stages might be difficult to fix during the post-placement implementation flow and could be the result of non-optimal XDC constraints or non-optimal design architecture
Related violations: <none>

TIMING-16#29 Warning
Large setup violation  
There is a large setup violation of -1.472 ns between lcd_inst/init_done_reg/C (clocked by clk_out1_clk_wiz_0) and refresh_counter_reg[7]/CE (clocked by clk_out1_clk_wiz_1). Large setup violations at the end of those stages might be difficult to fix during the post-placement implementation flow and could be the result of non-optimal XDC constraints or non-optimal design architecture
Related violations: <none>

TIMING-16#30 Warning
Large setup violation  
There is a large setup violation of -1.472 ns between lcd_inst/init_done_reg/C (clocked by clk_out1_clk_wiz_0) and refresh_counter_reg[8]/CE (clocked by clk_out1_clk_wiz_1). Large setup violations at the end of those stages might be difficult to fix during the post-placement implementation flow and could be the result of non-optimal XDC constraints or non-optimal design architecture
Related violations: <none>

TIMING-16#31 Warning
Large setup violation  
There is a large setup violation of -1.493 ns between lcd_inst/cmd_ndata_writer/data_count_reg[1]_replica/C (clocked by clk_out1_clk_wiz_0) and bram_addra_reg[2]/D (clocked by clk_out1_clk_wiz_1). Large setup violations at the end of those stages might be difficult to fix during the post-placement implementation flow and could be the result of non-optimal XDC constraints or non-optimal design architecture
Related violations: <none>

TIMING-16#32 Warning
Large setup violation  
There is a large setup violation of -1.512 ns between y_end_reg[5]/C (clocked by clk_out1_clk_wiz_1) and lcd_inst/write_data_reg[5]/D (clocked by clk_out1_clk_wiz_0). Large setup violations at the end of those stages might be difficult to fix during the post-placement implementation flow and could be the result of non-optimal XDC constraints or non-optimal design architecture
Related violations: <none>

TIMING-16#33 Warning
Large setup violation  
There is a large setup violation of -1.558 ns between lcd_inst/cmd_ndata_writer/data_count_reg[1]_replica/C (clocked by clk_out1_clk_wiz_0) and bram_addra_reg[3]/D (clocked by clk_out1_clk_wiz_1). Large setup violations at the end of those stages might be difficult to fix during the post-placement implementation flow and could be the result of non-optimal XDC constraints or non-optimal design architecture
Related violations: <none>

TIMING-16#34 Warning
Large setup violation  
There is a large setup violation of -1.607 ns between lcd_inst/init_done_reg/C (clocked by clk_out1_clk_wiz_0) and led_1_reg_reg/D (clocked by clk_out1_clk_wiz_1). Large setup violations at the end of those stages might be difficult to fix during the post-placement implementation flow and could be the result of non-optimal XDC constraints or non-optimal design architecture
Related violations: <none>

TIMING-16#35 Warning
Large setup violation  
There is a large setup violation of -1.613 ns between lcd_inst/start_read_data_reg_reg/C (clocked by clk_out1_clk_wiz_0) and bram/U0/inst_blk_mem_gen/gnbram.gnativebmg.native_blk_mem_gen/valid.cstr/ramloop[0].ram.r/prim_init.ram/bram/U0/inst_blk_mem_gen/gnbram.gnativebmg.native_blk_mem_gen/valid.cstr/ramloop[0].ram.r/prim_init.ram/DEVICE_7SERIES.NO_BMM_INFO.SP.CASCADED_PRIM36.ram_B_cooolgate_en_gate_1_cooolDelFlop/D (clocked by clk_out1_clk_wiz_1). Large setup violations at the end of those stages might be difficult to fix during the post-placement implementation flow and could be the result of non-optimal XDC constraints or non-optimal design architecture
Related violations: <none>

TIMING-16#36 Warning
Large setup violation  
There is a large setup violation of -1.666 ns between lcd_inst/cmd_ndata_writer/data_count_reg[1]_replica/C (clocked by clk_out1_clk_wiz_0) and bram_addra_reg[4]/D (clocked by clk_out1_clk_wiz_1). Large setup violations at the end of those stages might be difficult to fix during the post-placement implementation flow and could be the result of non-optimal XDC constraints or non-optimal design architecture
Related violations: <none>

TIMING-16#37 Warning
Large setup violation  
There is a large setup violation of -1.678 ns between lcd_inst/start_read_data_reg_reg/C (clocked by clk_out1_clk_wiz_0) and bram_addra_reg[12]/CE (clocked by clk_out1_clk_wiz_1). Large setup violations at the end of those stages might be difficult to fix during the post-placement implementation flow and could be the result of non-optimal XDC constraints or non-optimal design architecture
Related violations: <none>

TIMING-16#38 Warning
Large setup violation  
There is a large setup violation of -1.678 ns between lcd_inst/start_read_data_reg_reg/C (clocked by clk_out1_clk_wiz_0) and bram_addra_reg[13]/CE (clocked by clk_out1_clk_wiz_1). Large setup violations at the end of those stages might be difficult to fix during the post-placement implementation flow and could be the result of non-optimal XDC constraints or non-optimal design architecture
Related violations: <none>

TIMING-16#39 Warning
Large setup violation  
There is a large setup violation of -1.678 ns between lcd_inst/start_read_data_reg_reg/C (clocked by clk_out1_clk_wiz_0) and bram_addra_reg[14]/CE (clocked by clk_out1_clk_wiz_1). Large setup violations at the end of those stages might be difficult to fix during the post-placement implementation flow and could be the result of non-optimal XDC constraints or non-optimal design architecture
Related violations: <none>

TIMING-16#40 Warning
Large setup violation  
There is a large setup violation of -1.678 ns between lcd_inst/start_read_data_reg_reg/C (clocked by clk_out1_clk_wiz_0) and bram_addra_reg[15]/CE (clocked by clk_out1_clk_wiz_1). Large setup violations at the end of those stages might be difficult to fix during the post-placement implementation flow and could be the result of non-optimal XDC constraints or non-optimal design architecture
Related violations: <none>

TIMING-16#41 Warning
Large setup violation  
There is a large setup violation of -1.686 ns between lcd_inst/cmd_ndata_writer/data_count_reg[1]_replica/C (clocked by clk_out1_clk_wiz_0) and bram_addra_reg[6]/D (clocked by clk_out1_clk_wiz_1). Large setup violations at the end of those stages might be difficult to fix during the post-placement implementation flow and could be the result of non-optimal XDC constraints or non-optimal design architecture
Related violations: <none>

TIMING-16#42 Warning
Large setup violation  
There is a large setup violation of -1.688 ns between lcd_inst/start_read_data_reg_reg/C (clocked by clk_out1_clk_wiz_0) and bram_addra_reg[4]/CE (clocked by clk_out1_clk_wiz_1). Large setup violations at the end of those stages might be difficult to fix during the post-placement implementation flow and could be the result of non-optimal XDC constraints or non-optimal design architecture
Related violations: <none>

TIMING-16#43 Warning
Large setup violation  
There is a large setup violation of -1.688 ns between lcd_inst/start_read_data_reg_reg/C (clocked by clk_out1_clk_wiz_0) and bram_addra_reg[5]/CE (clocked by clk_out1_clk_wiz_1). Large setup violations at the end of those stages might be difficult to fix during the post-placement implementation flow and could be the result of non-optimal XDC constraints or non-optimal design architecture
Related violations: <none>

TIMING-16#44 Warning
Large setup violation  
There is a large setup violation of -1.688 ns between lcd_inst/start_read_data_reg_reg/C (clocked by clk_out1_clk_wiz_0) and bram_addra_reg[6]/CE (clocked by clk_out1_clk_wiz_1). Large setup violations at the end of those stages might be difficult to fix during the post-placement implementation flow and could be the result of non-optimal XDC constraints or non-optimal design architecture
Related violations: <none>

TIMING-16#45 Warning
Large setup violation  
There is a large setup violation of -1.688 ns between lcd_inst/start_read_data_reg_reg/C (clocked by clk_out1_clk_wiz_0) and bram_addra_reg[7]/CE (clocked by clk_out1_clk_wiz_1). Large setup violations at the end of those stages might be difficult to fix during the post-placement implementation flow and could be the result of non-optimal XDC constraints or non-optimal design architecture
Related violations: <none>

TIMING-16#46 Warning
Large setup violation  
There is a large setup violation of -1.762 ns between lcd_inst/cmd_ndata_writer/data_count_reg[1]_replica/C (clocked by clk_out1_clk_wiz_0) and bram_addra_reg[7]/D (clocked by clk_out1_clk_wiz_1). Large setup violations at the end of those stages might be difficult to fix during the post-placement implementation flow and could be the result of non-optimal XDC constraints or non-optimal design architecture
Related violations: <none>

TIMING-16#47 Warning
Large setup violation  
There is a large setup violation of -1.770 ns between lcd_inst/cmd_ndata_writer/data_count_reg[1]_replica/C (clocked by clk_out1_clk_wiz_0) and bram_addra_reg[5]/D (clocked by clk_out1_clk_wiz_1). Large setup violations at the end of those stages might be difficult to fix during the post-placement implementation flow and could be the result of non-optimal XDC constraints or non-optimal design architecture
Related violations: <none>

TIMING-16#48 Warning
Large setup violation  
There is a large setup violation of -1.800 ns between lcd_inst/cmd_ndata_writer/done_reg/C (clocked by clk_out1_clk_wiz_0) and FSM_onehot_state_reg[0]/CE (clocked by clk_out1_clk_wiz_1). Large setup violations at the end of those stages might be difficult to fix during the post-placement implementation flow and could be the result of non-optimal XDC constraints or non-optimal design architecture
Related violations: <none>

TIMING-16#49 Warning
Large setup violation  
There is a large setup violation of -1.800 ns between lcd_inst/cmd_ndata_writer/done_reg/C (clocked by clk_out1_clk_wiz_0) and FSM_onehot_state_reg[4]/CE (clocked by clk_out1_clk_wiz_1). Large setup violations at the end of those stages might be difficult to fix during the post-placement implementation flow and could be the result of non-optimal XDC constraints or non-optimal design architecture
Related violations: <none>

TIMING-16#50 Warning
Large setup violation  
There is a large setup violation of -1.800 ns between lcd_inst/cmd_ndata_writer/done_reg/C (clocked by clk_out1_clk_wiz_0) and FSM_onehot_state_reg[5]/CE (clocked by clk_out1_clk_wiz_1). Large setup violations at the end of those stages might be difficult to fix during the post-placement implementation flow and could be the result of non-optimal XDC constraints or non-optimal design architecture
Related violations: <none>

TIMING-16#51 Warning
Large setup violation  
There is a large setup violation of -1.802 ns between lcd_inst/cmd_ndata_writer/data_count_reg[4]/C (clocked by clk_out1_clk_wiz_0) and bram_addra_reg[8]/D (clocked by clk_out1_clk_wiz_1). Large setup violations at the end of those stages might be difficult to fix during the post-placement implementation flow and could be the result of non-optimal XDC constraints or non-optimal design architecture
Related violations: <none>

TIMING-16#52 Warning
Large setup violation  
There is a large setup violation of -1.817 ns between lcd_inst/start_read_data_reg_reg/C (clocked by clk_out1_clk_wiz_0) and bram_addra_reg[16]/CE (clocked by clk_out1_clk_wiz_1). Large setup violations at the end of those stages might be difficult to fix during the post-placement implementation flow and could be the result of non-optimal XDC constraints or non-optimal design architecture
Related violations: <none>

TIMING-16#53 Warning
Large setup violation  
There is a large setup violation of -1.817 ns between lcd_inst/start_read_data_reg_reg/C (clocked by clk_out1_clk_wiz_0) and bram_addra_reg[17]/CE (clocked by clk_out1_clk_wiz_1). Large setup violations at the end of those stages might be difficult to fix during the post-placement implementation flow and could be the result of non-optimal XDC constraints or non-optimal design architecture
Related violations: <none>

TIMING-16#54 Warning
Large setup violation  
There is a large setup violation of -1.822 ns between lcd_inst/cmd_ndata_writer/data_count_reg[4]/C (clocked by clk_out1_clk_wiz_0) and bram_addra_reg[10]/D (clocked by clk_out1_clk_wiz_1). Large setup violations at the end of those stages might be difficult to fix during the post-placement implementation flow and could be the result of non-optimal XDC constraints or non-optimal design architecture
Related violations: <none>

TIMING-16#55 Warning
Large setup violation  
There is a large setup violation of -1.827 ns between lcd_inst/start_read_data_reg_reg/C (clocked by clk_out1_clk_wiz_0) and bram_addra_reg[10]/CE (clocked by clk_out1_clk_wiz_1). Large setup violations at the end of those stages might be difficult to fix during the post-placement implementation flow and could be the result of non-optimal XDC constraints or non-optimal design architecture
Related violations: <none>

TIMING-16#56 Warning
Large setup violation  
There is a large setup violation of -1.827 ns between lcd_inst/start_read_data_reg_reg/C (clocked by clk_out1_clk_wiz_0) and bram_addra_reg[11]/CE (clocked by clk_out1_clk_wiz_1). Large setup violations at the end of those stages might be difficult to fix during the post-placement implementation flow and could be the result of non-optimal XDC constraints or non-optimal design architecture
Related violations: <none>

TIMING-16#57 Warning
Large setup violation  
There is a large setup violation of -1.827 ns between lcd_inst/start_read_data_reg_reg/C (clocked by clk_out1_clk_wiz_0) and bram_addra_reg[8]/CE (clocked by clk_out1_clk_wiz_1). Large setup violations at the end of those stages might be difficult to fix during the post-placement implementation flow and could be the result of non-optimal XDC constraints or non-optimal design architecture
Related violations: <none>

TIMING-16#58 Warning
Large setup violation  
There is a large setup violation of -1.827 ns between lcd_inst/start_read_data_reg_reg/C (clocked by clk_out1_clk_wiz_0) and bram_addra_reg[9]/CE (clocked by clk_out1_clk_wiz_1). Large setup violations at the end of those stages might be difficult to fix during the post-placement implementation flow and could be the result of non-optimal XDC constraints or non-optimal design architecture
Related violations: <none>

TIMING-16#59 Warning
Large setup violation  
There is a large setup violation of -1.829 ns between lcd_inst/start_read_data_reg_reg/C (clocked by clk_out1_clk_wiz_0) and bram_addra_reg[0]/CE (clocked by clk_out1_clk_wiz_1). Large setup violations at the end of those stages might be difficult to fix during the post-placement implementation flow and could be the result of non-optimal XDC constraints or non-optimal design architecture
Related violations: <none>

TIMING-16#60 Warning
Large setup violation  
There is a large setup violation of -1.829 ns between lcd_inst/start_read_data_reg_reg/C (clocked by clk_out1_clk_wiz_0) and bram_addra_reg[1]/CE (clocked by clk_out1_clk_wiz_1). Large setup violations at the end of those stages might be difficult to fix during the post-placement implementation flow and could be the result of non-optimal XDC constraints or non-optimal design architecture
Related violations: <none>

TIMING-16#61 Warning
Large setup violation  
There is a large setup violation of -1.829 ns between lcd_inst/start_read_data_reg_reg/C (clocked by clk_out1_clk_wiz_0) and bram_addra_reg[2]/CE (clocked by clk_out1_clk_wiz_1). Large setup violations at the end of those stages might be difficult to fix during the post-placement implementation flow and could be the result of non-optimal XDC constraints or non-optimal design architecture
Related violations: <none>

TIMING-16#62 Warning
Large setup violation  
There is a large setup violation of -1.829 ns between lcd_inst/start_read_data_reg_reg/C (clocked by clk_out1_clk_wiz_0) and bram_addra_reg[3]/CE (clocked by clk_out1_clk_wiz_1). Large setup violations at the end of those stages might be difficult to fix during the post-placement implementation flow and could be the result of non-optimal XDC constraints or non-optimal design architecture
Related violations: <none>

TIMING-16#63 Warning
Large setup violation  
There is a large setup violation of -1.844 ns between lcd_inst/cmd_ndata_writer/done_reg/C (clocked by clk_out1_clk_wiz_0) and FSM_onehot_state_reg[1]/CE (clocked by clk_out1_clk_wiz_1). Large setup violations at the end of those stages might be difficult to fix during the post-placement implementation flow and could be the result of non-optimal XDC constraints or non-optimal design architecture
Related violations: <none>

TIMING-16#64 Warning
Large setup violation  
There is a large setup violation of -1.844 ns between lcd_inst/cmd_ndata_writer/done_reg/C (clocked by clk_out1_clk_wiz_0) and FSM_onehot_state_reg[2]/CE (clocked by clk_out1_clk_wiz_1). Large setup violations at the end of those stages might be difficult to fix during the post-placement implementation flow and could be the result of non-optimal XDC constraints or non-optimal design architecture
Related violations: <none>

TIMING-16#65 Warning
Large setup violation  
There is a large setup violation of -1.844 ns between lcd_inst/cmd_ndata_writer/done_reg/C (clocked by clk_out1_clk_wiz_0) and FSM_onehot_state_reg[3]/CE (clocked by clk_out1_clk_wiz_1). Large setup violations at the end of those stages might be difficult to fix during the post-placement implementation flow and could be the result of non-optimal XDC constraints or non-optimal design architecture
Related violations: <none>

TIMING-16#66 Warning
Large setup violation  
There is a large setup violation of -1.898 ns between lcd_inst/cmd_ndata_writer/data_count_reg[4]/C (clocked by clk_out1_clk_wiz_0) and bram_addra_reg[11]/D (clocked by clk_out1_clk_wiz_1). Large setup violations at the end of those stages might be difficult to fix during the post-placement implementation flow and could be the result of non-optimal XDC constraints or non-optimal design architecture
Related violations: <none>

TIMING-16#67 Warning
Large setup violation  
There is a large setup violation of -1.902 ns between y_start_reg[7]/C (clocked by clk_out1_clk_wiz_1) and lcd_inst/write_data_reg[1]/D (clocked by clk_out1_clk_wiz_0). Large setup violations at the end of those stages might be difficult to fix during the post-placement implementation flow and could be the result of non-optimal XDC constraints or non-optimal design architecture
Related violations: <none>

TIMING-16#68 Warning
Large setup violation  
There is a large setup violation of -1.906 ns between lcd_inst/cmd_ndata_writer/data_count_reg[4]/C (clocked by clk_out1_clk_wiz_0) and bram_addra_reg[9]/D (clocked by clk_out1_clk_wiz_1). Large setup violations at the end of those stages might be difficult to fix during the post-placement implementation flow and could be the result of non-optimal XDC constraints or non-optimal design architecture
Related violations: <none>

TIMING-16#69 Warning
Large setup violation  
There is a large setup violation of -1.919 ns between lcd_inst/cmd_ndata_writer/data_count_reg[4]/C (clocked by clk_out1_clk_wiz_0) and bram_addra_reg[12]/D (clocked by clk_out1_clk_wiz_1). Large setup violations at the end of those stages might be difficult to fix during the post-placement implementation flow and could be the result of non-optimal XDC constraints or non-optimal design architecture
Related violations: <none>

TIMING-16#70 Warning
Large setup violation  
There is a large setup violation of -1.939 ns between lcd_inst/cmd_ndata_writer/data_count_reg[4]/C (clocked by clk_out1_clk_wiz_0) and bram_addra_reg[14]/D (clocked by clk_out1_clk_wiz_1). Large setup violations at the end of those stages might be difficult to fix during the post-placement implementation flow and could be the result of non-optimal XDC constraints or non-optimal design architecture
Related violations: <none>

TIMING-16#71 Warning
Large setup violation  
There is a large setup violation of -2.015 ns between lcd_inst/cmd_ndata_writer/data_count_reg[4]/C (clocked by clk_out1_clk_wiz_0) and bram_addra_reg[15]/D (clocked by clk_out1_clk_wiz_1). Large setup violations at the end of those stages might be difficult to fix during the post-placement implementation flow and could be the result of non-optimal XDC constraints or non-optimal design architecture
Related violations: <none>

TIMING-16#72 Warning
Large setup violation  
There is a large setup violation of -2.023 ns between lcd_inst/cmd_ndata_writer/data_count_reg[4]/C (clocked by clk_out1_clk_wiz_0) and bram_addra_reg[13]/D (clocked by clk_out1_clk_wiz_1). Large setup violations at the end of those stages might be difficult to fix during the post-placement implementation flow and could be the result of non-optimal XDC constraints or non-optimal design architecture
Related violations: <none>

TIMING-16#73 Warning
Large setup violation  
There is a large setup violation of -2.035 ns between lcd_inst/cmd_ndata_writer/data_count_reg[4]/C (clocked by clk_out1_clk_wiz_0) and bram_addra_reg[16]/D (clocked by clk_out1_clk_wiz_1). Large setup violations at the end of those stages might be difficult to fix during the post-placement implementation flow and could be the result of non-optimal XDC constraints or non-optimal design architecture
Related violations: <none>

TIMING-16#74 Warning
Large setup violation  
There is a large setup violation of -2.139 ns between lcd_inst/cmd_ndata_writer/data_count_reg[4]/C (clocked by clk_out1_clk_wiz_0) and bram_addra_reg[17]/D (clocked by clk_out1_clk_wiz_1). Large setup violations at the end of those stages might be difficult to fix during the post-placement implementation flow and could be the result of non-optimal XDC constraints or non-optimal design architecture
Related violations: <none>

TIMING-16#75 Warning
Large setup violation  
There is a large setup violation of -2.639 ns between x_start_reg[1]/C (clocked by clk_out1_clk_wiz_1) and lcd_inst/total_pixels0__1/A[1] (clocked by clk_out1_clk_wiz_0). Large setup violations at the end of those stages might be difficult to fix during the post-placement implementation flow and could be the result of non-optimal XDC constraints or non-optimal design architecture
Related violations: <none>

TIMING-16#76 Warning
Large setup violation  
There is a large setup violation of -2.707 ns between y_start_reg[7]/C (clocked by clk_out1_clk_wiz_1) and lcd_inst/total_pixels0/A[1] (clocked by clk_out1_clk_wiz_0). Large setup violations at the end of those stages might be difficult to fix during the post-placement implementation flow and could be the result of non-optimal XDC constraints or non-optimal design architecture
Related violations: <none>

TIMING-16#77 Warning
Large setup violation  
There is a large setup violation of -2.755 ns between y_start_reg[7]/C (clocked by clk_out1_clk_wiz_1) and lcd_inst/total_pixels0/A[2] (clocked by clk_out1_clk_wiz_0). Large setup violations at the end of those stages might be difficult to fix during the post-placement implementation flow and could be the result of non-optimal XDC constraints or non-optimal design architecture
Related violations: <none>

TIMING-16#78 Warning
Large setup violation  
There is a large setup violation of -2.792 ns between x_start_reg[1]/C (clocked by clk_out1_clk_wiz_1) and lcd_inst/total_pixels0__1/A[2] (clocked by clk_out1_clk_wiz_0). Large setup violations at the end of those stages might be difficult to fix during the post-placement implementation flow and could be the result of non-optimal XDC constraints or non-optimal design architecture
Related violations: <none>

TIMING-16#79 Warning
Large setup violation  
There is a large setup violation of -2.850 ns between y_end_reg[4]/C (clocked by clk_out1_clk_wiz_1) and lcd_inst/total_pixels0/A[3] (clocked by clk_out1_clk_wiz_0). Large setup violations at the end of those stages might be difficult to fix during the post-placement implementation flow and could be the result of non-optimal XDC constraints or non-optimal design architecture
Related violations: <none>

TIMING-16#80 Warning
Large setup violation  
There is a large setup violation of -2.961 ns between x_start_reg[1]/C (clocked by clk_out1_clk_wiz_1) and lcd_inst/total_pixels0__1/A[3] (clocked by clk_out1_clk_wiz_0). Large setup violations at the end of those stages might be difficult to fix during the post-placement implementation flow and could be the result of non-optimal XDC constraints or non-optimal design architecture
Related violations: <none>

TIMING-16#81 Warning
Large setup violation  
There is a large setup violation of -2.991 ns between y_end_reg[4]/C (clocked by clk_out1_clk_wiz_1) and lcd_inst/total_pixels0/A[4] (clocked by clk_out1_clk_wiz_0). Large setup violations at the end of those stages might be difficult to fix during the post-placement implementation flow and could be the result of non-optimal XDC constraints or non-optimal design architecture
Related violations: <none>

TIMING-16#82 Warning
Large setup violation  
There is a large setup violation of -3.000 ns between y_end_reg[4]/C (clocked by clk_out1_clk_wiz_1) and lcd_inst/total_pixels0/A[12] (clocked by clk_out1_clk_wiz_0). Large setup violations at the end of those stages might be difficult to fix during the post-placement implementation flow and could be the result of non-optimal XDC constraints or non-optimal design architecture
Related violations: <none>

TIMING-16#83 Warning
Large setup violation  
There is a large setup violation of -3.008 ns between x_start_reg[1]/C (clocked by clk_out1_clk_wiz_1) and lcd_inst/total_pixels0__1/A[4] (clocked by clk_out1_clk_wiz_0). Large setup violations at the end of those stages might be difficult to fix during the post-placement implementation flow and could be the result of non-optimal XDC constraints or non-optimal design architecture
Related violations: <none>

TIMING-16#84 Warning
Large setup violation  
There is a large setup violation of -3.011 ns between y_end_reg[4]/C (clocked by clk_out1_clk_wiz_1) and lcd_inst/total_pixels0__1/B[3] (clocked by clk_out1_clk_wiz_0). Large setup violations at the end of those stages might be difficult to fix during the post-placement implementation flow and could be the result of non-optimal XDC constraints or non-optimal design architecture
Related violations: <none>

TIMING-16#85 Warning
Large setup violation  
There is a large setup violation of -3.055 ns between x_start_reg[1]/C (clocked by clk_out1_clk_wiz_1) and lcd_inst/total_pixels0__1/A[5] (clocked by clk_out1_clk_wiz_0). Large setup violations at the end of those stages might be difficult to fix during the post-placement implementation flow and could be the result of non-optimal XDC constraints or non-optimal design architecture
Related violations: <none>

TIMING-16#86 Warning
Large setup violation  
There is a large setup violation of -3.096 ns between y_end_reg[4]/C (clocked by clk_out1_clk_wiz_1) and lcd_inst/total_pixels0__1/B[2] (clocked by clk_out1_clk_wiz_0). Large setup violations at the end of those stages might be difficult to fix during the post-placement implementation flow and could be the result of non-optimal XDC constraints or non-optimal design architecture
Related violations: <none>

TIMING-16#87 Warning
Large setup violation  
There is a large setup violation of -3.098 ns between y_end_reg[4]/C (clocked by clk_out1_clk_wiz_1) and lcd_inst/total_pixels0/A[5] (clocked by clk_out1_clk_wiz_0). Large setup violations at the end of those stages might be difficult to fix during the post-placement implementation flow and could be the result of non-optimal XDC constraints or non-optimal design architecture
Related violations: <none>

TIMING-16#88 Warning
Large setup violation  
There is a large setup violation of -3.116 ns between y_end_reg[4]/C (clocked by clk_out1_clk_wiz_1) and lcd_inst/total_pixels0__1/B[0] (clocked by clk_out1_clk_wiz_0). Large setup violations at the end of those stages might be difficult to fix during the post-placement implementation flow and could be the result of non-optimal XDC constraints or non-optimal design architecture
Related violations: <none>

TIMING-16#89 Warning
Large setup violation  
There is a large setup violation of -3.126 ns between y_end_reg[4]/C (clocked by clk_out1_clk_wiz_1) and lcd_inst/total_pixels0/A[7] (clocked by clk_out1_clk_wiz_0). Large setup violations at the end of those stages might be difficult to fix during the post-placement implementation flow and could be the result of non-optimal XDC constraints or non-optimal design architecture
Related violations: <none>

TIMING-16#90 Warning
Large setup violation  
There is a large setup violation of -3.137 ns between y_end_reg[4]/C (clocked by clk_out1_clk_wiz_1) and lcd_inst/total_pixels0__1/B[13] (clocked by clk_out1_clk_wiz_0). Large setup violations at the end of those stages might be difficult to fix during the post-placement implementation flow and could be the result of non-optimal XDC constraints or non-optimal design architecture
Related violations: <none>

TIMING-16#91 Warning
Large setup violation  
There is a large setup violation of -3.139 ns between y_end_reg[4]/C (clocked by clk_out1_clk_wiz_1) and lcd_inst/total_pixels0__1/B[5] (clocked by clk_out1_clk_wiz_0). Large setup violations at the end of those stages might be difficult to fix during the post-placement implementation flow and could be the result of non-optimal XDC constraints or non-optimal design architecture
Related violations: <none>

TIMING-16#92 Warning
Large setup violation  
There is a large setup violation of -3.148 ns between y_end_reg[4]/C (clocked by clk_out1_clk_wiz_1) and lcd_inst/total_pixels0__1/B[11] (clocked by clk_out1_clk_wiz_0). Large setup violations at the end of those stages might be difficult to fix during the post-placement implementation flow and could be the result of non-optimal XDC constraints or non-optimal design architecture
Related violations: <none>

TIMING-16#93 Warning
Large setup violation  
There is a large setup violation of -3.148 ns between y_end_reg[4]/C (clocked by clk_out1_clk_wiz_1) and lcd_inst/total_pixels0__1/B[4] (clocked by clk_out1_clk_wiz_0). Large setup violations at the end of those stages might be difficult to fix during the post-placement implementation flow and could be the result of non-optimal XDC constraints or non-optimal design architecture
Related violations: <none>

TIMING-16#94 Warning
Large setup violation  
There is a large setup violation of -3.148 ns between y_end_reg[4]/C (clocked by clk_out1_clk_wiz_1) and lcd_inst/total_pixels0__1/B[6] (clocked by clk_out1_clk_wiz_0). Large setup violations at the end of those stages might be difficult to fix during the post-placement implementation flow and could be the result of non-optimal XDC constraints or non-optimal design architecture
Related violations: <none>

TIMING-16#95 Warning
Large setup violation  
There is a large setup violation of -3.150 ns between y_end_reg[4]/C (clocked by clk_out1_clk_wiz_1) and lcd_inst/total_pixels0__1/B[7] (clocked by clk_out1_clk_wiz_0). Large setup violations at the end of those stages might be difficult to fix during the post-placement implementation flow and could be the result of non-optimal XDC constraints or non-optimal design architecture
Related violations: <none>

TIMING-16#96 Warning
Large setup violation  
There is a large setup violation of -3.151 ns between y_end_reg[4]/C (clocked by clk_out1_clk_wiz_1) and lcd_inst/total_pixels0__1/B[1] (clocked by clk_out1_clk_wiz_0). Large setup violations at the end of those stages might be difficult to fix during the post-placement implementation flow and could be the result of non-optimal XDC constraints or non-optimal design architecture
Related violations: <none>

TIMING-16#97 Warning
Large setup violation  
There is a large setup violation of -3.170 ns between y_end_reg[4]/C (clocked by clk_out1_clk_wiz_1) and lcd_inst/total_pixels0/A[14] (clocked by clk_out1_clk_wiz_0). Large setup violations at the end of those stages might be difficult to fix during the post-placement implementation flow and could be the result of non-optimal XDC constraints or non-optimal design architecture
Related violations: <none>

TIMING-16#98 Warning
Large setup violation  
There is a large setup violation of -3.176 ns between y_end_reg[4]/C (clocked by clk_out1_clk_wiz_1) and lcd_inst/total_pixels0/A[9] (clocked by clk_out1_clk_wiz_0). Large setup violations at the end of those stages might be difficult to fix during the post-placement implementation flow and could be the result of non-optimal XDC constraints or non-optimal design architecture
Related violations: <none>

TIMING-16#99 Warning
Large setup violation  
There is a large setup violation of -3.214 ns between y_end_reg[4]/C (clocked by clk_out1_clk_wiz_1) and lcd_inst/total_pixels0__1/B[12] (clocked by clk_out1_clk_wiz_0). Large setup violations at the end of those stages might be difficult to fix during the post-placement implementation flow and could be the result of non-optimal XDC constraints or non-optimal design architecture
Related violations: <none>

TIMING-16#100 Warning
Large setup violation  
There is a large setup violation of -3.214 ns between y_end_reg[4]/C (clocked by clk_out1_clk_wiz_1) and lcd_inst/total_pixels0__1/B[14] (clocked by clk_out1_clk_wiz_0). Large setup violations at the end of those stages might be difficult to fix during the post-placement implementation flow and could be the result of non-optimal XDC constraints or non-optimal design architecture
Related violations: <none>

TIMING-16#101 Warning
Large setup violation  
There is a large setup violation of -3.236 ns between x_start_reg[1]/C (clocked by clk_out1_clk_wiz_1) and lcd_inst/total_pixels0__1/A[6] (clocked by clk_out1_clk_wiz_0). Large setup violations at the end of those stages might be difficult to fix during the post-placement implementation flow and could be the result of non-optimal XDC constraints or non-optimal design architecture
Related violations: <none>

TIMING-16#102 Warning
Large setup violation  
There is a large setup violation of -3.247 ns between y_end_reg[4]/C (clocked by clk_out1_clk_wiz_1) and lcd_inst/total_pixels0/A[13] (clocked by clk_out1_clk_wiz_0). Large setup violations at the end of those stages might be difficult to fix during the post-placement implementation flow and could be the result of non-optimal XDC constraints or non-optimal design architecture
Related violations: <none>

TIMING-16#103 Warning
Large setup violation  
There is a large setup violation of -3.266 ns between y_end_reg[4]/C (clocked by clk_out1_clk_wiz_1) and lcd_inst/total_pixels0__1/B[9] (clocked by clk_out1_clk_wiz_0). Large setup violations at the end of those stages might be difficult to fix during the post-placement implementation flow and could be the result of non-optimal XDC constraints or non-optimal design architecture
Related violations: <none>

TIMING-16#104 Warning
Large setup violation  
There is a large setup violation of -3.269 ns between y_end_reg[4]/C (clocked by clk_out1_clk_wiz_1) and lcd_inst/total_pixels0/A[8] (clocked by clk_out1_clk_wiz_0). Large setup violations at the end of those stages might be difficult to fix during the post-placement implementation flow and could be the result of non-optimal XDC constraints or non-optimal design architecture
Related violations: <none>

TIMING-16#105 Warning
Large setup violation  
There is a large setup violation of -3.276 ns between y_end_reg[4]/C (clocked by clk_out1_clk_wiz_1) and lcd_inst/total_pixels0/A[16] (clocked by clk_out1_clk_wiz_0). Large setup violations at the end of those stages might be difficult to fix during the post-placement implementation flow and could be the result of non-optimal XDC constraints or non-optimal design architecture
Related violations: <none>

TIMING-16#106 Warning
Large setup violation  
There is a large setup violation of -3.279 ns between y_end_reg[4]/C (clocked by clk_out1_clk_wiz_1) and lcd_inst/total_pixels0/A[10] (clocked by clk_out1_clk_wiz_0). Large setup violations at the end of those stages might be difficult to fix during the post-placement implementation flow and could be the result of non-optimal XDC constraints or non-optimal design architecture
Related violations: <none>

TIMING-16#107 Warning
Large setup violation  
There is a large setup violation of -3.280 ns between y_end_reg[4]/C (clocked by clk_out1_clk_wiz_1) and lcd_inst/total_pixels0__1/B[8] (clocked by clk_out1_clk_wiz_0). Large setup violations at the end of those stages might be difficult to fix during the post-placement implementation flow and could be the result of non-optimal XDC constraints or non-optimal design architecture
Related violations: <none>

TIMING-16#108 Warning
Large setup violation  
There is a large setup violation of -3.286 ns between y_end_reg[4]/C (clocked by clk_out1_clk_wiz_1) and lcd_inst/total_pixels0/A[15] (clocked by clk_out1_clk_wiz_0). Large setup violations at the end of those stages might be difficult to fix during the post-placement implementation flow and could be the result of non-optimal XDC constraints or non-optimal design architecture
Related violations: <none>

TIMING-16#109 Warning
Large setup violation  
There is a large setup violation of -3.288 ns between y_end_reg[4]/C (clocked by clk_out1_clk_wiz_1) and lcd_inst/total_pixels0__1/B[10] (clocked by clk_out1_clk_wiz_0). Large setup violations at the end of those stages might be difficult to fix during the post-placement implementation flow and could be the result of non-optimal XDC constraints or non-optimal design architecture
Related violations: <none>

TIMING-16#110 Warning
Large setup violation  
There is a large setup violation of -3.312 ns between y_end_reg[4]/C (clocked by clk_out1_clk_wiz_1) and lcd_inst/total_pixels0/A[11] (clocked by clk_out1_clk_wiz_0). Large setup violations at the end of those stages might be difficult to fix during the post-placement implementation flow and could be the result of non-optimal XDC constraints or non-optimal design architecture
Related violations: <none>

TIMING-16#111 Warning
Large setup violation  
There is a large setup violation of -3.315 ns between x_end_reg[5]/C (clocked by clk_out1_clk_wiz_1) and lcd_inst/total_pixels0/B[7] (clocked by clk_out1_clk_wiz_0). Large setup violations at the end of those stages might be difficult to fix during the post-placement implementation flow and could be the result of non-optimal XDC constraints or non-optimal design architecture
Related violations: <none>

TIMING-16#112 Warning
Large setup violation  
There is a large setup violation of -3.340 ns between x_end_reg[5]/C (clocked by clk_out1_clk_wiz_1) and lcd_inst/total_pixels0__1/A[7] (clocked by clk_out1_clk_wiz_0). Large setup violations at the end of those stages might be difficult to fix during the post-placement implementation flow and could be the result of non-optimal XDC constraints or non-optimal design architecture
Related violations: <none>

TIMING-16#113 Warning
Large setup violation  
There is a large setup violation of -3.351 ns between y_end_reg[4]/C (clocked by clk_out1_clk_wiz_1) and lcd_inst/total_pixels0/A[6] (clocked by clk_out1_clk_wiz_0). Large setup violations at the end of those stages might be difficult to fix during the post-placement implementation flow and could be the result of non-optimal XDC constraints or non-optimal design architecture
Related violations: <none>

TIMING-16#114 Warning
Large setup violation  
There is a large setup violation of -3.358 ns between x_end_reg[5]/C (clocked by clk_out1_clk_wiz_1) and lcd_inst/total_pixels0/B[5] (clocked by clk_out1_clk_wiz_0). Large setup violations at the end of those stages might be difficult to fix during the post-placement implementation flow and could be the result of non-optimal XDC constraints or non-optimal design architecture
Related violations: <none>

TIMING-16#115 Warning
Large setup violation  
There is a large setup violation of -3.375 ns between x_end_reg[5]/C (clocked by clk_out1_clk_wiz_1) and lcd_inst/total_pixels0/B[9] (clocked by clk_out1_clk_wiz_0). Large setup violations at the end of those stages might be difficult to fix during the post-placement implementation flow and could be the result of non-optimal XDC constraints or non-optimal design architecture
Related violations: <none>

TIMING-16#116 Warning
Large setup violation  
There is a large setup violation of -3.389 ns between x_end_reg[5]/C (clocked by clk_out1_clk_wiz_1) and lcd_inst/total_pixels0/B[11] (clocked by clk_out1_clk_wiz_0). Large setup violations at the end of those stages might be difficult to fix during the post-placement implementation flow and could be the result of non-optimal XDC constraints or non-optimal design architecture
Related violations: <none>

TIMING-16#117 Warning
Large setup violation  
There is a large setup violation of -3.399 ns between x_end_reg[5]/C (clocked by clk_out1_clk_wiz_1) and lcd_inst/total_pixels0/B[0] (clocked by clk_out1_clk_wiz_0). Large setup violations at the end of those stages might be difficult to fix during the post-placement implementation flow and could be the result of non-optimal XDC constraints or non-optimal design architecture
Related violations: <none>

TIMING-16#118 Warning
Large setup violation  
There is a large setup violation of -3.405 ns between x_end_reg[5]/C (clocked by clk_out1_clk_wiz_1) and lcd_inst/total_pixels0/B[6] (clocked by clk_out1_clk_wiz_0). Large setup violations at the end of those stages might be difficult to fix during the post-placement implementation flow and could be the result of non-optimal XDC constraints or non-optimal design architecture
Related violations: <none>

TIMING-16#119 Warning
Large setup violation  
There is a large setup violation of -3.412 ns between x_end_reg[5]/C (clocked by clk_out1_clk_wiz_1) and lcd_inst/total_pixels0/B[8] (clocked by clk_out1_clk_wiz_0). Large setup violations at the end of those stages might be difficult to fix during the post-placement implementation flow and could be the result of non-optimal XDC constraints or non-optimal design architecture
Related violations: <none>

TIMING-16#120 Warning
Large setup violation  
There is a large setup violation of -3.412 ns between x_end_reg[5]/C (clocked by clk_out1_clk_wiz_1) and lcd_inst/total_pixels0__1/A[9] (clocked by clk_out1_clk_wiz_0). Large setup violations at the end of those stages might be difficult to fix during the post-placement implementation flow and could be the result of non-optimal XDC constraints or non-optimal design architecture
Related violations: <none>

TIMING-16#121 Warning
Large setup violation  
There is a large setup violation of -3.416 ns between x_end_reg[5]/C (clocked by clk_out1_clk_wiz_1) and lcd_inst/total_pixels0/B[12] (clocked by clk_out1_clk_wiz_0). Large setup violations at the end of those stages might be difficult to fix during the post-placement implementation flow and could be the result of non-optimal XDC constraints or non-optimal design architecture
Related violations: <none>

TIMING-16#122 Warning
Large setup violation  
There is a large setup violation of -3.416 ns between x_end_reg[5]/C (clocked by clk_out1_clk_wiz_1) and lcd_inst/total_pixels0/B[13] (clocked by clk_out1_clk_wiz_0). Large setup violations at the end of those stages might be difficult to fix during the post-placement implementation flow and could be the result of non-optimal XDC constraints or non-optimal design architecture
Related violations: <none>

TIMING-16#123 Warning
Large setup violation  
There is a large setup violation of -3.416 ns between x_end_reg[5]/C (clocked by clk_out1_clk_wiz_1) and lcd_inst/total_pixels0/B[14] (clocked by clk_out1_clk_wiz_0). Large setup violations at the end of those stages might be difficult to fix during the post-placement implementation flow and could be the result of non-optimal XDC constraints or non-optimal design architecture
Related violations: <none>

TIMING-16#124 Warning
Large setup violation  
There is a large setup violation of -3.435 ns between x_end_reg[5]/C (clocked by clk_out1_clk_wiz_1) and lcd_inst/total_pixels0/B[2] (clocked by clk_out1_clk_wiz_0). Large setup violations at the end of those stages might be difficult to fix during the post-placement implementation flow and could be the result of non-optimal XDC constraints or non-optimal design architecture
Related violations: <none>

TIMING-16#125 Warning
Large setup violation  
There is a large setup violation of -3.436 ns between x_end_reg[5]/C (clocked by clk_out1_clk_wiz_1) and lcd_inst/total_pixels0__1/A[8] (clocked by clk_out1_clk_wiz_0). Large setup violations at the end of those stages might be difficult to fix during the post-placement implementation flow and could be the result of non-optimal XDC constraints or non-optimal design architecture
Related violations: <none>

TIMING-16#126 Warning
Large setup violation  
There is a large setup violation of -3.438 ns between x_end_reg[5]/C (clocked by clk_out1_clk_wiz_1) and lcd_inst/total_pixels0/B[1] (clocked by clk_out1_clk_wiz_0). Large setup violations at the end of those stages might be difficult to fix during the post-placement implementation flow and could be the result of non-optimal XDC constraints or non-optimal design architecture
Related violations: <none>

TIMING-16#127 Warning
Large setup violation  
There is a large setup violation of -3.438 ns between x_end_reg[5]/C (clocked by clk_out1_clk_wiz_1) and lcd_inst/total_pixels0/B[3] (clocked by clk_out1_clk_wiz_0). Large setup violations at the end of those stages might be difficult to fix during the post-placement implementation flow and could be the result of non-optimal XDC constraints or non-optimal design architecture
Related violations: <none>

TIMING-16#128 Warning
Large setup violation  
There is a large setup violation of -3.457 ns between x_end_reg[5]/C (clocked by clk_out1_clk_wiz_1) and lcd_inst/total_pixels0/B[10] (clocked by clk_out1_clk_wiz_0). Large setup violations at the end of those stages might be difficult to fix during the post-placement implementation flow and could be the result of non-optimal XDC constraints or non-optimal design architecture
Related violations: <none>

TIMING-16#129 Warning
Large setup violation  
There is a large setup violation of -3.477 ns between x_end_reg[5]/C (clocked by clk_out1_clk_wiz_1) and lcd_inst/total_pixels0/B[4] (clocked by clk_out1_clk_wiz_0). Large setup violations at the end of those stages might be difficult to fix during the post-placement implementation flow and could be the result of non-optimal XDC constraints or non-optimal design architecture
Related violations: <none>

TIMING-16#130 Warning
Large setup violation  
There is a large setup violation of -3.514 ns between x_end_reg[5]/C (clocked by clk_out1_clk_wiz_1) and lcd_inst/total_pixels0__1/A[15] (clocked by clk_out1_clk_wiz_0). Large setup violations at the end of those stages might be difficult to fix during the post-placement implementation flow and could be the result of non-optimal XDC constraints or non-optimal design architecture
Related violations: <none>

TIMING-16#131 Warning
Large setup violation  
There is a large setup violation of -3.530 ns between x_end_reg[5]/C (clocked by clk_out1_clk_wiz_1) and lcd_inst/total_pixels0__1/A[11] (clocked by clk_out1_clk_wiz_0). Large setup violations at the end of those stages might be difficult to fix during the post-placement implementation flow and could be the result of non-optimal XDC constraints or non-optimal design architecture
Related violations: <none>

TIMING-16#132 Warning
Large setup violation  
There is a large setup violation of -3.559 ns between x_end_reg[5]/C (clocked by clk_out1_clk_wiz_1) and lcd_inst/total_pixels0__1/A[16] (clocked by clk_out1_clk_wiz_0). Large setup violations at the end of those stages might be difficult to fix during the post-placement implementation flow and could be the result of non-optimal XDC constraints or non-optimal design architecture
Related violations: <none>

TIMING-16#133 Warning
Large setup violation  
There is a large setup violation of -3.574 ns between x_end_reg[5]/C (clocked by clk_out1_clk_wiz_1) and lcd_inst/total_pixels0__1/A[14] (clocked by clk_out1_clk_wiz_0). Large setup violations at the end of those stages might be difficult to fix during the post-placement implementation flow and could be the result of non-optimal XDC constraints or non-optimal design architecture
Related violations: <none>

TIMING-16#134 Warning
Large setup violation  
There is a large setup violation of -3.583 ns between x_end_reg[5]/C (clocked by clk_out1_clk_wiz_1) and lcd_inst/total_pixels0__1/A[10] (clocked by clk_out1_clk_wiz_0). Large setup violations at the end of those stages might be difficult to fix during the post-placement implementation flow and could be the result of non-optimal XDC constraints or non-optimal design architecture
Related violations: <none>

TIMING-16#135 Warning
Large setup violation  
There is a large setup violation of -3.584 ns between x_end_reg[5]/C (clocked by clk_out1_clk_wiz_1) and lcd_inst/total_pixels0__1/A[12] (clocked by clk_out1_clk_wiz_0). Large setup violations at the end of those stages might be difficult to fix during the post-placement implementation flow and could be the result of non-optimal XDC constraints or non-optimal design architecture
Related violations: <none>

TIMING-16#136 Warning
Large setup violation  
There is a large setup violation of -3.584 ns between x_end_reg[5]/C (clocked by clk_out1_clk_wiz_1) and lcd_inst/total_pixels0__1/A[13] (clocked by clk_out1_clk_wiz_0). Large setup violations at the end of those stages might be difficult to fix during the post-placement implementation flow and could be the result of non-optimal XDC constraints or non-optimal design architecture
Related violations: <none>

TIMING-16#137 Warning
Large setup violation  
There is a large setup violation of -4.419 ns between x_end_reg[5]/C (clocked by clk_out1_clk_wiz_1) and lcd_inst/total_pixels_reg[11]__1/D (clocked by clk_out1_clk_wiz_0). Large setup violations at the end of those stages might be difficult to fix during the post-placement implementation flow and could be the result of non-optimal XDC constraints or non-optimal design architecture
Related violations: <none>

TIMING-16#138 Warning
Large setup violation  
There is a large setup violation of -4.431 ns between x_end_reg[5]/C (clocked by clk_out1_clk_wiz_1) and lcd_inst/total_pixels_reg[9]__1/D (clocked by clk_out1_clk_wiz_0). Large setup violations at the end of those stages might be difficult to fix during the post-placement implementation flow and could be the result of non-optimal XDC constraints or non-optimal design architecture
Related violations: <none>

TIMING-16#139 Warning
Large setup violation  
There is a large setup violation of -4.436 ns between x_end_reg[5]/C (clocked by clk_out1_clk_wiz_1) and lcd_inst/total_pixels_reg[12]__1/D (clocked by clk_out1_clk_wiz_0). Large setup violations at the end of those stages might be difficult to fix during the post-placement implementation flow and could be the result of non-optimal XDC constraints or non-optimal design architecture
Related violations: <none>

TIMING-16#140 Warning
Large setup violation  
There is a large setup violation of -4.437 ns between x_end_reg[5]/C (clocked by clk_out1_clk_wiz_1) and lcd_inst/total_pixels_reg[4]__1/D (clocked by clk_out1_clk_wiz_0). Large setup violations at the end of those stages might be difficult to fix during the post-placement implementation flow and could be the result of non-optimal XDC constraints or non-optimal design architecture
Related violations: <none>

TIMING-16#141 Warning
Large setup violation  
There is a large setup violation of -4.438 ns between x_end_reg[5]/C (clocked by clk_out1_clk_wiz_1) and lcd_inst/total_pixels_reg[1]__1/D (clocked by clk_out1_clk_wiz_0). Large setup violations at the end of those stages might be difficult to fix during the post-placement implementation flow and could be the result of non-optimal XDC constraints or non-optimal design architecture
Related violations: <none>

TIMING-16#142 Warning
Large setup violation  
There is a large setup violation of -4.444 ns between x_end_reg[5]/C (clocked by clk_out1_clk_wiz_1) and lcd_inst/total_pixels_reg[10]__1/D (clocked by clk_out1_clk_wiz_0). Large setup violations at the end of those stages might be difficult to fix during the post-placement implementation flow and could be the result of non-optimal XDC constraints or non-optimal design architecture
Related violations: <none>

TIMING-16#143 Warning
Large setup violation  
There is a large setup violation of -4.469 ns between x_end_reg[5]/C (clocked by clk_out1_clk_wiz_1) and lcd_inst/total_pixels_reg[2]__1/D (clocked by clk_out1_clk_wiz_0). Large setup violations at the end of those stages might be difficult to fix during the post-placement implementation flow and could be the result of non-optimal XDC constraints or non-optimal design architecture
Related violations: <none>

TIMING-16#144 Warning
Large setup violation  
There is a large setup violation of -4.474 ns between x_end_reg[5]/C (clocked by clk_out1_clk_wiz_1) and lcd_inst/total_pixels_reg[13]__1/D (clocked by clk_out1_clk_wiz_0). Large setup violations at the end of those stages might be difficult to fix during the post-placement implementation flow and could be the result of non-optimal XDC constraints or non-optimal design architecture
Related violations: <none>

TIMING-16#145 Warning
Large setup violation  
There is a large setup violation of -4.484 ns between x_end_reg[5]/C (clocked by clk_out1_clk_wiz_1) and lcd_inst/total_pixels_reg[0]__1/D (clocked by clk_out1_clk_wiz_0). Large setup violations at the end of those stages might be difficult to fix during the post-placement implementation flow and could be the result of non-optimal XDC constraints or non-optimal design architecture
Related violations: <none>

TIMING-16#146 Warning
Large setup violation  
There is a large setup violation of -4.487 ns between x_end_reg[5]/C (clocked by clk_out1_clk_wiz_1) and lcd_inst/total_pixels_reg[15]__1/D (clocked by clk_out1_clk_wiz_0). Large setup violations at the end of those stages might be difficult to fix during the post-placement implementation flow and could be the result of non-optimal XDC constraints or non-optimal design architecture
Related violations: <none>

TIMING-16#147 Warning
Large setup violation  
There is a large setup violation of -4.508 ns between x_end_reg[5]/C (clocked by clk_out1_clk_wiz_1) and lcd_inst/total_pixels_reg[8]__1/D (clocked by clk_out1_clk_wiz_0). Large setup violations at the end of those stages might be difficult to fix during the post-placement implementation flow and could be the result of non-optimal XDC constraints or non-optimal design architecture
Related violations: <none>

TIMING-16#148 Warning
Large setup violation  
There is a large setup violation of -4.510 ns between x_end_reg[5]/C (clocked by clk_out1_clk_wiz_1) and lcd_inst/total_pixels_reg[16]__1/D (clocked by clk_out1_clk_wiz_0). Large setup violations at the end of those stages might be difficult to fix during the post-placement implementation flow and could be the result of non-optimal XDC constraints or non-optimal design architecture
Related violations: <none>

TIMING-16#149 Warning
Large setup violation  
There is a large setup violation of -4.517 ns between x_end_reg[5]/C (clocked by clk_out1_clk_wiz_1) and lcd_inst/total_pixels_reg[3]__1/D (clocked by clk_out1_clk_wiz_0). Large setup violations at the end of those stages might be difficult to fix during the post-placement implementation flow and could be the result of non-optimal XDC constraints or non-optimal design architecture
Related violations: <none>

TIMING-16#150 Warning
Large setup violation  
There is a large setup violation of -4.526 ns between x_end_reg[5]/C (clocked by clk_out1_clk_wiz_1) and lcd_inst/total_pixels_reg[14]__1/D (clocked by clk_out1_clk_wiz_0). Large setup violations at the end of those stages might be difficult to fix during the post-placement implementation flow and could be the result of non-optimal XDC constraints or non-optimal design architecture
Related violations: <none>

TIMING-16#151 Warning
Large setup violation  
There is a large setup violation of -4.538 ns between x_end_reg[5]/C (clocked by clk_out1_clk_wiz_1) and lcd_inst/total_pixels_reg[6]__1/D (clocked by clk_out1_clk_wiz_0). Large setup violations at the end of those stages might be difficult to fix during the post-placement implementation flow and could be the result of non-optimal XDC constraints or non-optimal design architecture
Related violations: <none>

TIMING-16#152 Warning
Large setup violation  
There is a large setup violation of -4.544 ns between x_end_reg[5]/C (clocked by clk_out1_clk_wiz_1) and lcd_inst/total_pixels_reg[5]__1/D (clocked by clk_out1_clk_wiz_0). Large setup violations at the end of those stages might be difficult to fix during the post-placement implementation flow and could be the result of non-optimal XDC constraints or non-optimal design architecture
Related violations: <none>

TIMING-16#153 Warning
Large setup violation  
There is a large setup violation of -4.564 ns between x_end_reg[5]/C (clocked by clk_out1_clk_wiz_1) and lcd_inst/total_pixels_reg[7]__1/D (clocked by clk_out1_clk_wiz_0). Large setup violations at the end of those stages might be difficult to fix during the post-placement implementation flow and could be the result of non-optimal XDC constraints or non-optimal design architecture
Related violations: <none>

TIMING-16#154 Warning
Large setup violation  
There is a large setup violation of -4.886 ns between x_end_reg[5]/C (clocked by clk_out1_clk_wiz_1) and lcd_inst/total_pixels0__1/PCIN[0] (clocked by clk_out1_clk_wiz_0). Large setup violations at the end of those stages might be difficult to fix during the post-placement implementation flow and could be the result of non-optimal XDC constraints or non-optimal design architecture
Related violations: <none>

TIMING-16#155 Warning
Large setup violation  
There is a large setup violation of -4.886 ns between x_end_reg[5]/C (clocked by clk_out1_clk_wiz_1) and lcd_inst/total_pixels0__1/PCIN[10] (clocked by clk_out1_clk_wiz_0). Large setup violations at the end of those stages might be difficult to fix during the post-placement implementation flow and could be the result of non-optimal XDC constraints or non-optimal design architecture
Related violations: <none>

TIMING-16#156 Warning
Large setup violation  
There is a large setup violation of -4.886 ns between x_end_reg[5]/C (clocked by clk_out1_clk_wiz_1) and lcd_inst/total_pixels0__1/PCIN[11] (clocked by clk_out1_clk_wiz_0). Large setup violations at the end of those stages might be difficult to fix during the post-placement implementation flow and could be the result of non-optimal XDC constraints or non-optimal design architecture
Related violations: <none>

TIMING-16#157 Warning
Large setup violation  
There is a large setup violation of -4.886 ns between x_end_reg[5]/C (clocked by clk_out1_clk_wiz_1) and lcd_inst/total_pixels0__1/PCIN[12] (clocked by clk_out1_clk_wiz_0). Large setup violations at the end of those stages might be difficult to fix during the post-placement implementation flow and could be the result of non-optimal XDC constraints or non-optimal design architecture
Related violations: <none>

TIMING-16#158 Warning
Large setup violation  
There is a large setup violation of -4.886 ns between x_end_reg[5]/C (clocked by clk_out1_clk_wiz_1) and lcd_inst/total_pixels0__1/PCIN[13] (clocked by clk_out1_clk_wiz_0). Large setup violations at the end of those stages might be difficult to fix during the post-placement implementation flow and could be the result of non-optimal XDC constraints or non-optimal design architecture
Related violations: <none>

TIMING-16#159 Warning
Large setup violation  
There is a large setup violation of -4.886 ns between x_end_reg[5]/C (clocked by clk_out1_clk_wiz_1) and lcd_inst/total_pixels0__1/PCIN[14] (clocked by clk_out1_clk_wiz_0). Large setup violations at the end of those stages might be difficult to fix during the post-placement implementation flow and could be the result of non-optimal XDC constraints or non-optimal design architecture
Related violations: <none>

TIMING-16#160 Warning
Large setup violation  
There is a large setup violation of -4.886 ns between x_end_reg[5]/C (clocked by clk_out1_clk_wiz_1) and lcd_inst/total_pixels0__1/PCIN[15] (clocked by clk_out1_clk_wiz_0). Large setup violations at the end of those stages might be difficult to fix during the post-placement implementation flow and could be the result of non-optimal XDC constraints or non-optimal design architecture
Related violations: <none>

TIMING-16#161 Warning
Large setup violation  
There is a large setup violation of -4.886 ns between x_end_reg[5]/C (clocked by clk_out1_clk_wiz_1) and lcd_inst/total_pixels0__1/PCIN[16] (clocked by clk_out1_clk_wiz_0). Large setup violations at the end of those stages might be difficult to fix during the post-placement implementation flow and could be the result of non-optimal XDC constraints or non-optimal design architecture
Related violations: <none>

TIMING-16#162 Warning
Large setup violation  
There is a large setup violation of -4.886 ns between x_end_reg[5]/C (clocked by clk_out1_clk_wiz_1) and lcd_inst/total_pixels0__1/PCIN[17] (clocked by clk_out1_clk_wiz_0). Large setup violations at the end of those stages might be difficult to fix during the post-placement implementation flow and could be the result of non-optimal XDC constraints or non-optimal design architecture
Related violations: <none>

TIMING-16#163 Warning
Large setup violation  
There is a large setup violation of -4.886 ns between x_end_reg[5]/C (clocked by clk_out1_clk_wiz_1) and lcd_inst/total_pixels0__1/PCIN[18] (clocked by clk_out1_clk_wiz_0). Large setup violations at the end of those stages might be difficult to fix during the post-placement implementation flow and could be the result of non-optimal XDC constraints or non-optimal design architecture
Related violations: <none>

TIMING-16#164 Warning
Large setup violation  
There is a large setup violation of -4.886 ns between x_end_reg[5]/C (clocked by clk_out1_clk_wiz_1) and lcd_inst/total_pixels0__1/PCIN[19] (clocked by clk_out1_clk_wiz_0). Large setup violations at the end of those stages might be difficult to fix during the post-placement implementation flow and could be the result of non-optimal XDC constraints or non-optimal design architecture
Related violations: <none>

TIMING-16#165 Warning
Large setup violation  
There is a large setup violation of -4.886 ns between x_end_reg[5]/C (clocked by clk_out1_clk_wiz_1) and lcd_inst/total_pixels0__1/PCIN[1] (clocked by clk_out1_clk_wiz_0). Large setup violations at the end of those stages might be difficult to fix during the post-placement implementation flow and could be the result of non-optimal XDC constraints or non-optimal design architecture
Related violations: <none>

TIMING-16#166 Warning
Large setup violation  
There is a large setup violation of -4.886 ns between x_end_reg[5]/C (clocked by clk_out1_clk_wiz_1) and lcd_inst/total_pixels0__1/PCIN[20] (clocked by clk_out1_clk_wiz_0). Large setup violations at the end of those stages might be difficult to fix during the post-placement implementation flow and could be the result of non-optimal XDC constraints or non-optimal design architecture
Related violations: <none>

TIMING-16#167 Warning
Large setup violation  
There is a large setup violation of -4.886 ns between x_end_reg[5]/C (clocked by clk_out1_clk_wiz_1) and lcd_inst/total_pixels0__1/PCIN[21] (clocked by clk_out1_clk_wiz_0). Large setup violations at the end of those stages might be difficult to fix during the post-placement implementation flow and could be the result of non-optimal XDC constraints or non-optimal design architecture
Related violations: <none>

TIMING-16#168 Warning
Large setup violation  
There is a large setup violation of -4.886 ns between x_end_reg[5]/C (clocked by clk_out1_clk_wiz_1) and lcd_inst/total_pixels0__1/PCIN[22] (clocked by clk_out1_clk_wiz_0). Large setup violations at the end of those stages might be difficult to fix during the post-placement implementation flow and could be the result of non-optimal XDC constraints or non-optimal design architecture
Related violations: <none>

TIMING-16#169 Warning
Large setup violation  
There is a large setup violation of -4.886 ns between x_end_reg[5]/C (clocked by clk_out1_clk_wiz_1) and lcd_inst/total_pixels0__1/PCIN[23] (clocked by clk_out1_clk_wiz_0). Large setup violations at the end of those stages might be difficult to fix during the post-placement implementation flow and could be the result of non-optimal XDC constraints or non-optimal design architecture
Related violations: <none>

TIMING-16#170 Warning
Large setup violation  
There is a large setup violation of -4.886 ns between x_end_reg[5]/C (clocked by clk_out1_clk_wiz_1) and lcd_inst/total_pixels0__1/PCIN[24] (clocked by clk_out1_clk_wiz_0). Large setup violations at the end of those stages might be difficult to fix during the post-placement implementation flow and could be the result of non-optimal XDC constraints or non-optimal design architecture
Related violations: <none>

TIMING-16#171 Warning
Large setup violation  
There is a large setup violation of -4.886 ns between x_end_reg[5]/C (clocked by clk_out1_clk_wiz_1) and lcd_inst/total_pixels0__1/PCIN[25] (clocked by clk_out1_clk_wiz_0). Large setup violations at the end of those stages might be difficult to fix during the post-placement implementation flow and could be the result of non-optimal XDC constraints or non-optimal design architecture
Related violations: <none>

TIMING-16#172 Warning
Large setup violation  
There is a large setup violation of -4.886 ns between x_end_reg[5]/C (clocked by clk_out1_clk_wiz_1) and lcd_inst/total_pixels0__1/PCIN[26] (clocked by clk_out1_clk_wiz_0). Large setup violations at the end of those stages might be difficult to fix during the post-placement implementation flow and could be the result of non-optimal XDC constraints or non-optimal design architecture
Related violations: <none>

TIMING-16#173 Warning
Large setup violation  
There is a large setup violation of -4.886 ns between x_end_reg[5]/C (clocked by clk_out1_clk_wiz_1) and lcd_inst/total_pixels0__1/PCIN[27] (clocked by clk_out1_clk_wiz_0). Large setup violations at the end of those stages might be difficult to fix during the post-placement implementation flow and could be the result of non-optimal XDC constraints or non-optimal design architecture
Related violations: <none>

TIMING-16#174 Warning
Large setup violation  
There is a large setup violation of -4.886 ns between x_end_reg[5]/C (clocked by clk_out1_clk_wiz_1) and lcd_inst/total_pixels0__1/PCIN[28] (clocked by clk_out1_clk_wiz_0). Large setup violations at the end of those stages might be difficult to fix during the post-placement implementation flow and could be the result of non-optimal XDC constraints or non-optimal design architecture
Related violations: <none>

TIMING-16#175 Warning
Large setup violation  
There is a large setup violation of -4.886 ns between x_end_reg[5]/C (clocked by clk_out1_clk_wiz_1) and lcd_inst/total_pixels0__1/PCIN[29] (clocked by clk_out1_clk_wiz_0). Large setup violations at the end of those stages might be difficult to fix during the post-placement implementation flow and could be the result of non-optimal XDC constraints or non-optimal design architecture
Related violations: <none>

TIMING-16#176 Warning
Large setup violation  
There is a large setup violation of -4.886 ns between x_end_reg[5]/C (clocked by clk_out1_clk_wiz_1) and lcd_inst/total_pixels0__1/PCIN[2] (clocked by clk_out1_clk_wiz_0). Large setup violations at the end of those stages might be difficult to fix during the post-placement implementation flow and could be the result of non-optimal XDC constraints or non-optimal design architecture
Related violations: <none>

TIMING-16#177 Warning
Large setup violation  
There is a large setup violation of -4.886 ns between x_end_reg[5]/C (clocked by clk_out1_clk_wiz_1) and lcd_inst/total_pixels0__1/PCIN[30] (clocked by clk_out1_clk_wiz_0). Large setup violations at the end of those stages might be difficult to fix during the post-placement implementation flow and could be the result of non-optimal XDC constraints or non-optimal design architecture
Related violations: <none>

TIMING-16#178 Warning
Large setup violation  
There is a large setup violation of -4.886 ns between x_end_reg[5]/C (clocked by clk_out1_clk_wiz_1) and lcd_inst/total_pixels0__1/PCIN[31] (clocked by clk_out1_clk_wiz_0). Large setup violations at the end of those stages might be difficult to fix during the post-placement implementation flow and could be the result of non-optimal XDC constraints or non-optimal design architecture
Related violations: <none>

TIMING-16#179 Warning
Large setup violation  
There is a large setup violation of -4.886 ns between x_end_reg[5]/C (clocked by clk_out1_clk_wiz_1) and lcd_inst/total_pixels0__1/PCIN[32] (clocked by clk_out1_clk_wiz_0). Large setup violations at the end of those stages might be difficult to fix during the post-placement implementation flow and could be the result of non-optimal XDC constraints or non-optimal design architecture
Related violations: <none>

TIMING-16#180 Warning
Large setup violation  
There is a large setup violation of -4.886 ns between x_end_reg[5]/C (clocked by clk_out1_clk_wiz_1) and lcd_inst/total_pixels0__1/PCIN[33] (clocked by clk_out1_clk_wiz_0). Large setup violations at the end of those stages might be difficult to fix during the post-placement implementation flow and could be the result of non-optimal XDC constraints or non-optimal design architecture
Related violations: <none>

TIMING-16#181 Warning
Large setup violation  
There is a large setup violation of -4.886 ns between x_end_reg[5]/C (clocked by clk_out1_clk_wiz_1) and lcd_inst/total_pixels0__1/PCIN[34] (clocked by clk_out1_clk_wiz_0). Large setup violations at the end of those stages might be difficult to fix during the post-placement implementation flow and could be the result of non-optimal XDC constraints or non-optimal design architecture
Related violations: <none>

TIMING-16#182 Warning
Large setup violation  
There is a large setup violation of -4.886 ns between x_end_reg[5]/C (clocked by clk_out1_clk_wiz_1) and lcd_inst/total_pixels0__1/PCIN[35] (clocked by clk_out1_clk_wiz_0). Large setup violations at the end of those stages might be difficult to fix during the post-placement implementation flow and could be the result of non-optimal XDC constraints or non-optimal design architecture
Related violations: <none>

TIMING-16#183 Warning
Large setup violation  
There is a large setup violation of -4.886 ns between x_end_reg[5]/C (clocked by clk_out1_clk_wiz_1) and lcd_inst/total_pixels0__1/PCIN[36] (clocked by clk_out1_clk_wiz_0). Large setup violations at the end of those stages might be difficult to fix during the post-placement implementation flow and could be the result of non-optimal XDC constraints or non-optimal design architecture
Related violations: <none>

TIMING-16#184 Warning
Large setup violation  
There is a large setup violation of -4.886 ns between x_end_reg[5]/C (clocked by clk_out1_clk_wiz_1) and lcd_inst/total_pixels0__1/PCIN[37] (clocked by clk_out1_clk_wiz_0). Large setup violations at the end of those stages might be difficult to fix during the post-placement implementation flow and could be the result of non-optimal XDC constraints or non-optimal design architecture
Related violations: <none>

TIMING-16#185 Warning
Large setup violation  
There is a large setup violation of -4.886 ns between x_end_reg[5]/C (clocked by clk_out1_clk_wiz_1) and lcd_inst/total_pixels0__1/PCIN[38] (clocked by clk_out1_clk_wiz_0). Large setup violations at the end of those stages might be difficult to fix during the post-placement implementation flow and could be the result of non-optimal XDC constraints or non-optimal design architecture
Related violations: <none>

TIMING-16#186 Warning
Large setup violation  
There is a large setup violation of -4.886 ns between x_end_reg[5]/C (clocked by clk_out1_clk_wiz_1) and lcd_inst/total_pixels0__1/PCIN[39] (clocked by clk_out1_clk_wiz_0). Large setup violations at the end of those stages might be difficult to fix during the post-placement implementation flow and could be the result of non-optimal XDC constraints or non-optimal design architecture
Related violations: <none>

TIMING-16#187 Warning
Large setup violation  
There is a large setup violation of -4.886 ns between x_end_reg[5]/C (clocked by clk_out1_clk_wiz_1) and lcd_inst/total_pixels0__1/PCIN[3] (clocked by clk_out1_clk_wiz_0). Large setup violations at the end of those stages might be difficult to fix during the post-placement implementation flow and could be the result of non-optimal XDC constraints or non-optimal design architecture
Related violations: <none>

TIMING-16#188 Warning
Large setup violation  
There is a large setup violation of -4.886 ns between x_end_reg[5]/C (clocked by clk_out1_clk_wiz_1) and lcd_inst/total_pixels0__1/PCIN[40] (clocked by clk_out1_clk_wiz_0). Large setup violations at the end of those stages might be difficult to fix during the post-placement implementation flow and could be the result of non-optimal XDC constraints or non-optimal design architecture
Related violations: <none>

TIMING-16#189 Warning
Large setup violation  
There is a large setup violation of -4.886 ns between x_end_reg[5]/C (clocked by clk_out1_clk_wiz_1) and lcd_inst/total_pixels0__1/PCIN[41] (clocked by clk_out1_clk_wiz_0). Large setup violations at the end of those stages might be difficult to fix during the post-placement implementation flow and could be the result of non-optimal XDC constraints or non-optimal design architecture
Related violations: <none>

TIMING-16#190 Warning
Large setup violation  
There is a large setup violation of -4.886 ns between x_end_reg[5]/C (clocked by clk_out1_clk_wiz_1) and lcd_inst/total_pixels0__1/PCIN[42] (clocked by clk_out1_clk_wiz_0). Large setup violations at the end of those stages might be difficult to fix during the post-placement implementation flow and could be the result of non-optimal XDC constraints or non-optimal design architecture
Related violations: <none>

TIMING-16#191 Warning
Large setup violation  
There is a large setup violation of -4.886 ns between x_end_reg[5]/C (clocked by clk_out1_clk_wiz_1) and lcd_inst/total_pixels0__1/PCIN[43] (clocked by clk_out1_clk_wiz_0). Large setup violations at the end of those stages might be difficult to fix during the post-placement implementation flow and could be the result of non-optimal XDC constraints or non-optimal design architecture
Related violations: <none>

TIMING-16#192 Warning
Large setup violation  
There is a large setup violation of -4.886 ns between x_end_reg[5]/C (clocked by clk_out1_clk_wiz_1) and lcd_inst/total_pixels0__1/PCIN[44] (clocked by clk_out1_clk_wiz_0). Large setup violations at the end of those stages might be difficult to fix during the post-placement implementation flow and could be the result of non-optimal XDC constraints or non-optimal design architecture
Related violations: <none>

TIMING-16#193 Warning
Large setup violation  
There is a large setup violation of -4.886 ns between x_end_reg[5]/C (clocked by clk_out1_clk_wiz_1) and lcd_inst/total_pixels0__1/PCIN[45] (clocked by clk_out1_clk_wiz_0). Large setup violations at the end of those stages might be difficult to fix during the post-placement implementation flow and could be the result of non-optimal XDC constraints or non-optimal design architecture
Related violations: <none>

TIMING-16#194 Warning
Large setup violation  
There is a large setup violation of -4.886 ns between x_end_reg[5]/C (clocked by clk_out1_clk_wiz_1) and lcd_inst/total_pixels0__1/PCIN[46] (clocked by clk_out1_clk_wiz_0). Large setup violations at the end of those stages might be difficult to fix during the post-placement implementation flow and could be the result of non-optimal XDC constraints or non-optimal design architecture
Related violations: <none>

TIMING-16#195 Warning
Large setup violation  
There is a large setup violation of -4.886 ns between x_end_reg[5]/C (clocked by clk_out1_clk_wiz_1) and lcd_inst/total_pixels0__1/PCIN[47] (clocked by clk_out1_clk_wiz_0). Large setup violations at the end of those stages might be difficult to fix during the post-placement implementation flow and could be the result of non-optimal XDC constraints or non-optimal design architecture
Related violations: <none>

TIMING-16#196 Warning
Large setup violation  
There is a large setup violation of -4.886 ns between x_end_reg[5]/C (clocked by clk_out1_clk_wiz_1) and lcd_inst/total_pixels0__1/PCIN[4] (clocked by clk_out1_clk_wiz_0). Large setup violations at the end of those stages might be difficult to fix during the post-placement implementation flow and could be the result of non-optimal XDC constraints or non-optimal design architecture
Related violations: <none>

TIMING-16#197 Warning
Large setup violation  
There is a large setup violation of -4.886 ns between x_end_reg[5]/C (clocked by clk_out1_clk_wiz_1) and lcd_inst/total_pixels0__1/PCIN[5] (clocked by clk_out1_clk_wiz_0). Large setup violations at the end of those stages might be difficult to fix during the post-placement implementation flow and could be the result of non-optimal XDC constraints or non-optimal design architecture
Related violations: <none>

TIMING-16#198 Warning
Large setup violation  
There is a large setup violation of -4.886 ns between x_end_reg[5]/C (clocked by clk_out1_clk_wiz_1) and lcd_inst/total_pixels0__1/PCIN[6] (clocked by clk_out1_clk_wiz_0). Large setup violations at the end of those stages might be difficult to fix during the post-placement implementation flow and could be the result of non-optimal XDC constraints or non-optimal design architecture
Related violations: <none>

TIMING-16#199 Warning
Large setup violation  
There is a large setup violation of -4.886 ns between x_end_reg[5]/C (clocked by clk_out1_clk_wiz_1) and lcd_inst/total_pixels0__1/PCIN[7] (clocked by clk_out1_clk_wiz_0). Large setup violations at the end of those stages might be difficult to fix during the post-placement implementation flow and could be the result of non-optimal XDC constraints or non-optimal design architecture
Related violations: <none>

TIMING-16#200 Warning
Large setup violation  
There is a large setup violation of -4.886 ns between x_end_reg[5]/C (clocked by clk_out1_clk_wiz_1) and lcd_inst/total_pixels0__1/PCIN[8] (clocked by clk_out1_clk_wiz_0). Large setup violations at the end of those stages might be difficult to fix during the post-placement implementation flow and could be the result of non-optimal XDC constraints or non-optimal design architecture
Related violations: <none>

TIMING-16#201 Warning
Large setup violation  
There is a large setup violation of -4.886 ns between x_end_reg[5]/C (clocked by clk_out1_clk_wiz_1) and lcd_inst/total_pixels0__1/PCIN[9] (clocked by clk_out1_clk_wiz_0). Large setup violations at the end of those stages might be difficult to fix during the post-placement implementation flow and could be the result of non-optimal XDC constraints or non-optimal design architecture
Related violations: <none>

TIMING-18#1 Warning
Missing input or output delay  
An input delay is missing on reset_n relative to the rising and/or falling clock edge(s) of lcd_inst/lcd_clk_pll/inst/clk_in1.
Related violations: <none>

TIMING-18#2 Warning
Missing input or output delay  
An output delay is missing on LCD_BL relative to the rising and/or falling clock edge(s) of lcd_inst/lcd_clk_pll/inst/clk_in1.
Related violations: <none>

TIMING-18#3 Warning
Missing input or output delay  
An output delay is missing on LCD_CS relative to the rising and/or falling clock edge(s) of lcd_inst/lcd_clk_pll/inst/clk_in1.
Related violations: <none>

TIMING-18#4 Warning
Missing input or output delay  
An output delay is missing on LCD_DATA[0] relative to the rising and/or falling clock edge(s) of lcd_inst/lcd_clk_pll/inst/clk_in1.
Related violations: <none>

TIMING-18#5 Warning
Missing input or output delay  
An output delay is missing on LCD_DATA[10] relative to the rising and/or falling clock edge(s) of lcd_inst/lcd_clk_pll/inst/clk_in1.
Related violations: <none>

TIMING-18#6 Warning
Missing input or output delay  
An output delay is missing on LCD_DATA[11] relative to the rising and/or falling clock edge(s) of lcd_inst/lcd_clk_pll/inst/clk_in1.
Related violations: <none>

TIMING-18#7 Warning
Missing input or output delay  
An output delay is missing on LCD_DATA[12] relative to the rising and/or falling clock edge(s) of lcd_inst/lcd_clk_pll/inst/clk_in1.
Related violations: <none>

TIMING-18#8 Warning
Missing input or output delay  
An output delay is missing on LCD_DATA[13] relative to the rising and/or falling clock edge(s) of lcd_inst/lcd_clk_pll/inst/clk_in1.
Related violations: <none>

TIMING-18#9 Warning
Missing input or output delay  
An output delay is missing on LCD_DATA[14] relative to the rising and/or falling clock edge(s) of lcd_inst/lcd_clk_pll/inst/clk_in1.
Related violations: <none>

TIMING-18#10 Warning
Missing input or output delay  
An output delay is missing on LCD_DATA[15] relative to the rising and/or falling clock edge(s) of lcd_inst/lcd_clk_pll/inst/clk_in1.
Related violations: <none>

TIMING-18#11 Warning
Missing input or output delay  
An output delay is missing on LCD_DATA[1] relative to the rising and/or falling clock edge(s) of lcd_inst/lcd_clk_pll/inst/clk_in1.
Related violations: <none>

TIMING-18#12 Warning
Missing input or output delay  
An output delay is missing on LCD_DATA[2] relative to the rising and/or falling clock edge(s) of lcd_inst/lcd_clk_pll/inst/clk_in1.
Related violations: <none>

TIMING-18#13 Warning
Missing input or output delay  
An output delay is missing on LCD_DATA[3] relative to the rising and/or falling clock edge(s) of lcd_inst/lcd_clk_pll/inst/clk_in1.
Related violations: <none>

TIMING-18#14 Warning
Missing input or output delay  
An output delay is missing on LCD_DATA[4] relative to the rising and/or falling clock edge(s) of lcd_inst/lcd_clk_pll/inst/clk_in1.
Related violations: <none>

TIMING-18#15 Warning
Missing input or output delay  
An output delay is missing on LCD_DATA[5] relative to the rising and/or falling clock edge(s) of lcd_inst/lcd_clk_pll/inst/clk_in1.
Related violations: <none>

TIMING-18#16 Warning
Missing input or output delay  
An output delay is missing on LCD_DATA[6] relative to the rising and/or falling clock edge(s) of lcd_inst/lcd_clk_pll/inst/clk_in1.
Related violations: <none>

TIMING-18#17 Warning
Missing input or output delay  
An output delay is missing on LCD_DATA[7] relative to the rising and/or falling clock edge(s) of lcd_inst/lcd_clk_pll/inst/clk_in1.
Related violations: <none>

TIMING-18#18 Warning
Missing input or output delay  
An output delay is missing on LCD_DATA[8] relative to the rising and/or falling clock edge(s) of lcd_inst/lcd_clk_pll/inst/clk_in1.
Related violations: <none>

TIMING-18#19 Warning
Missing input or output delay  
An output delay is missing on LCD_DATA[9] relative to the rising and/or falling clock edge(s) of lcd_inst/lcd_clk_pll/inst/clk_in1.
Related violations: <none>

TIMING-18#20 Warning
Missing input or output delay  
An output delay is missing on LCD_RDX relative to the rising and/or falling clock edge(s) of lcd_inst/lcd_clk_pll/inst/clk_in1.
Related violations: <none>

TIMING-18#21 Warning
Missing input or output delay  
An output delay is missing on LCD_RESET relative to the rising and/or falling clock edge(s) of lcd_inst/lcd_clk_pll/inst/clk_in1.
Related violations: <none>

TIMING-18#22 Warning
Missing input or output delay  
An output delay is missing on LCD_RS relative to the rising and/or falling clock edge(s) of lcd_inst/lcd_clk_pll/inst/clk_in1.
Related violations: <none>

TIMING-18#23 Warning
Missing input or output delay  
An output delay is missing on LCD_WR relative to the rising and/or falling clock edge(s) of lcd_inst/lcd_clk_pll/inst/clk_in1.
Related violations: <none>


