0000000000000000
0000000000000000
1101011010111010
1111111111111111
1111111111111111
1111111111111111
1111111111111111
0000100001100001
0000000000000000
0000000000000000
0000000000000000
0000000000000000
1111111111011111
1111111111111111
1111111111111111
1111111111111111
1111111111111111
0000000000000000
0000000000000000
0000000000000000
0000000000000000
0000000000000000
1111111111111111
1111111111111111
1111111111111111
1111111111111111
1111111111111111
0000000000000000
0000000000000000
0000000000000000
0000000000000000
0000000000000000
1111111111011111
1111111111111111
1111111111111111
1111111111111111
1111111111111111
0000000000000000
0000000000000000
0000000000000000
0000000000000000
0000000000000000
1111111111111111
1111111111111111
1111111111111111
1111111111111111
1111111111111111
0000000000000000
0000000000000000
0000000000000000
0000000000000000
0000000000100000
1111111111111111
1111111111111111
1111111111111111
1111111111111111
1110111101011101
0000000000000000
0000000000000000
0000000000000000
0000000000000000
1100011000111000
1111111111111111
1111111111111111
1111111111111111
1111111111111111
1100111001011001
0000000000000000
0000000000000000
0000000000000000
0000000000000000
1110111101111101
1111111111111111
1111111111111111
1111111111111111
1111111111111111
0000000000100000
0000000000000000
0000000000000000
0000000000000000
0000000000000000
1111111111111111
1111111111111111
1111111111111111
1111111111111111
1111111111111111
0000000000000000
0000000000000000
0000000000000000
0000000000000000
0000000000000000
1111111111111111
1111111111111111
1111111111111111
1111111111111111
1111111111111111
0000000000000000
0000000000000000
0000000000000000
0000000000000000
0000000000000000
1111111111111111
1111111111111111
1111111111111111
1111111111111111
1111111111111111
0000000000000000
0000000000000000
0000000000000000
0000000000000000
0000000000000000
1111111111111111
1111111111111111
1111111111111111
1111111111111111
1111111111111111
0000000000000000
0000000000000000
0000000000000000
0000000000000000
0001000010000010
1111111111111111
1111111111111111
1111111111111111
1111111111111111
1101011010111010
0000000000000000
0000000000000000
0000000000000000
0000000000000000
1101011010111010
1111111111111111
1111111111111111
1111111111111111
1111111111111111
0000100001100001
0000000000000000
0000000000000000
0000000000000000
0000000000000000
1111111111011111
1111111111111111
1111111111111111
1111111111111111
1111111111111111
0000000000000000
0000000000000000
0000000000000000
0000000000000000
0000000000000000
1111111111111111
1111111111111111
1111111111111111
1111111111111111
1111111111111111
0000000000000000
0000000000000000
0000000000000000
0000000000000000
0000000000000000
1111111111011111
1111111111111111
1111111111111111
1111111111111111
1111111111111111
0000000000000000
0000000000000000
0000000000000000
0000000000000000
0000000000000000
1111111111111111
1111111111111111
1111111111111111
1111111111111111
1111111111111111
0000000000000000
0000000000000000
0000000000000000
0000000000000000
0000000000100000
1111111111111111
1111111111111111
1111111111111111
1111111111111111
1110111101011101
0000000000000000
0000000000000000
0000000000000000
0000000000000000
1100011000111000
1111111111111111
1111111111111111
1111111111111111
1111111111111111
1100111001011001
0000000000000000
0000000000000000
0000000000000000
0000000000000000
1110111101111101
1111111111111111
1111111111111111
1111111111111111
1111111111111111
0000000000100000
0000000000000000
0000000000000000
0000000000000000
0000000000000000
1111111111111111
1111111111111111
1111111111111111
1111111111111111
1111111111111111
0000000000000000
0000000000000000
0000000000000000
0000000000000000
0000000000000000
1111111111111111
1111111111111111
1111111111111111
1111111111111111
1111111111111111
0000000000000000
0000000000000000
0000000000000000
0000000000000000
0000000000000000
1111111111111111
1111111111111111
1111111111111111
1111111111111111
1111111111111111
0000000000000000
0000000000000000
0000000000000000
0000000000000000
0000000000000000
1111111111111111
1111111111111111
1111111111111111
1111111111111111
1111111111111111
0000000000000000
0000000000000000
0000000000000000
0000000000000000
0001000010000010
1111111111111111
1111111111111111
1111111111111111
1111111111111111
1101011010111010
0000000000000000
0000000000000000
0000000000000000
0000000000000000
1101011010111010
1111111111111111
1111111111111111
1111111111111111
1111111111111111
0000100001100001
0000000000000000
0000000000000000
0000000000000000
0000000000000000
1111111111011111
1111111111111111
1111111111111111
1111111111111111
1111111111111111
0000000000000000
0000000000000000
0000000000000000
0000000000000000
0000000000000000
1111111111111111
1111111111111111
1111111111111111
1111111111111111
1111111111111111
0000000000000000
0000000000000000
0000000000000000
0000000000000000
0000000000000000
1111111111011111
1111111111111111
1111111111111111
1111111111111111
1111111111111111
0000000000000000
0000000000000000
0000000000000000
0000000000000000
0000000000000000
1111111111111111
1111111111111111
1111111111111111
1111111111111111
1111111111111111
0000000000000000
0000000000000000
0000000000000000
0000000000000000
0000000000100000
1111111111111111
1111111111111111
1111111111111111
1111111111111111
1110111101011101
0000000000000000
0000000000000000
0000000000000000
0000000000000000
1100011000111000
1111111111111111
1111111111111111
1111111111111111
1111111111111111
1100111001011001
0000000000000000
0000000000000000
0000000000000000
0000000000000000
1110111101111101
1111111111111111
1111111111111111
1111111111111111
1111111111111111
0000000000100000
0000000000000000
0000000000000000
0000000000000000
0000000000000000
1111111111111111
1111111111111111
1111111111111111
1111111111111111
1111111111111111
0000000000000000
0000000000000000
0000000000000000
0000000000000000
0000000000000000
1111111111111111
1111111111111111
1111111111111111
1111111111111111
1111111111111111
0000000000000000
0000000000000000
0000000000000000
0000000000000000
0000000000000000
1111111111111111
1111111111111111
1111111111111111
1111111111111111
1111111111111111
0000000000000000
0000000000000000
0000000000000000
0000000000000000
0000000000000000
1111111111111111
1111111111111111
1111111111111111
1111111111111111
1111111111111111
0000000000000000
0000000000000000
0000000000000000
0000000000000000
0001000010000010
1111111111111111
1111111111111111
1111111111111111
1111111111111111
1101011010111010
0000000000000000
0000000000000000
0000000000000000
0000000000000000
1101111011111011
1111111111111111
1111111111111111
1111111111111111
1111111111111111
0001000010000010
0000000000000000
0000000000000000
0000000000000000
0000000000000000
1111111111111111
1111111111111111
1111111111111111
1111111111111111
1111111111111111
0000000000000000
0000000000000000
0000000000000000
0000000000000000
0000000000000000
1111111111111111
1111111111111111
1111111111111111
1111111111111111
1111111111111111
0000000000000000
0000000000000000
0000000000000000
0000000000000000
0000000000000000
1111011110011110
1111111111111111
1111111111111111
1111111111111111
1111111111111111
0000000000000000
0000000000000000
0000000000000000
0000000000000000
0000000000000000
1111011110111110
1111111111111111
1111111111111111
1111111111111111
1111111111111111
0000000000000000
0000000000000000
0000000000000000
0000000000000000
0000000000000000
1111111111111111
1111111111111111
1111111111111111
1111111111111111
1110111101011101
0000000000000000
0000000000000000
0000000000000000
0000000000000000
1011110111010111
1111111111111111
1111111111111111
1111111111111111
1111111111111111
1011110111110111
0000000000000000
0000000000000000
0000000000000000
0000000000000000
1110111101111101
1111111111111111
1111111111111111
1111111111111111
1111111111111111
0000000000000000
0000000000000000
0000000000000000
0000000000000000
0000000000100000
1111111111111111
1111111111111111
1111111111111111
1111111111111111
1111111111111111
0000000000000000
0000000000000000
0000000000000000
0000000000000000
0000000000000000
1111111111111111
1111111111111111
1111111111111111
1111111111111111
1111111111011111
0000000000000000
0000000000000000
0000000000000000
0000000000000000
0000000000100000
1111111111111111
1111111111111111
1111111111111111
1111111111111111
1111111111111111
0000000000100000
0000000000000000
0000000000000000
0000000000000000
0000000000000000
1111111111111111
1111111111111111
1111111111111111
1111111111111111
1111111111111111
0000000000100000
0000000000000000
0000000000000000
0000000000000000
0001000010100010
1111111111011111
1111111111111111
1111111111111111
1111111111111111
1101011010111010
0000000000000000
0000000000000000
1111111111111111
1111111111111111
1110111101011101
1000110001110001
1000110001110001
1000110001110001
1000110001110001
1100011000111000
1000110001110001
1000110001110001
1000110001110001
1000110001110001
1000110001110001
1000110001110001
1000110001110001
1000110001110001
1000110001110001
1001010010010010
1000110001110001
1000110001110001
1000110001110001
1000110001110001
1001010010110010
1000110001110001
1000110001110001
1000110001110001
1000110001110001
1000010000110000
1000110001110001
1000110001110001
1000110001110001
1000110001110001
1001110011010011
1000110001110001
1000110001110001
1000110001110001
1001010010010010
1000010000010000
1000110001110001
1000110001110001
1000010000110000
1001010010010010
1000110001110001
1000110001110001
1000110001110001
1000110001010001
1001010010010010
1000110001110001
1001010010010010
1000110001110001
1000110001010001
1011110111110111
1000110001110001
1000110001110001
1000110001110001
1001010010110010
1101011010011010
1000110001110001
1000110001110001
1000110001110001
1000110001010001
1110111101111101
1000110001110001
1000110001110001
1000110001110001
1001010010010010
1110111101011101
1000110001110001
1000110001110001
1000110001110001
1000110001110001
1101011010111010
1000110001110001
1000110001110001
1000110001110001
1001010010010010
1011110111110111
1000110001110001
1000110001110001
1000110001110001
1000110001010001
1001010010010010
1000110001110001
1000110001110001
1000110001110001
1001010010010010
1001010010010010
1000110001110001
1000110001110001
1000110001110001
1001010010010010
1000110001110001
1000110001110001
1000110001110001
1000110001110001
1001010010110010
1000010000110000
1000110001110001
1000110001110001
1000110001110001
1000010000010000
1000110001110001
1000110001110001
1000110001110001
1000110001110001
1001010010110010
1000010000010000
1000110001110001
1000110001110001
1000110001110001
1000010000110000
1000110001110001
1000110001110001
1000110001110001
1000110001110001
1001010010110010
1000110001010001
1000110001110001
1000110001110001
1000110001110001
1011110111010111
1001010010010010
1000110001110001
1000110001110001
1000110001110001
1110011100111100
1111111111111111
1111111111111111
1111111111111111
1111111111111111
1110011100111100
1000110001110001
1000110001110001
1000110001110001
1000110001110001
1011110111110111
1000110001110001
1000110001110001
1000110001110001
1000110001110001
1000110001110001
1000110001110001
1000110001110001
1000110001110001
1000110001110001
1000110001110001
1000110001110001
1000110001110001
1000110001110001
1000110001110001
1000110001010001
1000110001110001
1000110001110001
1000110001110001
1000110001110001
1001010010010010
1000110001110001
1000110001110001
1000110001110001
1000110001110001
1000110001010001
1000110001110001
1000110001110001
1000110001110001
1001010010010010
1000110001010001
1000110001110001
1000110001110001
1000110001110001
1000110001110001
1001010010010010
1000110001110001
1000110001110001
1000110001110001
1000110001110001
1000110001110001
1001010010010010
1000110001110001
1001010010010010
1010110101110101
1000110001110001
1000110001110001
1000110001110001
1001010010010010
1101111011111011
1000110001110001
1000110001110001
1001010001010010
1001010000110001
1110111100111101
1000110001110010
1000010001010001
1001110001110010
1000010010010000
1111111101111101
1001110001010001
1010001111110000
1000110001110001
1000110001010001
1101111011111011
1000110001110001
1000110001110001
1000110001110001
1000110001110001
1010110101110101
1000110001110001
1000110001110001
1000110001110001
1000110001110001
1000110001110001
1000110001110001
1000110001110001
1000110001110001
1000110001110001
1000110001110001
1000110001110001
1000110001110001
1000110001110001
1000110001110001
1000110001110001
1000110001110001
1000110001110001
1000110001110001
1000110001110001
1000110001110001
1000110001110001
1000110001110001
1000110001110001
1000110001110001
1000110001010001
1000110001110001
1000110001110001
1000110001110001
1000110001110001
1000110001110001
1000110001110001
1000110001110001
1000110001110001
1000110001110001
1000110001110001
1000110001110001
1000110001110001
1000110001110001
1000110001110001
1000110001110001
1000110001110001
1000110001110001
1000110001110001
1011110111010111
1000110001110001
1000110001110001
1000110001110001
1000110001110001
1110011100111100
1111111111111111
1111111111111111
1111111111111111
1111111111111111
1110011100111100
1000110001110001
1000110001110001
1000110001110001
1000110001110001
1011110111110111
1000110001110001
1000110001110001
1000110001110001
1000110001110001
1000110001110001
1000110001110001
1000110001110001
1000110001110001
1000110001110001
1000110001110001
1000110001110001
1000110001110001
1000110001110001
1000110001110001
1000110001010001
1000110001110001
1000110001110001
1000110001110001
1000110001110001
1001010010010010
1000110001110001
1000110001110001
1000110001110001
1000110001110001
1000110001010001
1000110001110001
1000110001110001
1000110001110001
1001010010010010
1000110001010001
1000110001110001
1000110001110001
1000110001110001
1000110001110001
1001010010010010
1000110001110001
1000110001110001
1000110001110001
1000110001110001
1000110001110001
1001010010010010
1000110001110001
1001010010010010
1010110101110101
1000110001110001
1000110001110001
1000110001110001
1001010010010010
1101111011111011
1000110001110001
1000110001110001
1010001111101111
1111100011100011
1111100001100000
1111000000000000
1111100000000000
1111100000000000
1111000000000000
1111100010000010
1111100010000101
1011001110101101
1000110001110001
1000110001010001
1101111011111011
1000110001110001
1000110001110001
1000110001110001
1000110001110001
1010110101110101
1000110001110001
1000110001110001
1000110001110001
1000110001110001
1000110001110001
1000110001110001
1000110001110001
1000110001110001
1000110001110001
1000110001110001
1000110001110001
1000110001110001
1000110001110001
1000110001110001
1000110001110001
1000110001110001
1000110001110001
1000110001110001
1000110001110001
1000110001110001
1000110001110001
1000110001110001
1000110001110001
1000110001110001
1000110001010001
1000110001110001
1000110001110001
1000110001110001
1000110001110001
1000110001110001
1000110001110001
1000110001110001
1000110001110001
1000110001110001
1000110001110001
1000110001110001
1000110001110001
1000110001110001
1000110001110001
1000110001110001
1000110001110001
1000110001110001
1000110001110001
1011110111010111
1000110001110001
1000110001110001
1000110001110001
1000110001110001
1110011100111100
1111111111111111
1111111111111111
1111111111111111
1111111111111111
1110011100111100
1000110001110001
1000110001110001
1000110001110001
1000110001110001
1011110111110111
1000110001110001
1000110001110001
1000110001110001
1000110001110001
1000110001110001
1000110001110001
1000110001110001
1000110001110001
1000110001110001
1000110001110001
1000110001110001
1000110001110001
1000110001110001
1000110001110001
1000110001010001
1000110001110001
1000110001110001
1000110001110001
1000110001110001
1001010010010010
1000110001110001
1000110001110001
1000110001110001
1000110001110001
1000110001010001
1000110001110001
1000110001110001
1000110001110001
1001010010010010
1000110001010001
1000110001110001
1000110001110001
1000110001110001
1000110001110001
1001010010010010
1000110001110001
1000110001110001
1000110001110001
1000110001110001
1000110001110001
1001010010010010
1000110001110001
1001010010010010
1010110101110101
1000110010010001
1001110000110001
1000110010010000
0000011100100010
0001011111100000
0000111110100010
0000011111100000
1111100000000000
1111100000000000
1111100000000000
1111100000000000
1111100000000000
1111100000000000
1111100000000000
1111100000000000
1111100000000000
1111100000000000
0000000000011111
0000000000011110
0000000000111111
0001100010011101
1000010000110001
1001010001110100
1000110001110001
1010110101110101
1000110001110001
1000110001110001
1000110001110001
1000110001110001
1000110001110001
1000110001110001
1000110001110001
1000110001110001
1000110001110001
1000110001110001
1000110001110001
1000110001110001
1000110001110001
1000110001110001
1000110001110001
1000110001110001
1000110001110001
1000110001110001
1000110001110001
1000110001110001
1000110001110001
1000110001110001
1000110001110001
1000110001110001
1000110001010001
1000110001110001
1000110001110001
1000110001110001
1000110001110001
1000110001110001
1000110001110001
1000110001110001
1000110001110001
1000110001110001
1000110001110001
1000110001110001
1000110001110001
1000110001110001
1000110001110001
1000110001110001
1000110001110001
1000110001110001
1000110001110001
1011110111010111
1000110001110001
1000110001110001
1000110001110001
1000110001110001
1110011100111100
1111111111111111
1111111111111111
1111111111111111
1111111111111111
1101111011111011
1001010010110010
1001010010110010
1001010010110010
1001010010110010
1011010110010110
1010010100010100
1001010010110010
1001010010010010
1001010010110010
1001010010110010
1001010010110010
1000110001110001
1001010010010010
1001010010010010
1001010010110010
1001010010110010
1001010010110010
1001010010110010
1001010010110010
1001110010010001
1010010000110100
1010010000110100
1010010000110100
1010010000110100
1010110001110101
1010010000110100
1010010000110100
1010010000110100
1010010000110100
1001010011010010
1001010010110010
1001010010110010
1001010010110010
1001010010110010
1001010010010010
1001010010110010
1001010010110010
1001010010110010
1000110001110001
1001110011010011
1001010010110010
1001010010110010
1001110011110011
1000110001110001
1001010010110010
1001010010110010
1001010010010010
1001010010110010
1011110111010111
0000011100000001
0001011101000001
0000011111100000
0000011111100000
0000011111100000
0000011111100000
0000011111100000
1111100000000000
1111100000000000
1111100000000000
1111100000000000
1111100000000000
1111100000100000
1111100000000000
1111100000000000
1111100000000000
1111100000000000
0001100000011100
0000000000111111
0000000000111111
0000000000111111
0000000000111111
0000000000011110
0010100011111001
1011010110010100
1001110011110011
1001010010010010
1001010010110010
1001010010010010
1000110001110001
1001010010110010
1001010010110010
1001010010110010
1001010010110010
1001010010010010
1001010010110010
1001010010110010
1001010010110010
1001010010110010
1001010010010010
1001010010110010
1001010010110010
1001010010110010
1001010011110011
1010010010010110
1001010011010000
1001010011010000
1001010011010000
1001010011110000
1001010011110000
1001010011010000
1001010011010000
1001010011010000
1001010010110011
0111010001110011
1001010010110010
1001010010110010
1001010010110010
1000110001110001
1000010000110000
1000010000110000
1000110001110001
1000110001010001
1000110001110001
1000010000110000
1001010010110010
1000110001110001
1000110001010001
1011110111110111
1001010010010010
1001010010110010
1001010010110010
1001010010110010
1110011100111100
1111111111111111
1111111111111111
0000000000000000
0000000000000000
1110111101111101
1000110001110001
1000110001110001
1000110001110001
1000110001110001
1111111111011111
1111111111111111
1111111111111111
0000000000100000
0000000000000000
0000000000100000
0001000010100010
0011100111000111
1111111111111111
1111111111111111
1001010010010010
1000110001110001
1000110001110001
1000110001110001
1000110001110001
1111000100111110
1111100100111111
1111100100111111
1111100100111111
1111100100111111
1111000010111110
1111100100111111
1111100100111111
1111100100111111
1111100100111111
1000010010010000
1000110001110001
1000110001110001
1000110001110001
1000110001110001
1000110001110001
1000110001110001
1000110001110001
1000110001110001
1000110001110001
1000110001110001
1000110001110001
1000110001110001
1000110001110001
1000110001110001
1000110001110001
1000110001110001
1000110001010001
1100111001011001
1100011000111000
1010010010110001
1001010011010100
1001110010110010
1001110010110010
1001110010110010
1001110010110010
1001110010110010
1010110010010001
1001010011110010
1001010011110010
1001010011110010
1001010011110010
0110001101101011
0110001101001011
0110001101001011
0110001101001011
0110001101001011
0101101100101100
0110001100001110
0110001100001110
0110001100001110
0110001100001110
0110101100001110
0110001011110000
0010100101000100
0011100111000111
1001010010010010
1000110001110001
1001010010010010
1000110001110001
1000110001110001
1000110001110001
1000110001110001
1001010010010010
1000110001010001
1000110001110001
1000110001110001
1000110001110001
1000110001110001
1000110001010001
1000110001110001
1000110001110001
1000110001110001
1000110000110000
0001011001100000
0000011100000000
0000011100000000
0000011100000000
0000011100000000
0000011101000001
0000011100000000
0000011100000000
0000011100000000
0000011011000000
1001010001010011
1000110001110001
1000110001110001
1000110001110001
1001010010010010
0000000000000000
0000000000100000
1100011000011000
1111111111111111
1111111111111111
1111111111111111
1111011110011110
0000000000000000
0000000000000000
0000100001000001
1001110011110011
1000110001110001
1000110001110001
1000110001110001
1111011110011110
0000000000000000
0000000000000000
0000000000000000
0000000000000000
1110111101011101
1000110001110001
1000110001110001
1000110001110001
1000110001110001
1111011110111110
1111111111111111
0000000000000000
0000000000000000
0000000000000000
0000000000000000
0000000000000000
0000000000000000
0001100011100011
1110111101111101
1001010010010010
1000110001110001
1000110001110001
1000110001110001
1000110001110001
1111100011111111
1111100100011111
1111100100011111
1111100100011111
1111100100011111
1111100100011111
1111100100011111
1111100100011111
1111100100011111
1111100100011111
1000110001010000
1000110001110001
1000110001110001
1000110001110001
1001010010010010
1000110001010001
1000110001110001
1000110001110001
1000110001110001
1000110001110001
1001010010010010
1000110001110001
1000110001110001
1000110001110001
1000110001110001
1000110001110001
1001010010010010
1101011010011010
1100111001111001
1100011000111000
1001110011010011
1001110011010011
1001110011010011
1001110011010011
1001110011010011
1001110011010011
1001110011010011
1001110011010011
1001110011010011
1001110011010011
1001110011010011
1001110011010011
0110001100001100
0110001100101100
0110001100101100
0110001100101100
0110001100101100
0110001100101100
0110001100101100
0110001100101100
0110001100101100
0110001100101100
0110001100101100
0110001100001100
0011000110000110
0010100101100101
0010100101000101
1000110001010001
1000110001110001
1000110001110001
1000110001110001
1000110001110001
1000110001110001
1000110001110001
1000110001110001
1000110001110001
1000110001110001
1000110001110001
1000110001110001
1000110001110001
1000110001110001
1000110001110001
1000110001110001
1000110010010000
0000111010100000
0000011011000000
0000011011000000
0000011011000000
0000011011000000
0000011011000000
0000011011000000
0000011011000000
0000011011000000
0000011011000000
1000110010010001
1000110001110001
1000110001110001
1000110001110001
1000110001010001
0000000000000000
1101111011011011
1111011110111110
1111111111111111
1111111111111111
1111111111111111
1111111111111111
1111111111111111
0000100001100001
0000000000000000
1000110001110001
1000110001110001
1000110001110001
1000110001110001
1110011100111100
0000000000000000
0000000000000000
0000000000000000
0000000000000000
1110111101011101
1000110001110001
1000110001110001
1000110001110001
1000110001110001
1111111111111111
0000100001000001
0000000000000000
0000000000000000
0000000000000000
0000000000000000
0000000000000000
0000000000000000
0000000000000000
0110001100101100
1001010010010010
1000110001110001
1000110001110001
1000110001110001
1000110001110001
1111100011111111
1111100100011111
1111100100011111
1111100100011111
1111100100011111
1111100100011111
1111100100011111
1111100100011111
1111100100011111
1111100100011111
1000110001010000
1000110001110001
1000110001110001
1000110001110001
1001010010010010
1000110001010001
1000110001110001
1000110001110001
1000110001110001
1000110001110001
1001010010010010
1000110001110001
1000110001110001
1000110001110001
1000110001110001
1100111001111001
1100111001111001
1100111001011001
1100111001111001
1100011000111000
1001110011010011
1001110011010011
1001110011010011
1001110011010011
1001110011010011
1001110011010011
1001110011010011
1001110011010011
1001110011010011
1001110011010011
1001110011010011
1001110011010011
0110001100001100
0110001100101100
0110001100101100
0110001100101100
0110001100101100
0110001100101100
0110001100101100
0110001100101100
0110001100101100
0110001100101100
0110001100101100
0110001100001100
0011000110000110
0011000110000110
0010100101100101
0010100101000101
0001100011100011
1001010010010010
1000110001110001
1000110001110001
1000110001110001
1000110001110001
1000110001110001
1000110001110001
1000110001110001
1000110001110001
1000110001110001
1000110001110001
1000110001110001
1000110001110001
1000110001110001
1000110010010000
0000111010100000
0000011011000000
0000011011000000
0000011011000000
0000011011000000
0000011011000000
0000011011000000
0000011011000000
0000011011000000
0000011011000000
1000110010010001
1000110001110001
1000110001110001
1000110001110001
1001010010110010
1010110101110101
1111111111111111
1111111111011111
1111111111111111
1111111111111111
1111111111111111
1111111111111111
1111111111111111
1111111111111111
0000000000000000
1000110001110001
1000110001110001
1000110001110001
1000110001110001
1110011100111100
0000000000000000
0000000000000000
0000000000000000
0000000000000000
1110111101011101
1000110001110001
1000110001110001
1000110001110001
1000110001110001
1111111111111111
0000000000000000
0000000000000000
0000000000000000
0000000000000000
0000000000000000
0000000000000000
0000000000000000
0000000000000000
0000100001100001
1000110001110001
1000110001110001
1000110001110001
1000110001110001
1000110001110001
1111100011111111
1111100100011111
1111100100011111
1111100100011111
1111100100011111
1111100100011111
1111100100011111
1111100100011111
1111100100011111
1111100100011111
1000110001010000
1000110001110001
1000110001110001
1000110001110001
1001010010010010
1000110001010001
1000110001110001
1000110001110001
1000110001110001
1000110001110001
1001010010010010
1000110001110001
1001010010010010
1001010010110010
1100111001011001
1100111001011001
1100111001011001
1100111001011001
1100111001111001
1100011000111000
1001110011010011
1001110011010011
1001110011010011
1001110011010011
1001110011010011
1001110011010011
1001110011010011
1001110011010011
1001110011010011
1001110011010011
1001110011010011
1001110011010011
0110001100001100
0110001100101100
0110001100101100
0110001100101100
0110001100101100
0110001100101100
0110001100101100
0110001100101100
0110001100101100
0110001100101100
0110001100101100
0110001100001100
0011000110000110
0010100101100101
0010100101100101
0010100101100101
0010100101100101
0011000110000110
1000110001010001
1001010010010010
1000110001110001
1000110001110001
1000110001110001
1000110001110001
1000110001110001
1000110001110001
1000110001110001
1000110001110001
1000110001110001
1000110001110001
1000110001110001
1000110010010000
0000111010100000
0000011011000000
0000011011000000
0000011011000000
0000011011000000
0000011011000000
0000011011000000
0000011011000000
0000011011000000
0000011011000000
1000110010010001
1000110001110001
1000110001110001
1000110001110001
1000110001110001
1111011110111110
1111111111111111
1111111111111111
1111111111111111
1111111111111111
1111111111111111
1111111111111111
1111111111111111
1111111111011111
0000000000000000
1000110001010001
1000110001110001
1000110001110001
1000110001110001
1110011100111100
0000000000000000
0000000000000000
0001100011000011
0001100011000011
1111011110011110
1011110111010111
1011110111010111
1011110111010111
1011110111010111
1011010110010110
0110001100101100
0110001100101100
0110001100101100
0110001100101100
0101101011101011
0110001100101100
0110001100101100
0110001100101100
0110001100101100
1011010110110110
1011110111010111
1011110111010111
1011110111010111
1011110111010111
1111100011011111
1111100100011111
1111100100011111
1111100100011111
1111100100011111
1111100100011111
1111100100011111
1111100100011111
1111100100011111
1111100100011111
1011110110110110
1011110111010111
1011110111010111
1011110111010111
1011110111110111
1011110111010111
1011110111010111
1011110111010111
1011110111010111
1011010110010110
1011110111110111
1011010110110110
1011110111110111
1100111001011001
1101011010111010
1100111001011001
1100111001011001
1100111001011001
1100111001111001
1011110111110111
1001110011010011
1001110011010011
1001110011010011
1001110011010011
1001110011010011
1001110011010011
1001110011010011
1001110011010011
1001110011010011
1001110011010011
1001110011010011
1001110011010011
0110001100101100
0110101101001101
0110101101001101
0110101101001101
0110101101001101
0110101101001101
0110101101001101
0110101101001101
0110101101001101
0110101101001101
0110101101001101
0110101101001101
0011100111100111
0010100101000101
0010100101000101
0010100101000101
0011000110100110
0011100111000111
0010100101100101
0101001010101010
1011010110010110
1011110111010111
1011010110110110
1011110111010111
1011110111010111
1011110111010111
1011110111110111
1011010110110110
1011110111010111
1011110111010111
1011110111010111
1011111001010111
0000111010100000
0000011011000000
0000011011000000
0000011011000000
0000011011000000
0000011011000000
0000011011000000
0000011011000000
0000011011000000
0000011001100000
1011010111010110
1011110111010111
1011110111010111
1011110111010111
1011010110110110
1001110011110011
1001110011010011
1001110011010011
1001110011010011
1010010100110100
1001010010010010
1001110011010011
1001110011010011
1001110011010011
0110101101101101
1011110111010111
1011110111010111
1011110111010111
1011110111010111
1101111011011011
0000000000100000
0001100011000011
1111111111111111
1111111111111111
1110111101011101
1000110001110001
1000110001110001
1000110001110001
1000110001110001
1111111111011111
0000000000000000
0000000000000000
0000000000000000
0000000000000000
0000000000000000
0000000000000000
0000000000000000
0000000000000000
0000000000000000
1000010000110000
1000110001110001
1000110001110001
1000110001110001
1000110001110001
1111100011011111
1111100100011111
1111100100011111
1111100100011111
1111100100011111
1111100100011111
1111100100011111
1111100100011111
1111100100011111
1111100100011111
1001010001110001
1000110001110001
1000110001110001
1000110001110001
1001010010010010
1000110001110001
1000110001110001
1000110001110001
1001010010010010
1000110001110001
1001010010010010
1101011010111010
1111111111011111
1111111111111111
1111111111011111
0000000000000000
0000000000000000
0000000000000000
0000000000000000
0000000000000000
0000000000000000
0000000000000000
0000000000000000
0000000000000000
0000000000000000
0000000000000000
0000000000000000
0000000000000000
0000000000000000
0000000000000000
0000000000000000
0000000000000000
0000000000000000
0000000000000000
0000000000000000
0000000000000000
0000000000000000
0000000000000000
0000000000000000
0000000000000000
0000000000000000
0000000000000000
0000000000000000
0000000000000000
0000000000100000
0000000000000000
0000000000000000
0000000000000000
0000000000000000
1111111111111111
1111111111111111
1111111111111111
1110011100011100
1001010010010010
1000110001010001
1000110001110001
1000110001110001
1000110001110001
1000110001110001
1000010000110000
1000110001110001
1000110001110001
1000110001110001
1000110010110001
0000111010000000
0000011011000000
0000011011000000
0000011011000000
0000011011000000
0000011011000000
0000011011000000
0000011011000000
0000011011000000
0000011011000000
1000110010010001
1000110001110001
1000110001110001
1000110001110001
1000110001010001
1111111111111111
1111111111111111
1111111111111111
1111111111111111
1110111101011101
1111111111111111
1111111111111111
1111111111111111
1111111111111111
0000000000100000
1001010010110010
1000110001110001
1000110001110001
1000110001110001
1111011110111110
1111111111011111
1111111111111111
1111111111111111
1111111111111111
1110011100111100
1000110001110001
1000110001110001
1000110001110001
1000110001110001
1111111111111111
0000000000000000
0000000000000000
0000000000000000
0000000000000000
0000000000000000
0000000000000000
0000000000000000
0000000000000000
0000000000000000
1000110001110001
1000110001110001
1000110001110001
1000110001110001
1000110001110001
1111100011111111
1111100100011111
1111100100011111
1111100100011111
1111100100011111
1111100100011111
1111100100011111
1111100100011111
1111100100011111
1111100100011111
1000110001010000
1000110001110001
1000110001110001
1000110001110001
1001010010010010
1000110001010001
1000110001110001
1000110001110001
1000110001010001
1000110001110001
1111111111111111
1111111111111111
1111111111111111
1111111111111111
1111111111111111
0000000000000000
0000000000000000
0000000000000000
0000000000000000
0000000000000000
0000000000000000
0000000000000000
0000000000000000
0000000000000000
0000000000000000
0000000000000000
0000000000000000
0000000000000000
0000000000000000
0000000000000000
0000000000000000
0000000000000000
0000000000000000
0000000000000000
0000000000000000
0000000000000000
0000000000000000
0000000000000000
0000000000000000
0000000000000000
0000000000000000
0000000000000000
0000000000000000
0000000000000000
0000000000000000
0000000000000000
0000000000000000
0000000000000000
0000000000000000
1111111111011111
1111111111111111
1111111111111111
1111111111111111
1111111111111111
1001010010110010
1000110001110001
1000110001110001
1000110001110001
1000110001110001
1000110001110001
1000110001110001
1000110001110001
1000110001110001
1000110010010000
0000111010100000
0000011011000000
0000011011000000
0000011011000000
0000011011000000
0000011011000000
0000011011000000
0000011011000000
0000011011000000
0000011011000000
1000110010010001
1000110001110001
1000110001110001
1000110001110001
1000110001110001
1111111111111111
1111111111111111
1111111111111111
1111111111111111
1111111111111111
1111111111111111
1111111111111111
1111111111111111
1111111111111111
0000000000000000
1000110001110001
1000110001110001
1000110001110001
1000110001110001
1110011100111100
1111111111111111
1111111111111111
1111111111111111
1111111111111111
1110011100111100
1000110001110001
1000110001110001
1000110001110001
1000110001110001
1111111111111111
0001100011100011
0000000000100000
0000000000000000
0000000000000000
0000000000000000
0000000000000000
0000000000000000
0000100001100001
1111011110111110
1000010000110000
1000110001110001
1000110001110001
1000110001110001
1000110001110001
1111100011111111
1111100100011111
1111100100011111
1111100100011111
1111100100011111
1111100100011111
1111100100011111
1111100100011111
1111100100011111
1111100100011111
1000110001010000
1000110001110001
1000110001110001
1000110001110001
1001010010010010
1000110001010001
1000110001110001
1000110001110001
1001010010010010
1011010110110110
1111011110111110
1111111111111111
1111111111111111
1111111111111111
1111111111111111
0000000000000000
0000000000000000
0000000000000000
0000000000000000
0000000000000000
0000000000000000
0000000000000000
0000000000000000
0000000000000000
0000000000000000
0000000000000000
0000000000000000
0000000000000000
0000000000000000
0000000000000000
0000000000000000
0000000000000000
0000000000000000
0000000000000000
0000000000000000
0000000000000000
0000000000000000
0000000000000000
0000000000000000
0000000000000000
0000000000000000
0000000000000000
0000000000000000
0000000000000000
0000000000000000
0000000000000000
0000000000000000
0000000000000000
0000000000000000
1111111111011111
1111111111111111
1111111111111111
1111111111111111
1111111111111111
1011110111010111
1000110001110001
1000110001110001
1000110001110001
1000110001110001
1000110001110001
1000110001110001
1000110001110001
1000110001110001
1000110010010000
0000111010100000
0000011011000000
0000011011000000
0000011011000000
0000011011000000
0000011011000000
0000011011000000
0000011011000000
0000011011000000
0000011011000000
1000110010010001
1000110001110001
1000110001110001
1000110001110001
1000110001010001
0000000000000000
1111111111111111
1111111111111111
1111111111111111
1111111111111111
1111111111111111
1111111111111111
1111111111111111
1110111101011101
0000000000000000
1000110001110001
1000110001110001
1000110001110001
1000110001110001
1110011100111100
1111111111111111
1111111111111111
1111111111111111
1111111111111111
1110011100111100
1000110001110001
1000110001110001
1000110001110001
1000110001110001
1111111111111111
1111111111111111
0011100111000111
0001100011000011
0000100001000001
0000000000000000
0000100001100001
0000000000000000
1111111111111111
1110011100111100
1001010010010010
1000110001110001
1000110001110001
1000110001110001
1000110001110001
1111100011111111
1111100100011111
1111100100011111
1111100100011111
1111100100011111
1111100100011111
1111100100011111
1111100100011111
1111100100011111
1111100100011111
1000110001010000
1000110001110001
1000110001110001
1000110001110001
1001010010010010
1000110001010001
1000110001110001
1000110001110001
1001010010110010
1111011110011110
1111111111111111
1111111111111111
1111111111111111
1111111111111111
1111111111111111
0000000000000000
0000000000000000
0000000000000000
0000000000000000
0000000000000000
0000000000000000
0000000000000000
0000000000000000
0000000000000000
0000000000000000
0000000000000000
0000000000000000
0000000000000000
0000000000000000
0000000000000000
0000000000000000
0000000000000000
0000000000000000
0000000000000000
0000000000000000
0000000000000000
0000000000000000
0000000000000000
0000000000000000
0000000000000000
0000000000000000
0000000000000000
0000000000000000
0000000000000000
0000000000000000
0000000000000000
0000000000000000
0000000000000000
0000000000000000
1111111111011111
1111111111111111
1111111111111111
1111111111111111
1111111111111111
1111111111111111
1001010010010010
1001010010110010
1000110001110001
1000110001110001
1000110001110001
1000110001110001
1000110001110001
1000110001110001
1000110010010000
0000111010100000
0000011011000000
0000011011000000
0000011011000000
0000011011000000
0000011011000000
0000011011000000
0000011011000000
0000011011000000
0000011011000000
1000110010010001
1000110001110001
1000110001110001
1000110001110001
1000110001110001
0000000000000000
0000000000100000
1111011110111110
1111111111111111
1111111111011111
1111111111111111
1111111111011111
1100111001011001
0000000000100000
0000000000000000
1000110001110001
1000110001110001
1000110001110001
1000110001110001
1110011100111100
1111111111111111
1111111111111111
1101011010111010
1101011010111010
1111111111111111
1110011100111100
1110011100111100
1110011100111100
1110011100111100
1111111111111111
1111111111111111
1111111111111111
1111111111011111
1111111111111111
1111011110111110
1111111111011111
1111111111111111
1111111111111111
1111111111111111
1101111011011011
1110011100111100
1110011100111100
1110011100111100
1110011100111100
1111011000011111
1111111010011111
1111111010011111
1111111010011111
1111111010011111
1111111000111111
1111111010011111
1111111010011111
1111111010011111
1111111010011111
1110011100111100
1110011100111100
1110011100111100
1110111101011101
1110111101011101
1110111101011101
1110111101111101
1111011110011110
1110011100011100
1110011100011100
1101111011111011
1101111011111011
1101111011111011
1110011100011100
1110011100011100
0000100001000001
0000100001000001
0000100001000001
0000100001100001
0000100001100001
0000100001100001
0000100001100001
0000100001100001
0000100001000001
0000100001100001
0000100001100001
0000100001100001
0000100001100001
0000100001100001
0000100001100001
0001000010100010
0001000010100010
0001000010100010
0001000010100010
0001000010100010
0001000010000010
0001000010000010
0001000010000010
0001000010100010
0001100011000011
0001000010100010
0001000010100010
0001000010100010
0001000010100010
0001100011100011
0001100011000011
0001100011000011
0001100011000011
0000100001100001
1110111101111101
1111011110111110
1111011110111110
1111011110111110
1111011110111110
1111111111011111
1111111111111111
1111011110011110
1110011100111100
1110111101111101
1101011010111010
1110011100111100
1110011100111100
1110011100111100
1111011010111110
1111011110011101
1111111111111111
1111111111111111
1111111111111111
1111011111011111
1111011111011111
1111111111111111
1111111111111111
1111111111111111
1101011111111001
1111011110011111
1110011100111100
1110011100111100
1110011100111100
1101111011111011
0000100001000001
0000000000000000
0000000000000000
0000000000000000
0000000000000000
0000000000000000
0000000000000000
0000000000000000
0000000000000000
0000100001000001
1110111101111101
1110011100111100
1110011100111100
1110011100111100
1111111111111111
1101011010011010
1101011010111010
0000000000000000
0000000000000000
1110011100111100
1000110001110001
1000110001110001
1000110001110001
1000110001110001
1011110111110111
1000110001110001
1000110001110001
1001010010010010
1001010010010010
1001010010110010
1000110001010001
1000110001110001
1000110001110001
1000110001110001
1000110001110001
1000110001110001
1000110001110001
1000110001110001
1000110001110001
1001010001001111
1001110001110011
1001110001110011
1001110001110011
1001110001110011
1001110001010011
1001110001110011
1001110001110011
1001110001110011
1001110001110011
1000110001110001
1000110001110001
1000110001110001
1000110001110001
1000110001110001
1000110001010001
1001010010010010
0101101011001011
0100101001001001
0100101001001001
0101101011001011
0101101011001011
0101101011001011
0101101011001011
0101101011001011
0110001100101100
0110001100101100
0110001100101100
0110001100101100
0110001100101100
0111001110001110
0111001110001110
0111001110001110
0110101101101101
0111001110101110
0111101111101111
0111101111101111
0111101111101111
0111101111101111
1000010000010000
1000110001110001
1000110001110001
1000110001110001
1000110001010001
1001010010010010
1010010100010100
1010010100010100
1010010100010100
1010010100110100
1011010110010110
1011010110110110
1011010110110110
1011010110110110
1011010110010110
1011110111110111
1100011000011000
1100011000011000
1100011000011000
1011110111110111
1101011010111010
1101011010111010
1101011010111010
1101011010111010
1101011010111010
1110011100011100
1101111011111011
1101111011111011
1000110001010001
1000110001010001
1001010010010010
1000110001110001
1000110001110001
1000110001110001
1010010010010000
1001010010010001
1001110000110010
1001110000110010
1001110000110010
1001110000110010
1001001111110001
1001110000110010
1001110000110010
1001110000110010
1001010001001111
1000010001010001
1000110001110001
1000110001110001
1000110001110001
1001110011110011
1001110011010011
1000110001110001
1000110001110001
1000110001010001
1000110001010001
1001010010010010
1000110001110001
1000110001110001
1000110001110001
1011110111110111
1001110011010011
1000110001110001
1000110001110001
1000110001110001
1110011100011100
0000000000000000
0000000000000000
0000000000000000
0000000000000000
1110111101011101
1000110001110001
1000110001110001
1000110001110001
1000110001110001
1011110111110111
1000110001110001
1000110001110001
1000110001110001
1000110001110001
1000110001110001
1000110001110001
1000110001110001
1000110001110001
1000110001110001
1000110001110001
1000110001110001
1000110001110001
1000110001110001
1000110001110001
1000110001010001
1000110001110001
1000110001110001
1000110001110001
1000110001110001
1001010010010010
1000110001110001
1000110001110001
1000110001110001
1000110001110001
1000110001010001
1000110001110001
1000110001110001
1000110001110001
1001010010010010
1000110001010001
0101101011001011
0100101001101001
0100101001101001
0100101001101001
0101101011001011
0101101011001011
0101101011001011
0101101011001011
0101101011001011
0110001100001100
0110001100001100
0110001100001100
0110001100101100
0110001100101100
0110101101101101
0110101101101101
0110101101101101
0110101101101101
0111001110001110
0111101111101111
0111101111101111
0111101111101111
0111101111101111
1000010000110000
1000110001110001
1000110001110001
1000110001110001
1000110001110001
1001010010010010
1001110011110011
1001110011110011
1001110011110011
1010010100010100
1010110101110101
1011010110110110
1011010110110110
1011010110110110
1011010110010110
1011110111110111
1100011000011000
1100011000011000
1100011000011000
1100011000011000
1101011010011010
1101011010011010
1101011010011010
1101011010011010
1101011010011010
1101111011111011
1101111011111011
1101111011111011
1100111001011001
1000110001110001
1000110001110001
1000110001110001
1000110001110001
1000110001110001
1000110001110001
1000110001110001
1000110001110001
1000110001110001
1000110001110001
1000110001110001
1000110001010001
1000110001110001
1000110001110001
1000110001110001
1000110001110001
1000110001110001
1000110001110001
1000110001110001
1000110001110001
1000110001110001
1000110001110001
1000110001110001
1000110001110001
1000110001110001
1000110001110001
1000110001110001
1000110001110001
1000110001110001
1000110001110001
1011110111010111
1000110001110001
1000110001110001
1000110001110001
1000110001110001
1110011100111100
0000000000000000
0000000000000000
0000000000000000
0000000000000000
1110111101011101
1000110001110001
1000110001110001
1000110001110001
1000110001110001
1011110111110111
1000110001110001
1000110001110001
1000110001110001
1000110001110001
1000110001110001
1000110001110001
1000110001110001
1000110001110001
1000110001110001
1000110001110001
1000110001110001
1000110001110001
1000110001110001
1000110001110001
1000110001010001
1000110001110001
1000110001110001
1000110001110001
1000110001110001
1001010010010010
1000110001110001
1000110001110001
1000110001110001
1000110001110001
1000110001010001
1000110001110001
1000110001110001
1000110001110001
1001010010010010
1001010010010010
0100101001101001
0100101001101001
0100101001101001
0100101001101001
0101101011001011
0101101011001011
0101101011001011
0101101011001011
0101101011001011
0110001100001100
0110001100001100
0110001100001100
0110001100101100
0110001100101100
0110101101101101
0110101101101101
0110101101101101
0110101101101101
0111001110001110
0111101111101111
0111101111101111
0111101111101111
0111101111101111
1000010000110000
1000110001110001
1000110001110001
1000110001110001
1000110001110001
1001010010010010
1001110011110011
1001110011110011
1001110011110011
1010010100010100
1010110101110101
1011010110110110
1011010110110110
1011010110110110
1011010110010110
1011110111110111
1100011000011000
1100011000011000
1100011000011000
1100011000011000
1101011010011010
1101011010011010
1101011010011010
1101011010011010
1101011010011010
1101111011111011
1101111011111011
1101111011111011
1101111011111011
1000110001110001
1000110001110001
1000110001110001
1000110001110001
1000110001110001
1000110001110001
1000110001110001
1000110001110001
1000110001110001
1000110001110001
1000110001110001
1000110001010001
1000110001110001
1000110001110001
1000110001110001
1000110001110001
1000110001110001
1000110001110001
1000110001110001
1000110001110001
1000110001110001
1000110001110001
1000110001110001
1000110001110001
1000110001110001
1000110001110001
1000110001110001
1000110001110001
1000110001110001
1000110001110001
1011110111010111
1000110001110001
1000110001110001
1000110001110001
1000110001110001
1110011100111100
0000000000000000
0000000000000000
0000000000000000
0000000000000000
1110111101011101
1000110001110001
1000110001110001
1000110001110001
1000110001110001
1011110111110111
1000110001110001
1000110001110001
1000110001110001
1000110001110001
1000110001110001
1000110001110001
1000110001110001
1000110001110001
1000110001110001
1000110001110001
1000110001110001
1000110001110001
1000110001110001
1000110001110001
1000110001010001
1000110001110001
1000110001110001
1000110001110001
1000110001110001
1001010010010010
1000110001110001
1000110001110001
1000110001110001
1000110001110001
1000110001010001
1000110001110001
1000110001110001
1000110001110001
1001010010010010
0101001010101010
0100101001101001
0100101001101001
0100101001101001
0100101001101001
0101101011001011
0101101011001011
0101101011001011
0101101011001011
0101101011001011
0110001100001100
0110001100001100
0110001100001100
0110001100101100
0110001100101100
0110101101101101
0110101101101101
0110101101101101
0110101101101101
0111001110001110
0111101111101111
0111101111101111
0111101111101111
0111101111101111
1000010000110000
1000110001110001
1000110001110001
1000110001110001
1000110001110001
1001010010010010
1001110011110011
1001110011110011
1001110011110011
1010010100010100
1010110101110101
1011010110110110
1011010110110110
1011010110110110
1011010110010110
1011110111110111
1100011000011000
1100011000011000
1100011000011000
1100011000011000
1101011010011010
1101011010011010
1101011010011010
1101011010011010
1101011010011010
1101111011111011
1101111011111011
1101111011111011
1101111011111011
1101111011111011
1000110001010001
1000110001110001
1000110001110001
1000110001110001
1000110001110001
1000110001110001
1000110001110001
1000110001110001
1000110001110001
1000110001110001
1000110001010001
1000110001110001
1000110001110001
1000110001110001
1000110001110001
1000110001110001
1000110001110001
1000110001110001
1000110001110001
1000110001110001
1000110001110001
1000110001110001
1000110001110001
1000110001110001
1000110001110001
1000110001110001
1000110001110001
1000110001110001
1000110001110001
1011110111010111
1000110001110001
1000110001110001
1000110001110001
1000110001110001
1110011100111100
0000000000000000
0000000000000000
1110111101011101
1110111101011101
1111111111111111
1101111011111011
1101111011111011
1101111011111011
1101111011111011
1111111010111011
1111110110110110
1111110110110110
1111110110110110
1111110110110110
1010011111111111
1011011111111111
1011011111111111
1011011111111111
1011011111111111
1101011011011010
1101111011111011
1101111011111011
1101111011111011
1101111011111011
1010010101011110
1011010111011101
1011010111011101
1011010111011101
1011010111011101
1110011011011101
1101111011111011
1101111011111011
1101111011111011
1101111011111011
1101111011011011
1101111011111011
1101111011111011
1101111011111101
1101111011011100
1011111000100010
1011010111100000
1011010111100000
1011010111100000
1011010111100000
1011111000000000
1011111000000000
0001110110011001
0000011000010111
0000011000010111
0000011001011000
0000011001011000
0000011001011000
0000011001011000
0000011001011000
0000011001111001
0000011001111001
0000011001000001
0000110111100000
0001011000100001
0000011001000001
0000011001000001
0000011001000001
0000011001000001
0000011010000001
0000011011000010
0000011011000010
1110100111011000
1110000110111010
1110100111011010
1110100111111011
1110100111111011
1110100111111011
1110100111111011
1111001000111011
1111001000111100
1111001000111100
1111101000001000
1111101000101001
1111101001001001
1111101001001001
1111101001001001
1111101001001001
1111001001001001
1111101010001010
1111101001101011
1111101001101011
0101001010011111
0101001010011110
0101101010111110
0101101010011110
0101101010011110
0101101010011110
0101101011111010
1110011100111011
1101111011111011
1101111011111011
1101111011111011
1101111011111011
1101111011011011
1101111011111011
1101111011111011
1101111011111011
1100111010011101
1111111111110100
1111111111110101
1111111111110101
1111111111110101
1111111111010100
1101111011011110
1101111011111011
1101111011111011
1101111011111011
1101011010011001
1010111111011110
1011011111111111
1011011111111111
1011011111111111
1011011111111111
1111110110110110
1111110110110110
1111110110110110
1111110110110110
1111111010111010
1101011011111010
1101111011111011
1101111011111011
1101111011111011
1111111111111111
1101111011111011
1110111101011101
1111111111111111
1111111111111111
1110111101111101
1001010010010010
1001010010010010
1001010010010010
1001010010010010
1110001101101101
1100100000100000
1100100000100000
1100100000100000
1100100000100000
0000011110011110
0000011110111111
0000011110111111
0000011110111111
0000011110111111
1001110001110010
1001010010010010
1001010010010010
1001010010010010
1001010010010010
0000000000011010
0000000000110110
0000000000110110
0000000000110110
0000000000110110
1000110001110000
1001010010010010
1001010010010010
1001010010010010
1001010010010010
1000110001010001
1001010010010010
1001010010010010
1000110001110010
1011110111001000
1111111111100001
1111111111100000
1111111111100000
1111111111100000
1111111111100000
1111111111100000
1111111111100000
0000011111011111
0000011111011111
0000011111011111
0000011111111111
0000011111111111
0000011111111111
0000011111111111
0000011111111111
0000011111111111
0000011111111111
0000011111100000
0000011110000000
0000011110100001
0000011111000001
0000011111000001
0000011111000001
0000011111000001
0000011111000001
0000011111100001
0000011111100001
1111100000011110
1111000000111111
1111000000111111
1111000000011111
1111000000011111
1111000000011111
1111000000011111
1111000000011111
1111000000111111
1111000000111111
1111100000000000
1111100000000000
1111100000100000
1111100000000000
1111100000000000
1111100000000000
1111000001000000
1111000001000000
1111000000100000
1111000000100000
0000000000011110
0000000000111101
0000000000111110
0000000000011101
0000000000011101
0000000000011101
0000000000011111
0101001010110111
1001010010010010
1001010010010010
1001010010010010
1000110001110001
1000110001010001
1001010010010010
1001010010010010
1001010010010010
1000010001110100
1111111110100100
1111111111100000
1111111111100000
1111111111100000
1111111111100000
1000110010010011
1001010010010010
1001010010010010
1001010010010010
1010110000010001
0001011100011110
0000011110111111
0000011110111111
0000011110111111
0000011100111110
1101000001100010
1100100000100000
1100100000100000
1100100000100000
1111001101001101
1001010010010010
1001010010010010
1001010010010010
1001010010010010
1110011100111100
1111111111111111
1111111111111111
1111111111111111
1111111111111111
1110011100111100
1000110001110001
1000110001110001
1000110001110001
1000110001110001
1110101100101101
1101100000000000
1101100000000000
1101100000000000
1101100000000000
0000011110011111
0000011110111111
0000011110111111
0000011110111111
0000011110111111
1001010010010000
1000110001110001
1000110001110001
1000110001110001
1000110001110001
0000000000010111
0000000000011000
0000000000011000
0000000000011000
0000000000011000
1001010001010010
1000110001110001
1000110001110001
1000110001110001
1000110001110001
1000110001010001
1000110001110001
1000110001110001
1000110001001111
1111111111000011
1111111111100000
1111111111100000
1111111111100000
1111111111100000
1111111111100000
1111111111100000
1111111111100000
0000011111011111
0000011111111111
0000011111111111
0000011111111111
0000011111111111
0000011111111111
0000011111111111
0000011111111111
0000011111111111
0000011111111111
0000011111000000
0000011111100000
0000011111100000
0000011111100000
0000011111100000
0000011111100000
0000011111100000
0000011111100000
0000011111100000
0000011111100000
1111100000111110
1111100000011111
1111100000011111
1111100000011111
1111100000011111
1111100000011111
1111100000011111
1111100000011111
1111100000011111
1111100000011111
1111100000000000
1111100000000000
1111100000000000
1111100000000000
1111100000000000
1111100000000000
1111100000000000
1111100000000000
1111100000000000
1111100000000000
0000000000011111
0000000000011111
0000000000011111
0000000000011111
0000000000011111
0000000000011111
0000000000111110
0000000000011111
1000110010010001
1001010010110000
1000110001110001
1000110001110001
1000110001110001
1000110001110001
1000110001110001
1000110001110001
1000110001110010
1111111111100001
1111111111100000
1111111111100000
1111111111100000
1111111111100000
1000110001110001
1000110001110001
1000110001110001
1000110001110001
1001010001110000
0000111111011111
0000011110111111
0000011110111111
0000011110111111
0000011110011111
1101000000100001
1101100000000000
1101100000000000
1101100000000000
1111001100101110
1000110010110010
1000110001110001
1000110001110001
1000110001110001
1110011100111100
1111111111111111
1111111111111111
1111111111111111
1111111111111111
1110011100111100
1000110001110001
1000110001110001
1000110001110001
1000110001110001
1110101100101101
1101100000000000
1101100000000000
1101100000000000
1101100000000000
0000011110011111
0000011110111111
0000011110111111
0000011110111111
0000011110111111
1001010010010000
1000110001110001
1000110001110001
1000110001110001
1000110001110001
0000000000010111
0000000000011000
0000000000011000
0000000000011000
0000000000011000
1001010001010010
1000110001110001
1000110001110001
1000110001110001
1000110001110001
1000110001010001
1000110001110001
1000110001110001
1001110010110001
1111111111100000
1111111111100000
1111111111100000
1111111111100000
1111111111100000
1111111111100000
1111111111100000
1111111111100000
0000011111011111
0000011111111111
0000011111111111
0000011111111111
0000011111111111
0000011111111111
0000011111111111
0000011111111111
0000011111111111
0000011111111111
0000011111000000
0000011111100000
0000011111100000
0000011111100000
0000011111100000
0000011111100000
0000011111100000
0000011111100000
0000011111100000
0000011111100000
1111100000111110
1111100000011111
1111100000011111
1111100000011111
1111100000011111
1111100000011111
1111100000011111
1111100000011111
1111100000011111
1111100000011111
1111100000000000
1111100000000000
1111100000100000
1111100000000000
1111100000000000
1111100000000000
1111100000000000
1111100000000000
1111100000000000
1111100000000000
0000000000011111
0000000000011111
0000000000011111
0000000000011111
0000000000011111
0000000000011111
0000000000011111
0000000000011111
1000110001110101
1001010011001110
1000110001110001
1000110001110001
1000110001110001
1000110001110001
1000110001110001
1000110001110001
1000110001110010
1111111111100001
1111111111100000
1111111111100000
1111111111100000
1111111111100000
1000110001110001
1000110001110001
1000110001110001
1000110001110001
1001010001110000
0000111111011111
0000011110111111
0000011110111111
0000011110111111
0000011110011111
1101000000100001
1101100000000000
1101100000000000
1101100000000000
1111001100101110
1000110010110010
1000110001110001
1000110001110001
1000110001110001
1110011100111100
1111111111111111
1111111111111111
1111111111111111
1111111111111111
1110011100111100
1000110001110001
1000110001110001
1000110001110001
1000110001110001
1110101100101101
1101100000000000
1101100000000000
1101100000000000
1101100000000000
0000011110011111
0000011110111111
0000011110111111
0000011110111111
0000011110111111
1001010010010000
1000110001110001
1000110001110001
1000110001110001
1000110001110001
0000000000010111
0000000000011000
0000000000011000
0000000000011000
0000000000011000
1001010001010010
1000110001110001
1000110001110001
1000110001110001
1000110001110001
1000110001010001
1000110001110001
1000110001110001
1100011000100111
1111111111000010
1111111111100000
1111111111100000
1111111111100000
1111111111100000
1111111111100000
1111111111100000
1111111111100000
0000011111011111
0000011111111111
0000011111111111
0000011111111111
0000011111111111
0000011111111111
0000011111111111
0000011111111111
0000011111111111
0000011111111111
0000011111000000
0000011111100000
0000011111100000
0000011111100000
0000011111100000
0000011111100000
0000011111100000
0000011111100000
0000011111100000
0000011111100000
1111100000111110
1111100000011111
1111100000011111
1111100000011111
1111100000011111
1111100000011111
1111100000011111
1111100000011111
1111100000011111
1111100000011111
1111100000000000
1111100000000000
1111100000100000
1111100000000000
1111100000000000
1111100000000000
1111100000000000
1111100000000000
1111100000000000
1111100000000000
0000000000011111
0000000000011111
0000000000011111
0000000000011111
0000000000011111
0000000000011111
0000000000011111
0000000000011111
0100001001010111
1000110001010100
1000110001110001
1000110001110001
1000110001110001
1000110001110001
1000110001110001
1000110001110001
1000110001110010
1111111111100001
1111111111100000
1111111111100000
1111111111100000
1111111111100000
1000110001110001
1000110001110001
1000110001110001
1000110001110001
1001010001110000
0000111111011111
0000011110111111
0000011110111111
0000011110111111
0000011110011111
1101000000100001
1101100000000000
1101100000000000
1101100000000000
1111001100101110
1000110010110010
1000110001110001
1000110001110001
1000110001110001
1110011100111100
1111111111111111
1111111111111111
0000000000000000
0000000000000000
1111011110011110
1000110001110001
1000110001110001
1000110001110001
1000110001110001
1110001011111000
1101100000010110
1101100000010110
1101100000010110
1101100000010110
0000011111100001
0000011111100101
0000011111100101
0000011111100101
0000011111100101
1000110010010000
1000110001110001
1000110001110001
1000110001110001
1000110001110001
0000000000010110
0000000000011000
0000000000011000
0000000000011000
0000000000011000
1001010001110010
1000110001110001
1000110001110001
1000110001110001
1000110001110001
1000110001010001
1001010010010011
1000110010010001
1111111111000001
1111111111100000
1111111111100000
1111111111100000
1111111111100000
1111111111100000
1111111111100000
1111111111100000
1111111111100000
0000011111011111
0000011111111111
0000011111111111
0000011111111111
0000011111111111
0000011111111111
0000011111111111
0000011111111111
0000011111111111
0000011111111111
0000011111000000
0000011111100000
0000011111100000
0000011111100000
0000011111100000
0000011111100000
0000011111100000
0000011111100000
0000011111100000
0000011111100000
1111100000111110
1111100000011111
1111100000011111
1111100000011111
1111100000011111
1111100000011111
1111100000011111
1111100000011111
1111100000011111
1111100000011111
1111100000000000
1111100000100000
1111100000100000
1111100000000000
1111100000000000
1111100000000000
1111100000000000
1111100000100000
1111100000000000
1111100000000000
0000000000011111
0000000000011111
0000000000011111
0000000000011111
0000000000011111
0000000000011111
0000000000011111
0000000000011111
0000000000011110
1000110010010000
1000110001110001
1000110001010001
1000110001010001
1000110001110001
1000110001110001
1000110001110001
1000110010010010
1111111111100001
1111111111100000
1111111111100000
1111111111100000
1111111111000000
1000110010010001
1000110001110001
1000110001110001
1000110001110001
1001010010010001
0000011111100110
0000011111100111
0000011111100111
0000011111100111
0000011111100100
1101100000011100
1101100000010101
1101100000010101
1101100000010101
1111001100110110
1000110010110010
1000110001110001
1000110001110001
1000110001110001
1111011110111110
0000000000000000
0000000000000000
0000000000000000
0000000000000000
1110011100011100
1000110001110001
1000110001110001
1000110001110001
1000110001110001
1110101100010111
1101100000010111
1101100000010111
1101100000010111
1101100000010111
0000111111100110
0000011111100101
0000011111100101
0000011111100101
0000011111100101
1000010001110001
1000110001110001
1000110001110001
1000110001110001
1000110001110001
0000000000010110
0000000000011000
0000000000011000
0000000000011000
0000000000011000
1001010001110010
1000110001110001
1000110001110001
1000110001110001
1000110001110001
1000110001110001
1001010001010001
1001010011101110
1111111111100000
1111111111100000
1111111111100000
1111111111100000
1111111111100000
1111111111100000
1111111111100000
1111111111100000
1111111111100000
0000011111011111
0000011111111111
0000011111111111
0000011111111111
0000011111111111
0000011111111111
0000011111111111
0000011111111111
0000011111111111
0000011111111111
0000011111000000
0000011111100000
0000011111100000
0000011111100000
0000011111100000
0000011111100000
0000011111100000
0000011111100000
0000011111100000
0000011111100000
1111100000111110
1111100000011111
1111100000011111
1111100000011111
1111100000011111
1111100000011111
1111100000011111
1111100000011111
1111100000011111
1111100000011111
1111100000000000
1111100000000000
1111100000100000
1111100000000000
1111100000000000
1111100000000000
1111100000000000
1111100000000000
1111100000000000
1111100000000000
0000000000011111
0000000000011111
0000000000011111
0000000000011111
0000000000011111
0000000000011111
0000000000011111
0000000000011111
0000000000111111
1000110001110000
1000110001110001
1000110001110001
1000110001010001
1000110001110001
1000110001110001
1000110001110001
1000110001110001
1111111111100001
1111111111100000
1111111111100000
1111111111100000
1111111111100000
1000110010010001
1000110001110001
1000110001110001
1000110001110001
1000110010010010
0000011111101001
0000011111100110
0000011111100110
0000011111100110
0000011111100101
1101000000010111
1101100000010111
1101100000010111
1101100000010111
1111101101011001
1000110010110001
1000110001110001
1000110001110001
1000110001110001
1110011100111100
0000000000000000
0000000000000000
0000000000000000
0000000000000000
1110111101011101
1000110001110001
1000110001110001
1000110001110001
1000110001110001
1110001011111001
1101100000010110
1101100000010110
1101100000010110
1101100000010110
0000011111100101
0000011111100110
0000011111100110
0000011111100110
0000011111100110
1000010010010001
1000110001110001
1000110001110001
1000110001110001
1000110001110001
0000000000010111
0000000000011000
0000000000011000
0000000000011000
0000000000011000
1001010001010010
1000110001110001
1000110001110001
1000110001110001
1000110001110001
1000110001010001
1000110001010110
1000110001110000
1111111111100000
1111111111100000
1111111111100000
1111111111100000
1111111111100000
1111111111100000
1111111111100000
1111111111100000
1111111111100000
0000011111011111
0000011111111111
0000011111111111
0000011111111111
0000011111111111
0000011111111111
0000011111111111
0000011111111111
0000011111111111
0000011111111111
0000011111000000
0000011111100000
0000011111100000
0000011111100000
0000011111100000
0000011111100000
0000011111100000
0000011111100000
0000011111100000
0000011111100000
1111100000111110
1111100000011111
1111100000011111
1111100000011111
1111100000011111
1111100000011111
1111100000011111
1111100000011111
1111100000011111
1111100000011111
1111100000000000
1111100000000000
1111100000000000
1111100000000000
1111100000000000
1111100000000000
1111100000000000
1111100000000000
1111100000000000
1111100000000000
0000000000011111
0000000000011111
0000000000011111
0000000000011111
0000000000011111
0000000000011111
0000000000011111
0000000000011111
0000000000011111
1000110001110001
1000110001110001
1000110001110001
1000110001110001
1000110001110001
1000110001110001
1000110001110001
1000110001110010
1111111111100001
1111111111100000
1111111111100000
1111111111100000
1111111111100000
1000110001110001
1000110001110001
1000110001110001
1000110001110001
1000110010010001
0000011111100111
0000011111100110
0000011111100110
0000011111100110
0000011111100101
1101000000010110
1101100000010110
1101100000010110
1101100000010110
1111001011111001
1000010010010011
1000110001110001
1000110001110001
1000110001110001
1110011100111100
0000000000000000
0000000000000000
0000000000000000
0000000000000000
1110011100011100
1000110001110001
1000110001110001
1000110001110001
1000110001110001
1110001011111001
1101100000010110
1101100000010110
1101100000010110
1101100000010110
0000011111100101
0000011111100110
0000011111100110
0000011111100110
0000011111100110
1000010010010001
1000110001110001
1000110001110001
1000110001110001
1000110001110001
0000000000010111
0000000000011000
0000000000011000
0000000000011000
0000000000011000
1001010001010010
1000110001110001
1000110001110001
1000110001110001
1000110001110001
1000110001010001
1000110001110010
1000101111110011
1111111111100000
1111111111100000
1111111111100000
1111111111100000
1111111111100000
1111111111100000
1111111111100000
1111111111100000
1111111111100000
0000011111011111
0000011111111111
0000011111111111
0000011111111111
0000011111111111
0000011111111111
0000011111111111
0000011111111111
0000011111111111
0000011111111111
0000011111000000
0000011111100000
0000011111100000
0000011111100000
0000011111100000
0000011111100000
0000011111100000
0000011111100000
0000011111100000
0000011111100000
1111100000111110
1111100000011111
1111100000011111
1111100000011111
1111100000011111
1111100000011111
1111100000011111
1111100000011111
1111100000011111
1111100000011111
1111100000000000
1111100000000000
1111100000000000
1111100000000000
1111100000000000
1111100000000000
1111100000000000
1111100000000000
1111100000000000
1111100000000000
0000000000011111
0000000000011111
0000000000011111
0000000000011111
0000000000011111
0000000000011111
0000000000011111
0000000000011111
0000100000111111
1001010011110000
1000110001110001
1000110001110001
1000110001110001
1000110001110001
1000110001110001
1000110001110001
1000110001110001
1111111111100001
1111111111100000
1111111111100000
1111111111100000
1111111111100000
1000110010010001
1000110001110001
1000110001110001
1000110001110001
1000110010010001
0000011111100111
0000011111100110
0000011111100110
0000011111100110
0000011111100101
1101000000010110
1101100000010110
1101100000010110
1101100000010110
1111001011111001
1000010010010010
1000110001110001
1000110001110001
1000110001110001
1110011100111100
0000000000000000
0000000000000000
0000000000000000
0000000000000000
1110011100011100
1000110001110001
1000110001110001
1000110001110001
1000110001110001
1110001011111001
1101100000010110
1101100000010110
1101100000010110
1101100000010110
0000011111100101
0000011111100110
0000011111100110
0000011111100110
0000011111100110
1000010010010001
1000110001110001
1000110001110001
1000110001110001
1000110001110001
0000000000010111
0000000000011000
0000000000011000
0000000000011000
0000000000011000
1001010001010010
1000110001110001
1000110001110001
1000110001110001
1000110001110001
1000110001010001
1000110001010000
1010010011001111
1111111111100000
1111111111100000
1111111111100000
1111111111100000
1111111111100000
1111111111100000
1111111111100000
1111111111100000
1111111111100000
0000011111011111
0000011111111111
0000011111111111
0000011111111111
0000011111111111
0000011111111111
0000011111111111
0000011111111111
0000011111111111
0000011111111111
0000011111000000
0000011111100000
0000011111100000
0000011111100000
0000011111100000
0000011111100000
0000011111100000
0000011111100000
0000011111100000
0000011111100000
1111100000111110
1111100000011111
1111100000011111
1111100000011111
1111100000011111
1111100000011111
1111100000011111
1111100000011111
1111100000011111
1111100000011111
1111100000000000
1111100000000000
1111100000000000
1111100000000000
1111100000000000
1111100000000000
1111100000000000
1111100000000000
1111100000000000
1111100000000000
0000000000011111
0000000000011111
0000000000011111
0000000000011111
0000000000011111
0000000000011111
0000000000011111
0000000000011111
0000000000011110
0111001110010011
1000110001110001
1000110001010001
1000110001110001
1000110001110001
1000110001110001
1000110001110001
1000110001110001
1111111111100001
1111111111100000
1111111111100000
1111111111100000
1111111111100000
1000110001110001
1000110001110001
1000110001110001
1000110001110001
1000110010010001
0000011111100111
0000011111100110
0000011111100110
0000011111100110
0000011111100101
1101000000010110
1101100000010110
1101100000010110
1101100000010110
1111001011111001
1000010010010010
1000110001110001
1000110001110001
1000110001110001
1110011100111100
0000000000000000
0000000000000000
1111111111111111
1111111111111111
1110011100111100
1001010010010010
1001010010010010
1001010010010010
1001010010010010
0001011001101001
0000010111000000
0000010111000000
0000010111000000
0000010111000000
1111100101111111
1111101000011110
1111101000011110
1111101000011110
1111101000011110
1000110001010001
1001010010010010
1001010010010010
1001010010010010
1001010010010010
0000100000111000
0000000000011000
0000000000011000
0000000000011000
0000000000011000
1000010000010000
1001010010010010
1001010010010010
1001010010010010
1001010010010010
1000110001110001
1000110010101110
0100001000101001
0000000000000000
0000000000000000
0000000000000000
0000100001000000
0000000000100000
0000000000000000
0000000000100000
0000000000100000
0000000000000000
0000100000000000
0000000000000000
0000000000100000
0000000000100000
0000000000100000
0000000000100000
0000000000000000
0100001010001001
0000000000100000
0000000000100000
0000000000000000
0000000000000001
1111111111111111
0000000000000001
0000000000000001
0000000001100010
0000000000000001
1111111111011111
1111111111111111
1111111111111111
1110011111111111
1111111111111110
1111111111111110
0000000000000000
0000000000000000
0000000000000000
0000000000000000
1011110111110101
0000000000000000
0000000000000000
0000000000000000
0000000000000000
0001000001100010
0000000000000000
0000000000000000
0000100000100001
0000000000000000
0000000000000000
0000000000000000
0000000000000000
0000000001000001
0000000000000000
0000000000000000
0000000000000000
0000000000000000
0000000000000000
0000000000000000
0000000000100001
0000000000000000
0011101000000110
1001010010010010
1000110001110001
1001010010010010
1001010010010010
1001010010010010
1001010010010010
0111110000010000
1111111111100001
1111111111100000
1111111111100000
1111111111100000
1111111111100000
1000110001110001
1001010010010010
1001010010010010
1001010010010010
1001010000110000
1111001000111110
1111100111111111
1111100111111111
1111100111111111
1111001001011100
0000110111100000
0000011000000000
0000011000000000
0000011000000000
0001011010101110
1000010001010000
1001010010010010
1001010010010010
1001010010010010
1110011100011100
1111111111111111
1111111111111111
1111111111111111
1111111111111111
1110111101111101
1001010010010010
1001010010010010
1001010010010010
1001010010010010
0001011001001011
0000010111100000
0000010111100000
0000010111100000
0000010111100000
1111100111111111
1111101000011110
1111101000011110
1111101000011110
1111101000011110
1000110001110001
1001010010010010
1001010010010010
1001010010010010
1001010010010010
0000000000110111
0000000000011000
0000000000011000
0000000000011000
0000000000011000
1001010001010010
1001010010010010
1001010010010010
1001010010010010
1001010010010010
1000110001110001
1000110000110011
0001000011000010
0000000000000000
0000000000000000
0000000000000000
0000000000000000
1000110000010000
0000000000000000
0000000000000000
0000000000000000
0000100000100000
0011101001001001
0000000000000000
0000000000100000
0000000000000000
0000000000000000
0000100000100000
0000000000000000
0100001000101000
0000000000000000
0000000000000000
0000000000000001
0000000000000000
1111111111111111
0000000000000000
0000000000000000
0000000000000000
0000000001100001
1111111111111111
1111111111111110
0000100000000000
0000000001000000
1111111111111111
1111111111111111
0000000000000000
0000000000000000
0000000000000000
0000000000100000
1011010110110110
0000000000000000
0000000000000000
0000000000000000
0000000000000000
0000100001000001
0000000000000000
0000000000000000
0000000000000000
0000000000000000
0000000000000000
0000000000000000
0000000000000000
0000000000000000
0000000000000000
0000000000000000
0000000000000000
0100101001101010
0000000000000000
0000000000000000
0000000000000000
0000000000100000
0001000010100010
1001010010010010
1001010010010010
1000010000110000
1001010010010010
1001010010010010
1001010010010010
1000110001110001
1111111111100001
1111111111100000
1111111111100000
1111111111100000
1111111111100000
1000110010110010
1001010010010010
1001010010010010
1001010010010010
1001110001010000
1111101000111111
1111101000111101
1111101000111101
1111101000111101
1111101000111111
0000010111000000
0000010111100001
0000010111100001
0000010111100001
0000111010101101
1001010010010010
1001010010010010
1001010010010010
1001010010010010
1110011100111100
1111111111111111
1111111111111111
1111111111111111
1111111111111111
1110011100111100
1000110001110001
1000110001110001
1000110001110001
1000110001110001
0000011010101011
0000010111000000
0000010111000000
0000010111000000
0000010111000000
1111100111111111
1111101000111110
1111101000111110
1111101000111110
1111101000111110
1000110010010000
1000110001110001
1000110001110001
1000110001110001
1000110001110001
0000000000010111
0000000000011000
0000000000011000
0000000000011000
0000000000011000
1001010001010010
1000110001110001
1000110001110001
1000110001110001
1000110001110001
1000110001010001
1000110001110001
0100101001101001
0101001010001010
0101001010001010
0100101001001001
0100101001001001
1001010010110010
0100101001001001
0100101001001001
0101001010001010
0101001010101010
0110101101001101
0100101001101001
0100101001001001
0101001010001010
0101001010001010
0100101001101001
0101001010001010
0111101111001111
1010010100110100
1010010100110100
1001110011010011
1001110011110011
0110101101001101
1010010100110100
1010010100110100
1001110011010011
1010110101010101
0101101011101011
0101001010101010
1010010100110100
1010010100110100
0110001100001100
0110001100001100
1010010100110100
1010010100110100
1001110011110011
1010010100010100
0111001110001110
1010010100110100
1010010100110100
1010010100110100
1010010100110100
0101001010001010
0101001010001010
0101001010001010
0101001010001010
0100101001101001
0101001010001010
0101001010001010
0101001010001010
0100101001101001
0100101001001001
0100101001101001
0100101001001001
0111101111101111
0101001010101010
0101001010001010
0100101001101001
0101001010001010
0101101011101011
1000110001110001
1000110001110001
1000110001110001
1000110001110001
1000110001110001
1000110001110001
1000110001110010
1111111111100001
1111111111100000
1111111111100000
1111111111100000
1111111111100000
1000110001110001
1000110001110001
1000110001110001
1000110001110001
1001010001110001
1111001001011110
1111101000111110
1111101000111110
1111101000111110
1111101000011110
0000010111000000
0000010111000000
0000010111000000
0000010111000000
0000011010001101
1001010010010010
1000110001110001
1000110001110001
1000110001110001
1110011100111100
1111111111111111
1111111111111111
1111111111111111
1111111111111111
1110111101111101
1001010010010010
1001010010010010
1001010010010010
1001010010010010
0000011010001011
0000010111000000
0000010111000000
0000010111000000
0000010111000000
1111100111111111
1111101000011111
1111101000011111
1111101000011111
1111101000011111
1000110001110000
1001010010010010
1001010010010010
1001010010010010
1001010010010010
0000000000110111
0000000000011000
0000000000011000
0000000000011000
0000000000011000
1001010001010010
1001010010010010
1001010010010010
1001010010010010
1001010010010010
1000110001110001
0111110001010001
0000100010000010
0000100000000000
0000100000000000
0000100000000000
0000100000000000
1000110000010000
0000100000000000
0000100000000000
0000100000000000
0000100000000000
0100101001001010
0000000000000000
0000000000100000
0000000000000000
0000000000000000
0000100000100001
0000000000000000
0100001001001000
0000000000000000
0000000000000000
0000100000000001
0000000000000000
1110111100111101
0000000000000000
0000000000000000
0000000000000000
0000000000000000
1111111111011111
1111111111111111
0000000000000000
0000100001000001
1111111111111111
1111111111111111
0000000000000000
0000000000000000
0000000000000000
0000000000100000
1010110111010111
0000000000000000
0000000000000000
0000000000000000
0000000000000000
0000100000100000
0000000000000000
0000000000000000
0000000000000000
0000000000000000
0000000000000000
0000000000000000
0000000000000000
0000000000000000
0000000000000000
0000000000000000
0000000000000000
0100101001101001
0000000000000000
0000000000000000
0000000000000000
0000000001000000
0001000011000001
1001010010010010
1001010010010010
1000010000110000
1001010010010010
1001010010010010
1001010010010010
1000110001110001
1111111111100001
1111111111100000
1111111111100000
1111111111100000
1111111111100000
1000110010110010
1001010010010010
1001010010010010
1001010010010010
1000110010001011
1111001000111110
1111101000011110
1111101000011110
1111101000011110
1111100111111111
0000010110100000
0000010111100000
0000010111100000
0000010111100000
0000011011001101
1001010010010010
1001010010010010
1001010010010010
1001010010010010
1110011100111100
1111111111111111
1111111111111111
1111111111111111
1111111111111111
1110011100111100
1001010010010010
1001010010010010
1001010010010010
1001010010010010
0000011010101011
0000010111000000
0000010111000000
0000010111000000
0000010111000000
1111101000011110
1111101000011111
1111101000011111
1111101000011111
1111101000011111
1000110001001111
1001010010010010
1001010010010010
1001010010010010
1001010010010010
0000100000111000
0000000000011000
0000000000011000
0000000000011000
0000000000011000
1000010000010000
1001010010010010
1001010010010010
1001010010010010
1001010010010010
1000110001110001
0111110001010000
0100001000101000
0000000000100000
0000000000100000
0000000000100000
0000000001100000
0000000001000000
0000000000100000
0000000000100000
0000000000100000
0000000000100000
0000000000000000
0000000000000000
0000000000000000
0000000000000000
0000000000000000
0000000000000000
0000000000000000
0100001000101000
0000000000000000
0000000000000000
0000000000000000
0000000000000000
1110111101011101
0000000000000000
0000000000000000
0000100000100001
0000000000000000
1111111111111111
1111111111011111
1111111111011111
1111111111011111
1111111111011111
1111111111011111
0000000000000000
0000000000000000
0000000000000000
0000100000000000
1011110101110110
0000000000000000
0000000000000000
0000000000000000
0000000000000000
0000100000100000
0000000000000000
0000000000000000
0000000001000001
0000000000100000
0000000000000000
0000000000000000
0000000000000000
0000100001000000
0000000000000000
0000000000000000
0000000000000000
0000000000100000
0000000000000000
0000000000000000
0000000000000000
0000000000000000
0100001000000111
1001010010010010
1000110001110001
1001010010010010
1001010010010010
1001010010010010
1001010010010010
0111110000010000
1111111111100001
1111111111100000
1111111111100000
1111111111100000
1111111111100000
1000110001110001
1001010010010010
1001010010010010
1001010010010010
1000110000110000
1111001000111111
1111101000011111
1111101000011111
1111101000011111
1111101000011101
0000010111100000
0000010111100000
0000010111100000
0000010111100000
0000011010101111
1000010000110001
1001010010010010
1001010010010010
1001010010010010
1110011100011100
1111111111111111
1111111111111111
0000000000000000
0000000000000000
1110011100011100
1000110001110001
1000110001110001
1000110001110001
1000110001110001
0000011001111000
0000010101110111
0000010101110111
0000010101110111
0000010101110111
1111101010100111
1111101010000111
1111101010000111
1111101010000111
1111101010000111
1000110001110010
1000110001110001
1000110001110001
1000110001110001
1000110001110001
0000000000010111
0000000000011000
0000000000011000
0000000000011000
0000000000011000
1001010001010010
1000110001110001
1000110001110001
1000110001110001
1000110001110001
1000110001010001
1000110001010010
1010101111101110
1111100000000000
1111100000000000
1111100000000000
1111100000000000
1111100000000000
1111100000000000
1111100000100000
1111100100000000
1111100110100000
1111101011000000
1111101111000000
1111110011100000
1111110111000000
1111111010000000
1111111101000000
1111111111000000
1110111111100000
1101011111100000
1011011111100000
0111111111100000
0000011111100000
0000011111100000
0000011111100000
0000011111100000
0000011111100000
0000011111100000
0000011111100000
0000011111100000
0000011111100000
0000011111100110
0000011111101011
0000011111101111
0000011111110011
0000011111110111
0000011111111011
0000011111111101
0000011111111111
0000011110011111
0000011011111111
0000011000011111
0000010101011111
0000010000111111
0000001100111111
0000001000111111
0000000100111111
0000000001011111
0000000000011111
0000100000011111
0010100000011111
0101000000011111
0111100000011111
1010000000011111
1100100000011111
1111000000011111
1111100000011111
1111100000011111
1111100000011111
1110100000111111
1010101110110100
1000110001110001
1000110001010001
1000110001110001
1000110001110001
1000110001110001
1000110001110001
1000110001110001
1111111111100001
1111111111100000
1111111111100000
1111111111100000
1111111111100000
1000110001110001
1000110001110001
1000110001110001
1000110001110001
1001010001110010
1111001010100111
1111101010000111
1111101010000111
1111101010000111
1111101011001000
0000010110010110
0000010101110111
0000010101110111
0000010101110111
0000011000111011
1001010001110001
1000110001110001
1000110001110001
1000110001110001
1110011100111100
0000000000000000
0000000000000000
0000000000000000
0000000000000000
1110011100011100
1000110001110001
1000110001110001
1000110001110001
1000110001110001
0000011001111000
0000010101110111
0000010101110111
0000010101110111
0000010101110111
1111101010100111
1111101010000111
1111101010000111
1111101010000111
1111101010000111
1000110001110010
1000110001110001
1000110001110001
1000110001110001
1000110001110001
0000000000010111
0000000000011000
0000000000011000
0000000000011000
0000000000011000
1001010001010010
1000110001110001
1000110001110001
1000110001110001
1000110001110001
1000110001010001
1000010010010001
1000110011110010
1111100000000000
1111100000000000
1111100000000000
1111100000000000
1111100000000000
1111100000000000
1111100000100000
1111100100000000
1111100110100000
1111101011000000
1111101111000000
1111110011100000
1111110111000000
1111111010000000
1111111101000000
1111111111000000
1110111111100000
1101011111100000
1011011111100000
0111111111100000
0000011111100000
0000011111100000
0000011111100000
0000011111100000
0000011111100000
0000011111100000
0000011111100000
0000011111100000
0000011111100000
0000011111100110
0000011111101011
0000011111101111
0000011111110011
0000011111110111
0000011111111011
0000011111111101
0000011111111111
0000011110011111
0000011011111111
0000011000011111
0000010101011111
0000010000111111
0000001100111111
0000001000111111
0000000100111111
0000000001011111
0000000000011111
0000100000011111
0010100000011111
0101000000011111
0111100000011111
1010000000011111
1100100000011111
1111000000011111
1111100000011111
1111100000011111
1111100000011111
1111000000111111
1001010010110001
1000110001110001
1000110001110001
1000110001110001
1000110001110001
1000110001110001
1000110001110001
1000110001110001
1111111111100001
1111111111100000
1111111111100000
1111111111100000
1111111111100000
1000110010010001
1000110001110001
1000110001110001
1000110001110001
1001010001010010
1111001011000111
1111101010000111
1111101010000111
1111101010000111
1111101011001000
0000010110010110
0000010101110111
0000010101110111
0000010101110111
0000011000111011
1001010001110001
1000110001110001
1000110001110001
1000110001110001
1110011100111100
0000000000000000
0000000000000000
0000000000000000
0000000000000000
1110111101011101
1000110001110001
1000110001110001
1000110001110001
1000110001110001
0000011010011001
0000010101110111
0000010101110111
0000010101110111
0000010101110111
1111101010100111
1111101010000111
1111101010000111
1111101010000111
1111101010000111
1000110001110010
1000110001110001
1000110001110001
1000110001110001
1000110001110001
0000000000010111
0000000000011000
0000000000011000
0000000000011000
0000000000011000
1001010001010010
1000110001110001
1000110001110001
1000110001110001
1000110001110001
1000110001010001
1000010011010010
1000110001110010
1111100000000000
1111100000000000
1111100000000000
1111100000000000
1111100000000000
1111100000000000
1111100000100000
1111100100000000
1111100110100000
1111101011000000
1111101111000000
1111110011100000
1111110111000000
1111111010000000
1111111101000000
1111111111000000
1110111111100000
1101011111100000
1011011111100000
0111111111100000
0000011111100000
0000011111100000
0000011111100000
0000011111100000
0000011111100000
0000011111100000
0000011111100000
0000011111100000
0000011111100000
0000011111100110
0000011111101011
0000011111101111
0000011111110011
0000011111110111
0000011111111011
0000011111111110
0000011111111111
0000011110011111
0000011011111111
0000011000011111
0000010101011111
0000010000111111
0000001100111111
0000001000111111
0000000100111111
0000000001011111
0000000000011111
0000000000011111
0010100000011111
0101000000011111
0111100000011111
1010000000011111
1100100000011111
1111000000011111
1111100000011111
1111100000011111
1111100000011111
1111100000011111
1001010001010001
1000110001110001
1000110001110001
1000110001110001
1000110001110001
1000110001110001
1000110001110001
1000110001110010
1111111111100001
1111111111100000
1111111111100000
1111111111100000
1111111111100000
1000110001110001
1000110001110001
1000110001110001
1000110001110001
1001010001110010
1111001011000111
1111101010000111
1111101010000111
1111101010000111
1111101011001000
0000010110010110
0000010101110111
0000010101110111
0000010101110111
0000011001011100
1001010010010001
1000110001110001
1000110001110001
1000110001110001
1110011100111100
0000000000000000
0000000000000000
0000000000000000
0000000000000000
1110011100011100
1000110001110001
1000110001110001
1000110001110001
1000110001110001
0000011010011000
0000010110011000
0000010110011000
0000010110011000
0000010110011000
1111101010100110
1111001010100111
1111001010100111
1111001010100111
1111001010100111
1000110001110001
1000110001110001
1000110001110001
1000110001110001
1000110001110001
0000000000010110
0000000000011000
0000000000011000
0000000000011000
0000000000011000
1001010001110010
1000110001110001
1000110001110001
1000110001110001
1000110001110001
1000110001110001
1000110010010010
1010101111110010
1111100000100000
1111100000000000
1111100000000000
1111100000000000
1111100000000000
1111100000000000
1111100000100000
1111100100000000
1111100110100000
1111101011000000
1111101111000000
1111110011100000
1111110111000000
1111111010000000
1111111101000000
1111111111000000
1110111111100000
1101011111100000
1011011111100000
0111111111100000
0000011111100000
0000011111100000
0000011111100000
0000011111100000
0000011111100000
0000011111100000
0000011111100000
0000011111100000
0000011111100000
0000011111100110
0000011111101011
0000011111101111
0000011111110011
0000011111110111
0000011111111011
0000011111111110
0000011111111111
0000011110011111
0000011011111111
0000011000011111
0000010101011111
0000010000111111
0000001100111111
0000001000111111
0000000100111111
0000000001011111
0000000000011111
0000100000011111
0010100000011111
0101000000011111
0111100000011111
1010000000011111
1100100000011111
1111000000011111
1111100000011111
1111100000011111
1111100000011111
1111100000011111
1001010001110011
1000110001110001
1000110001110001
1000110001010001
1000110001110001
1000110001110001
1000110001110001
1000110001110001
1111111111100001
1111111111100000
1111111111100000
1111111111100000
1111111111100000
1000110010010001
1000110001110001
1000110001110001
1000110001110001
1000110010010000
1111101010000111
1111101010001001
1111101010001001
1111101010001001
1111101001101000
0001010101010101
0000010110010101
0000010110010101
0000010110010101
0000011010111000
1000010010110001
1000110001110001
1000110001110001
1000110001110001
1110011100011100
0000000000000000
0000000000000000
0000000000000000
0000000000000000
1111011110011110
1000110001110001
1000110001110001
1000110001110001
1000110001110001
0000011001111010
0000010110110111
0000010110110111
0000010110110111
0000010110110111
1111101011100100
1111101010001000
1111101010001000
1111101010001000
1111101010001000
1001010001110001
1000110001110001
1000110001110001
1000110001110001
1000110001110001
0000000000010110
0000000000011000
0000000000011000
0000000000011000
0000000000011000
1001010001110010
1000110001110001
1000110001110001
1000110001110001
1000110001110001
1000110001010001
1001010010010010
1000110001010010
1110100000000000
1111100001000000
1111100000000000
1111100000000000
1111100000000000
1111100000000000
1111100000100000
1111100100000000
1111100110100000
1111101011000000
1111101111000000
1111110011100000
1111110111000000
1111111010000000
1111111101000000
1111111111000000
1110111111100000
1101011111100000
1011011111100000
0111111111100000
0000011111100000
0000011111100000
0000011111100000
0000011111100000
0000011111100000
0000011111100000
0000011111100000
0000011111100000
0000011111100000
0000011111100110
0000011111101011
0000011111101111
0000011111110011
0000011111110111
0000011111111011
0000011111111110
0000011111111111
0000011110011111
0000011011111111
0000011000011111
0000010101011111
0000010000111111
0000001100111111
0000001000111111
0000000100111111
0000000001011111
0000000000011111
0000100000011111
0010100000011111
0101000000011111
0111100000011111
1010000000011111
1100100000011111
1111000000011111
1111100000011111
1111100000011111
1111100000011111
1111100000011111
1000110010010010
1000110001110001
1000110001010001
1000110001010001
1000110001110001
1000110001110001
1000110001110001
1000110010010010
1111111111100001
1111111111100000
1111111111100000
1111111111100000
1111111111000000
1000110010010001
1000110001110001
1000110001110001
1000110001110001
1000010010010010
1111101011000111
1111101010001001
1111101010001001
1111101010001001
1111101100000011
0000011000110001
0000010101110110
0000010101110110
0000010101110110
0000011001110110
1001010010010001
1000110001110001
1000110001110001
1000110001110001
1111011110111110
0000000000100000
0000000000000000
1111111111111111
1111111111111111
1110011100111100
1000110001110001
1000110001110001
1000110001110001
1000110001110001
1100111011001011
1010110111000000
1010110111000000
1010110111000000
1010110111000000
0101001000011111
0101101000111111
0101101000111111
0101101000111111
0101101000111111
1001010001110010
1000110001110001
1000110001110001
1000110001110001
1000110001110001
0000000000010111
0000000000011000
0000000000011000
0000000000011000
0000000000011000
1001010001010010
1000110001110001
1000110001110001
1000110001110001
1000110001110001
1000110001010001
1000110001110001
1000110001110001
1101001000101000
1111000001100000
1111100000000000
1111100000000000
1111100000000000
1111100000000000
1111100000100000
1111100100000000
1111100110100000
1111101011000000
1111101111000000
1111110011100000
1111110111000000
1111111010000000
1111111101000000
1111111111000000
1110111111100000
1101011111100000
1011011111100000
0111111111100000
0000011111100000
0000011111100000
0000011111100000
0000011111100000
0000011111100000
0000011111100000
0000011111100000
0000011111100000
0000011111100000
0000011111100110
0000011111101011
0000011111101111
0000011111110011
0000011111110111
0000011111111011
0000011111111110
0000011111111111
0000011110011111
0000011011111111
0000011000011111
0000010101011111
0000010000111111
0000001100111111
0000001000111111
0000000100111111
0000000001011111
0000000000011111
0000100000011111
0010100000011111
0101000000011111
0111100000011111
1010000000011111
1100100000011111
1111000000011111
1111100000011111
1111100000011111
1111100000011111
1100101000010111
1001010010010000
1000110001110001
1000110001110001
1000110001110001
1000110001110001
1000110001110001
1000110001110001
1000110001110010
1111111111100001
1111111111100000
1111111111100000
1111111111100000
1111111111100000
1000110001110001
1000110001110001
1000110001110001
1000110001110001
1001010001110010
0101001000111110
0101101000111111
0101101000111111
0101101000111111
0101001000111111
1011010111100000
1010110111000000
1010110111000000
1010110111000000
1100011010101001
1000110001110011
1000110001110001
1000110001110001
1000110001110001
1110011100111100
1111111111111111
1111111111111111
1111111111111111
1111111111111111
1110011100111100
1000110001110001
1000110001110001
1000110001110001
1000110001110001
1100111011001011
1010110111000000
1010110111000000
1010110111000000
1010110111000000
0101001000011111
0101101000111111
0101101000111111
0101101000111111
0101101000111111
1001010001110010
1000110001110001
1000110001110001
1000110001110001
1000110001110001
0000000000010111
0000000000011000
0000000000011000
0000000000011000
0000000000011000
1001010001010010
1000110001110001
1000110001110001
1000110001110001
1000110001110001
1000110001010001
1000110001110001
1000110001110001
1001110001010001
1111100000000000
1111100000000000
1111100000000000
1111100000000000
1111100000000000
1111100000100000
1111100100000000
1111100110100000
1111101011000000
1111101111000000
1111110011100000
1111110111000000
1111111010000000
1111111101000000
1111111111000000
1110111111100000
1101011111100000
1011011111100000
0111111111100000
0000011111100000
0000011111100000
0000011111100000
0000011111100000
0000011111100000
0000011111100000
0000011111100000
0000011111100000
0000011111100000
0000011111100110
0000011111101011
0000011111101111
0000011111110011
0000011111110111
0000011111111011
0000011111111110
0000011111111111
0000011110011111
0000011011111111
0000011000011111
0000010101011111
0000010000111111
0000001100111111
0000001000111111
0000000100111111
0000000001011111
0000000000011111
0000100000011111
0010100000011111
0101000000011111
0111100000011111
1010000000011111
1100100000011111
1111000000011111
1111100000011111
1111100000011111
1111100000011111
1001010010110010
1000010001110011
1000110001110001
1000110001110001
1000110001110001
1000110001110001
1000110001110001
1000110001110001
1000110001110010
1111111111100001
1111111111100000
1111111111100000
1111111111100000
1111111111100000
1000110001110001
1000110001110001
1000110001110001
1000110001110001
1001010001110010
0101001000111110
0101101000111111
0101101000111111
0101101000111111
0101001000111111
1011010111100000
1010110111000000
1010110111000000
1010110111000000
1100011010101001
1000110001110011
1000110001110001
1000110001110001
1000110001110001
1110011100111100
1111111111111111
1111111111111111
1111111111111111
1111111111111111
1110011100111100
1000110001110001
1000110001110001
1000110001110001
1000110001110001
1100111011001011
1010110111000000
1010110111000000
1010110111000000
1010110111000000
0101001000011111
0101101000111111
0101101000111111
0101101000111111
0101101000111111
1001010001110010
1000110001110001
1000110001110001
1000110001110001
1000110001110001
0000000000010111
0000000000011000
0000000000011000
0000000000011000
0000000000011000
1001010001010010
1000110001110001
1000110001110001
1000110001110001
1000110001110001
1000110001010001
1000110001110001
1000110001110001
1000110000110001
1110000000100000
1111100000000000
1111100000000000
1111100000000000
1111100000000000
1111100000100000
1111100100000000
1111100110100000
1111101011000000
1111101111000000
1111110011100000
1111110111000000
1111111010000000
1111111101000000
1111111111100000
1111011111100000
1101011111100000
1011011111100000
0111111111100000
0000011111100000
0000011111100000
0000011111100000
0000011111100000
0000011111100000
0000011111100000
0000011111100000
0000011111100000
0000011111100000
0000011111100110
0000011111101011
0000011111101111
0000011111110011
0000011111110111
0000011111111011
0000011111111110
0000011111111111
0000011110011111
0000011011111111
0000011000011111
0000010101011111
0000010000111111
0000001100111111
0000001000111111
0000000100111111
0000000001011111
0000000000011111
0000000000011111
0010100000011111
0101000000011111
0111100000011111
1010000000011111
1100100000011111
1111000000011111
1111100000011111
1111100000011111
1111100000011111
1000110010010001
1000010010010010
1000110001110001
1000110001110001
1000110001110001
1000110001110001
1000110001110001
1000110001110001
1000110001110010
1111111111100001
1111111111100000
1111111111100000
1111111111100000
1111111111100000
1000110001110001
1000110001110001
1000110001110001
1000110001110001
1001010001110010
0101001000111110
0101101000111111
0101101000111111
0101101000111111
0101001000111111
1011010111100000
1010110111000000
1010110111000000
1010110111000000
1100011010101001
1000110001110011
1000110001110001
1000110001110001
1000110001110001
1110011100111100
1111111111111111
1111111111111111
1111111111111111
1111111111111111
1110111101111101
1001010010010010
1001010010010010
1001010010010010
1001010010010010
1100111010101010
1010010110100000
1010010110100000
1010010110100000
1010010110100000
0110001001011110
0101101000111111
0101101000111111
0101101000111111
0101101000111111
1001010010010000
1001010010010010
1001010010010010
1001010010010010
1001010010010010
0000000000011010
0000000000110110
0000000000110110
0000000000110110
0000000000110110
1000110001110000
1001010010010010
1001010010010010
1001010010010010
1001010010010010
1000110001010001
1001010010010010
1001010010010010
1000110010110001
1100101001101000
1111000000000000
1111000000100000
1111000000100000
1111000000100000
1111000001100000
1111000100100000
1111000111100000
1111001011100000
1111001110100000
1111110100000000
1111110110100010
1111111001000001
1111111101000010
1111011110000001
1110111111000001
1100111111100000
1011011111100000
0111111111100000
0000011110100000
0000011111100000
0000011111100000
0000011111100000
0000011111100000
0000011111100000
0000011111100000
0000011111100000
0000011111100000
0000011111100100
0000111111001011
0000111111110000
0000011111110011
0000011111110111
0000011111111010
0000011111111110
0000011110111111
0000011100111111
0000111010011111
0000010111111111
0000010011011111
0000001111111111
0000001101011101
0000001001111110
0000000101111110
0000000001111110
0000000000011100
0000000000011101
0010000000011110
0101000000011110
1000000000011111
1010100000011111
1100100000011111
1111000000011111
1111000000111111
1111100000011110
1100101011111010
1001010010010010
1001010010010010
1001010010010010
1000110001110001
1000110001010001
1001010010010010
1001010010010010
1001010010010010
1000010001110100
1111111110100100
1111111111100000
1111111111100000
1111111111100000
1111111111100000
1000110010010011
1001010010010010
1001010010010010
1001010010010010
1000110001110001
0101001000111101
0101101001011100
0101101001011100
0101101001011100
0101101001011110
1011011000000001
1010110110100011
1010110110100011
1010110110100011
1100111011101011
1000110010010001
1001010010010010
1001010010010010
1001010010010010
1111011110011110
1111111111111111
1111111111111111
1110111101011101
1110111101011101
1111111111111111
1101111011111011
1101111011111011
1101111011111011
1101111011111011
1110111111010101
1100111010001100
1100111010001100
1100111010001100
1100111010001100
1000110000111101
1010010010111111
1010010010111111
1010010010111111
1010010010111111
1101011001111011
1101111011111011
1101111011111011
1101111011111011
1101111011111011
1010010101011110
1011010111011101
1011010111011101
1011010111011101
1011010111011101
1110011011011101
1101111011111011
1101111011111011
1101111011111011
1101111011111011
1101111011011011
1101111011111011
1101111011111011
1100111100011011
1101011100111100
1111101001101100
1111001001101001
1111001001101001
1111001001101001
1111001001101000
1010100010100000
1010100011100000
1011000110000000
1011001001100001
1011001010100001
1110110111101000
1110111000101000
1110011011100111
1101111100100111
1101111101001000
1000010011000001
0110110010100010
0101010010000000
0000010011000000
0001010111000011
0000011101000111
0000011101000111
0000011100100111
0000011100100111
0000010011000000
0000110010100000
0000110010100000
0000110011000011
0000010010100111
0000110111101101
0000111100110011
0000011101010101
0000111101011000
0000011011111001
0000010100110100
0000010010010011
0000010000110100
0000001110110011
0000001101110011
0010110100011100
0000110000111100
0001001110111100
0011101100011101
0100101010011101
0000000000010011
0000000000010100
0001100000010100
0010100000010100
0100100000010011
1011001010111100
1100001010011100
1101101001111011
1111001001011100
1110101010111101
1101111011111100
1101111011111011
1101111011111011
1101111011111011
1101111011111011
1101111011011011
1101111011111011
1101111011111011
1101111011111011
1100111010011101
1111111111110100
1111111111110101
1111111111110101
1111111111110101
1111111111010100
1101111011011110
1101111011111011
1101111011111011
1101111011111011
1101011001111011
1100011000111101
1101011001111111
1101011001111111
1101011001111111
1100010111111111
1110011101010010
1110011101110111
1110011101110111
1110011101110111
1111011111011000
1101111011111101
1101111011111011
1101111011111011
1101111011111011
1111111111111111
1101111011111011
1110111101011101
0000000000000000
0000000000000000
1110111101011101
1000110001110001
1000110001110001
1000110001110001
1000110001110001
1011110111110111
1000110001110001
1000110001110001
1000110001110001
1000110001110001
1000110001110001
1000110001110001
1000110001110001
1000110001110001
1000110001110001
1000110001110001
1000110001110001
1000110001110001
1000110001110001
1000110001110001
1000110001010001
1000110001110001
1000110001110001
1000110001110001
1000110001110001
1001010010010010
1000110001110001
1000110001110001
1000110001110001
1000110001110001
1000110001010001
1000110001110001
1000110001110001
1000110001110001
1001010010010010
1011010110010110
1011110111110111
1011110111110111
1100011000011000
1100011000011000
0000000000000000
0000000000000000
0000000000000000
0000000000000000
0000000000000000
1011110111110111
1011110111110111
1011110111110111
1100011000011000
1011010110010110
0000000000000000
0000000000000000
0000000000000000
0000000000000000
0100101001001001
1011110111110111
1011110111110111
1011110111110111
1100011000011000
0000000000000000
0000000000000000
0000000000000000
0000000000000000
0000000000000000
0110001100101100
1011110111110111
1011110111110111
1011110111110111
1011110111010111
0000000000000000
0000000000000000
0000000000000000
0000000000000000
0000000000000000
1011010110110110
1011110111110111
1011110111110111
1011110111110111
1011110111110111
0000000000000000
0000000000000000
0000000000000000
0000000000000000
0000000000000000
1011110111110111
1011110111110111
1011110111110111
1011110111110111
1011110111110111
1001010010110010
1000110001110001
1000110001110001
1000110001110001
1000110001110001
1000110001110001
1000110001110001
1000110001110001
1000110001110001
1000110001110001
1000110001010001
1000110001110001
1000110001110001
1000110001110001
1000110001110001
1000110001110001
1000110001110001
1000110001110001
1000110001110001
1000110001110001
1000110001110001
1000110001110001
1000110001110001
1000110001110001
1000110001110001
1000110001110001
1000110001110001
1000110001110001
1000110001110001
1011110111010111
1000110001110001
1000110001110001
1000110001110001
1000110001110001
1110011100111100
0000000000000000
0000000000000000
0000000000000000
0000000000000000
1110111101011101
1000110001110001
1000110001110001
1000110001110001
1000110001110001
1011110111110111
1000110001110001
1000110001110001
1000110001110001
1000110001110001
1000110001110001
1000110001110001
1000110001110001
1000110001110001
1000110001110001
1000110001110001
1000110001110001
1000110001110001
1000110001110001
1000110001110001
1000110001010001
1000110001110001
1000110001110001
1000110001110001
1000110001110001
1001010010010010
1000110001110001
1000110001110001
1000110001110001
1000110001110001
1000110001010001
1000110001110001
1000110001110001
1000110001110001
1001010010010010
1000010000110000
1011110111110111
1011110111110111
1100011000011000
1100011000011000
0000000000000000
0000000000000000
0000000000000000
0000000000000000
0000000000000000
1011110111110111
1011110111110111
1011110111110111
1100011000011000
1011010110010110
0000000000000000
0000000000000000
0000000000000000
0000000000000000
0100101001001001
1011110111110111
1011110111110111
1011110111110111
1100011000011000
0000000000000000
0000000000000000
0000000000000000
0000000000000000
0000000000000000
0110001100101100
1011110111110111
1011110111110111
1011110111110111
1011110111010111
0000000000000000
0000000000000000
0000000000000000
0000000000000000
0000000000000000
1011010110110110
1011110111110111
1011110111110111
1011110111110111
1011110111110111
0000000000000000
0000000000000000
0000000000000000
0000000000000000
0000000000000000
1011110111110111
1011110111110111
1011110111110111
1011110111110111
1000110001010001
1001010010110010
1000110001110001
1000110001110001
1000110001110001
1000110001110001
1000110001110001
1000110001110001
1000110001110001
1000110001110001
1000110001110001
1000110001010001
1000110001110001
1000110001110001
1000110001110001
1000110001110001
1000110001110001
1000110001110001
1000110001110001
1000110001110001
1000110001110001
1000110001110001
1000110001110001
1000110001110001
1000110001110001
1000110001110001
1000110001110001
1000110001110001
1000110001110001
1000110001110001
1011110111010111
1000110001110001
1000110001110001
1000110001110001
1000110001110001
1110011100111100
0000000000000000
0000000000000000
0000000000000000
0000000000000000
1110111101011101
1000110001110001
1000110001110001
1000110001110001
1000110001110001
1011110111110111
1000110001110001
1000110001110001
1000110001110001
1000110001110001
1000110001110001
1000110001110001
1000110001110001
1000110001110001
1000110001110001
1000110001110001
1000110001110001
1000110001110001
1000110001110001
1000110001110001
1000110001010001
1000110001110001
1000110001110001
1000110001110001
1000110001110001
1001010010010010
1000110001110001
1000110001110001
1000110001110001
1000110001110001
1000110001010001
1000110001110001
1000110001110001
1000110001110001
1001010010010010
1000110001010001
1011010110010110
1011110111110111
1100011000011000
1100011000011000
0000000000000000
0000000000000000
0000000000000000
0000000000000000
0000000000000000
1011110111110111
1011110111110111
1011110111110111
1100011000011000
1011010110010110
0000000000000000
0000000000000000
0000000000000000
0000000000000000
0100101001001001
1011110111110111
1011110111110111
1011110111110111
1100011000011000
0000000000000000
0000000000000000
0000000000000000
0000000000000000
0000000000000000
0110001100101100
1011110111110111
1011110111110111
1011110111110111
1011110111010111
0000000000000000
0000000000000000
0000000000000000
0000000000000000
0000000000000000
1011010110110110
1011110111110111
1011110111110111
1011110111110111
1011110111110111
0000000000000000
0000000000000000
0000000000000000
0000000000000000
0000000000000000
1011110111110111
1011110111110111
1011110111110111
1010110101010101
1000110001110001
1000110001110001
1000110001110001
1000110001110001
1000110001110001
1000110001110001
1000110001110001
1000110001110001
1000110001110001
1000110001110001
1000110001110001
1000110001010001
1000110001110001
1000110001110001
1000110001110001
1000110001110001
1000110001110001
1000110001110001
1000110001110001
1000110001110001
1000110001110001
1000110001110001
1000110001110001
1000110001110001
1000110001110001
1000110001110001
1000110001110001
1000110001110001
1000110001110001
1000110001110001
1011110111010111
1000110001110001
1000110001110001
1000110001110001
1000110001110001
1110011100111100
0000000000000000
0000000000000000
0000000000000000
0000000000000000
1110011100111100
1000110001110001
1000110001110001
1000110001110001
1000110001110001
1011110111110111
1000110001110001
1000110001110001
1000110001110001
1000110001010001
1001110011010011
1000110001010001
1000110001110001
1000110001110001
1000110001110001
1001110011110011
1000110001110001
1000110001110001
1000110001110001
1000110001110001
1000110010010010
1001010001010000
1001010001010000
1001010001010000
1001010001010000
1001110010010001
1001010001010000
1001010001010000
1001010001010000
1001010001010000
1000110001110001
1000110001110001
1000110001110001
1000110001110001
1000110001110001
1000110001010001
1001110011110011
1011110111010111
1100011000011000
1100011000011000
0000000000100000
0000000000000000
0000000000000000
0000000000000000
0000000000000000
1011010110110110
1011010110010110
1011110111010111
1100011000111000
1011010110010110
0000100001000001
0000100001000001
0000000000100000
0000000000000000
0100101001101001
1100011000111000
1011110111110111
1011010110010110
1100111001011001
0000000000000000
0000000000000000
0000100001000001
0000000000000000
0000000000000000
0110101101001101
1100011000011000
1100011000011000
1011010110110110
1100011000111000
0000000000000000
0000000000000000
0000000000000000
0000000000100000
0000000000000000
1011010110010110
1011010110110110
1011110111110111
1011110111110111
1100011000111000
0000000000000000
0000000000100000
0000000000000000
0000000000100000
0000000000000000
1100011000111000
1011110111110111
1011010110110110
1000110001110001
1000110001010001
1001010010010010
1000110001110001
1000110001110001
1000110001110001
1001110001010000
1000110000101111
1000010010010011
1000010010010011
1000010010010011
1000110010110011
1000010001010010
1000010010010011
1000010010010011
1000010010010011
1000010001110001
1001010010010010
1000110001110001
1000110001110001
1000110001110001
1000110001110001
1000110001010001
1000110001110001
1000110001110001
1000110001110001
1001110011010011
1000110001010001
1000110001110001
1000110001110001
1000110001110001
1100011000111000
1000110001010001
1000110001110001
1000110001110001
1000110001110001
1110011100011100
0000000000000000
0000000000000000
1101011010111010
1101011010111010
1111111111111111
1110011100111100
1110011100111100
1110011100111100
1110011100111100
0001000010100010
0000000000000000
0000000000000000
0000000000000000
0000000000000000
0000000000000000
0000000000000000
0000000000000000
0000000000000000
0000000000000000
1101011010111010
1110011100111100
1110011100111100
1110011100111100
1110011100111100
1110010110111100
1110111001111101
1110111001111101
1110111001111101
1110111001111101
1110011000111100
1110111001111101
1110111001111101
1110111001111101
1110111001111101
1110011011111100
1110011100111100
1110011100111100
1110111101011101
1110111101011101
1110111101011101
1110111101011101
1110111101011101
0100001000101000
0100101001101001
1100011000011000
1100111001011001
0010000100100100
1010110101110101
1011110111110111
0010100101100101
0010100101000101
1101011010011010
1000010000010000
0010100101000101
1101011010111010
1101011010011010
0101101011001011
0101001010101010
1101111011011011
1111011110011110
0010100101000101
1000110001110001
1101011010111010
0001000010000010
0000100001000001
1100011000011000
0011100111100111
0101101011001011
1100011000011000
1100111001011001
1100011000011000
1011010110110110
1010010100110100
0101001010001010
0110101101001101
0111101111001111
1001010010110010
1001010010110010
1001110011110011
1000010000010000
1100011000011000
0111101111101111
1000110001010001
0110101101001101
1001110011010011
0101101011101011
1000110001010001
1000010000110000
1011010110010110
0111101111101111
1110011100111100
1110011100111100
1110111101111101
1101011010111010
1110011100111100
1110011100111100
1110011100111100
1111111100011010
1010111100111111
1100011101111111
1100011101111111
1100011101111111
1011111100111110
1011111100111110
1100011101111111
1100011101111111
1100011101111111
1001111101111111
1110111100111100
1110011100111100
1110011100111100
1110011100111100
1101111011011011
1111011110111110
1111111111111111
1111111111111111
1111111111111111
1111011110111110
1111011110111110
1111111111111111
1111111111111111
1111111111111111
1111111111111111
1110111101111101
1110011100111100
1110011100111100
1110011100111100
1111111111111111
1101011010011010
1101011010111010
1111111111111111
1111111111111111
1110011100111100
1000110001110001
1000110001110001
1000110001110001
1000110001110001
0000000000000000
0000000000000000
1011110111110111
1110111101111101
1111111111111111
1111111111011111
1110111101111101
1111111111111111
0000000000000000
0000100001100001
1000110001010001
1000110001110001
1000110001110001
1000110001110001
1000110001110001
1001100000010000
1001100000010000
1001100000010000
1001100000010000
1001100000010000
1001100000010000
1001100000010000
1001100000010000
1001100000010000
1001100000010000
1000110001110000
1000110001110001
1000110001110001
1000110001110001
1001010010010010
1000110001010001
1000110001110001
1000110001110001
1000110001110001
0101001010001010
1111111111111111
1110111101111101
0001000010000010
1011110111110111
1110111101011101
0000000000100000
0000000000100000
1110011100011100
1000110001010001
0000100001000001
1111011110111110
1111111111011111
0110001100001100
0110001100001100
1111111111111111
1111011110111110
0000100001000001
1000110001010001
1110011100011100
0000100001000001
0000000000100000
1110011100111100
0100001000101000
0101001010101010
1110011100111100
1101011010111010
1100011000111000
1011010110110110
1010010100010100
0101101011101011
0111001110001110
1000110001010001
1010010100110100
1010110101010101
1001010010010010
0111001110101110
1100011000111000
0110101101101101
1000010000110000
1000110001010001
1100011000011000
0110001100101100
1011010110110110
1001010010110010
1010110101110101
1001110011010011
1000110001010001
1000110001110001
1000110001110001
1000110001110001
1000110001110001
1000110001110001
1000110001110001
1000110010010011
0000010101111111
0000010101011111
0000010101011111
0000010101011111
0000010101011111
0000010101011111
0000010101011111
0000010101011111
0000010101011111
0000010101111110
1000110010010010
1000110001110001
1000110001110001
1000110001110001
1000110001110001
1111111111111111
1111111111111111
0001100011000011
0000000000000000
0000000000000000
0000000000000000
0000000000100000
0011000110100110
1111111111011111
1111111111111111
1000110001110001
1000110001110001
1000110001110001
1000110001110001
1110011100111100
1111111111111111
1111111111111111
1111111111111111
1111111111111111
1110011100111100
1000110001110001
1000110001110001
1000110001110001
1000110001110001
0000000000000000
1110111101111101
1111111111111111
1111111111111111
1111111111111111
1111111111111111
1111111111111111
1111111111111111
1111011110011110
0000000000000000
1000010000110000
1000110001110001
1000110001110001
1000110001110001
1000110001110001
1001100000010000
1001100000010000
1001100000010000
1001100000010000
1001100000010000
1001100000010000
1001100000010000
1001100000010000
1001100000010000
1001100000010000
1000110001110000
1000110001110001
1000110001110001
1000110001110001
1001010010010010
1000110001010001
1000110001110001
1000110001110001
1000110001110001
1001110011110011
1111111111011111
1111011110011110
0001000010000010
1011110111110111
1110111101011101
0000000000100000
0000000000100000
1110011100011100
1000110001010001
0000100001000001
1111011110111110
1111111111011111
0110001100001100
0110001100001100
1111111111111111
1111011110111110
0000100001000001
1000110001010001
1110011100011100
0000100001000001
0000000000100000
1110011100111100
0100001000101000
0101001010101010
1110011100111100
1101011010111010
1100011000111000
1011010110110110
1010010100010100
0101101011101011
0111001110001110
1000110001010001
1010010100110100
1010110101010101
1001010010010010
0111001110101110
1100011000111000
0110101101101101
1000010000110000
1000110001010001
1100011000011000
0110001100101100
1011010110010110
1001010010110010
1000010000010000
1000110001110001
1000110001110001
1000110001110001
1000110001110001
1000110001110001
1000110001110001
1000110001110001
1000110001110001
1000110010010011
0000010101111111
0000010101011111
0000010101011111
0000010101011111
0000010101011111
0000010101011111
0000010101011111
0000010101011111
0000010101011111
0000010101111110
1000110010010010
1000110001110001
1000110001110001
1000110001110001
1001010010110010
1111111111111111
0000000000000000
0000000000000000
0000000000000000
0000000000000000
0000000000000000
0000000000000000
0000000000000000
0000100001000001
1111111111111111
1000110001110001
1000110001110001
1000110001110001
1000110001110001
1110011100111100
1111111111111111
1111111111111111
1111111111111111
1111111111111111
1110011100111100
1000110001110001
1000110001110001
1000110001110001
1000110001110001
0000000000000000
1111111111111111
1111111111111111
1111111111111111
1111111111111111
1111111111111111
1111111111111111
1111111111111111
1111111111111111
1111111111111111
1001010010010010
1000110001110001
1000110001110001
1000110001110001
1000110001110001
1001100000010000
1001100000010000
1001100000010000
1001100000010000
1001100000010000
1001100000010000
1001100000010000
1001100000010000
1001100000010000
1001100000010000
1000110001110000
1000110001110001
1000110001110001
1000110001110001
1001010010010010
1000110001010001
1000110001110001
1000110001110001
1000110001110001
1000110001110001
1111111111111111
1110111101111101
0001000010000010
1011110111110111
1110111101011101
0000000000100000
0000000000100000
1110011100011100
1000110001010001
0000100001000001
1111011110111110
1111111111011111
0110001100001100
0110001100001100
1111111111111111
1111011110111110
0000100001000001
1000110001010001
1110011100011100
0000100001000001
0000000000100000
1110011100111100
0100001000101000
0101001010101010
1110011100111100
1101011010111010
1100011000111000
1011010110110110
1010010100010100
0101101011101011
0111001110001110
1000110001010001
1010010100110100
1010110101010101
1001010010010010
0111001110101110
1100011000111000
0110101101101101
1000010000110000
1000110001010001
1100011000011000
0110001100101100
1011010110010110
1001110011010011
1000010000010000
1000110001110001
1000110001110001
1000110001110001
1000110001110001
1000110001110001
1000110001110001
1000110001110001
1000110001110001
1000110010010011
0000010101111111
0000010101011111
0000010101011111
0000010101011111
0000010101011111
0000010101011111
0000010101011111
0000010101011111
0000010101011111
0000010101111110
1000110010010010
1000110001110001
1000110001110001
1000110001110001
1000110001110001
0000000000000000
0000000000000000
0000000000000000
0000000000000000
0000000000000000
0000000000000000
0000000000000000
0000000000000000
0000000000000000
1111111111111111
1000110001110001
1000110001110001
1000110001110001
1000110001110001
1110011100111100
1111111111111111
1111111111111111
1111111111111111
1111111111111111
1110111101011101
1000110001110001
1000110001110001
1000110001110001
1000110001110001
0000100001000001
1111111111111111
1111111111111111
1111111111111111
1111111111111111
1111111111111111
1111111111111111
1111111111111111
1111111111111111
1111111111111111
1001010010010010
1000110001110001
1000110001110001
1000110001110001
1000110001110001
1001100000001111
1001100000010000
1001100000010000
1001100000010000
1001100000010000
1001100000010000
1001100000010000
1001100000010000
1001100000010000
1001100000010000
1000110001110001
1000110001110001
1000110001110001
1000110001110001
1001010010010010
1000110001110001
1000110001110001
1000110001110001
1001010010010010
1000110001110001
1001010010010010
1100111001011001
0001000010000010
1011010110110110
1110011100011100
0000000000000000
0000000000000000
1111011110011110
1000110001110001
0001100011000011
1111111111011111
1111111111011111
0110001100001100
0110101101001101
1111111111111111
1111111111111111
0000100001000001
1000010000010000
1111011110111110
0000000000000000
0000100001000001
1110111101011101
0011000110100110
0101001010101010
1110011100111100
1110111101011101
1101011010011010
1011010110110110
1001110011110011
0110001100001100
0111001110101110
1001010010010010
1001110011110011
1010110101110101
1000110001110001
0111101111001111
1100011000111000
0110101101101101
1000010000010000
1000110001010001
1011110111010111
0110001100001100
1011010110110110
1001010010010010
1000110001010001
1000110001110001
1000110001110001
1000110001110001
1000110001110001
1000010000110000
1000110001110001
1000110001110001
1000110001110001
1000110010010011
0000010101011111
0000010101011111
0000010101011111
0000010101011111
0000010101011111
0000010101011111
0000010101011111
0000010101011111
0000010101011111
0000010101011110
1000010001110010
1000110001110001
1000110001110001
1000110001110001
1001010010110010
0000000000100000
0000000000000000
0000000000000000
0000000000000000
0000100001000001
0000000000000000
0000000000000000
0000000000000000
0000000000000000
1111011110111110
1001010010110010
1000110001110001
1000110001110001
1000110001110001
1111011110111110
1111111111011111
1111111111111111
0001100011000011
0001100011000011
1111011110011110
1011110111010111
1011110111010111
1011110111010111
1011110111010111
0101001010101010
1001110011010011
1001110011010011
1001110011010011
1001110011010011
1001110011110011
1001110011010011
1001110011010011
1001110011010011
1001110011010011
1011010110110110
1011110111010111
1011110111010111
1011110111010111
1011110111010111
1001100000010000
1001100000010000
1001100000010000
1001100000010000
1001100000010000
1001100000010000
1001100000010000
1001100000010000
1001100000010000
1001100000010000
1011010111010110
1011110111010111
1011110111010111
1011110111010111
1011110111110111
1011110111010111
1011110111010111
1011110111010111
1011110111010111
1011010110010110
1011110111110111
1011110111010111
1011110111010111
1111111111011111
1111111111111111
1111011110111110
1111011110111110
1111111111111111
1111111111111111
1101111011111011
0000000000000000
0000000000100000
0000000000000000
0000000000000000
0000100001100001
0000000000000000
0000000000100000
0000000000100000
0000000000000000
0000000000000000
0000000000000000
0000000000000000
0000000000000000
0000000000000000
0000100001000001
0000000000000000
0000000000100000
0000100001000001
0000000000000000
0000000000000000
0000000000000000
0000000000000000
0000000000000000
0000000000000000
1101111011111011
1111111111011111
1111111111111111
1111011110011110
1111111111111111
1111111111111111
1111111111111111
1101011010111010
1011010110110110
1011110111010111
1011010110110110
1011110111010111
1011110111010111
1011110111010111
1011110111110111
1011010110110110
1011110111010111
1011110111010111
1011110111010111
1011111000111001
0000010101111111
0000010101011111
0000010101011111
0000010101011111
0000010101011111
0000010101011111
0000010101011111
0000010101011111
0000010101011111
0000010100011101
1011010111010111
1011110111010111
1011110111010111
1011110111010111
1100111001011001
0110101101001101
0110001100101100
0110001100101100
0110001100101100
0101001010101010
0110001100101100
0110001100101100
0110001100101100
0110001100101100
1001010010010010
1011110111110111
1011110111010111
1011110111010111
1011110111010111
1101111011011011
0000000000100000
0001100011000011
0000000000000000
0000000000000000
1110111101011101
1000110001110001
1000110001110001
1000110001110001
1000110001110001
0000000000000000
1111111111111111
1111111111111111
1111111111111111
1111111111111111
1111111111111111
1111111111111111
1111111111111111
1111111111011111
1111111111011111
1001010010010010
1000110001110001
1000110001110001
1000110001110001
1000110001110001
1001100000010000
1001100000010000
1001100000010000
1001100000010000
1001100000010000
1001100000010000
1001100000010000
1001100000010000
1001100000010000
1001100000010000
1000110001110000
1000110001110001
1000110001110001
1000110001110001
1001010010010010
1000110001010001
1000110001110001
1000110001110001
1000110001110001
1000110001110001
1001010010010010
1000110001110001
1000110001110001
1010010100110100
1111111111111111
1111111111111111
1111111111111111
1111111111111111
1111111111111111
1111011110111110
0000000000000000
0000000000000000
0000000000000000
0000000000000000
0000000000000000
0000000000000000
0000000000000000
0000000000000000
0000000000000000
0000000000000000
0000000000000000
0000000000000000
0000000000000000
0000000000000000
0000000000000000
0000000000000000
0000000000000000
0000000000000000
0000000000000000
0000000000000000
0000000000000000
0000000000000000
0000000000000000
0000000000000000
1111011110111110
1111111111111111
1111111111111111
1111111111111111
1111111111111111
1111111111011111
1001110011010011
1000110001110001
1000110001110001
1000110001110001
1000110001110001
1000110001110001
1000110001110001
1000110001110001
1000110001110001
1000110001110001
1000110001110001
1000110001110001
1000110001110001
1000110010010011
0000010101111111
0000010101011111
0000010101011111
0000010101011111
0000010101011111
0000010101011111
0000010101011111
0000010101011111
0000010101011111
0000010101111110
1000110010010010
1000110001110001
1000110001110001
1000110001110001
1000010000110000
0000000000100000
0000000000000000
0000000000000000
0000000000000000
0000000000000000
0000000000000000
0000000000000000
0000000000000000
0000000000000000
1111111111111111
1001010010010010
1000110001110001
1000110001110001
1000110001110001
1110011100111100
0000000000000000
0000000000000000
0000000000000000
0000000000000000
1110111101011101
1000110001110001
1000110001110001
1000110001110001
1000110001110001
0000000000100000
1111111111011111
1111111111111111
1111111111111111
1111111111111111
1111111111111111
1111111111111111
1111111111111111
1111111111011111
1011110111110111
1000110001010001
1000110001110001
1000110001110001
1000110001110001
1000110001110001
1001100000010000
1001100000010000
1001100000010000
1001100000010000
1001100000010000
1001100000010000
1001100000010000
1001100000010000
1001100000010000
1001100000010000
1000110001110000
1000110001110001
1000110001110001
1000110001110001
1001010010010010
1000110001010001
1000110001110001
1000110001110001
1000110001110001
1000110001110001
1001010010010010
1000110001110001
1000110001110001
1000110001110001
1000110001110001
1111111111111111
1111111111111111
1111111111111111
1111111111111111
1111011110111110
0000000000000000
0000000000000000
0000000000000000
0000000000000000
0000000000000000
0000000000000000
0000000000000000
0000000000000000
0000000000000000
0000000000000000
0000000000000000
0000000000000000
0000000000000000
0000000000000000
0000000000000000
0000000000000000
0000000000000000
0000000000000000
0000000000000000
0000000000000000
0000000000000000
0000000000000000
0000000000000000
0000000000000000
1111011110111110
1111111111111111
1111111111111111
1111111111111111
1111111111111111
0111101111101111
1000110001110001
1000110001110001
1000110001110001
1000110001110001
1000110001110001
1000110001110001
1000110001110001
1000110001110001
1000110001110001
1000110001110001
1000110001110001
1000110001110001
1000110001110001
1000110010010011
0000010101111111
0000010101011111
0000010101011111
0000010101011111
0000010101011111
0000010101011111
0000010101011111
0000010101011111
0000010101011111
0000010101111110
1000110010010010
1000110001110001
1000110001110001
1000110001110001
1000010000110000
0101001010001010
0000000000000000
0000000000100000
0000000000000000
0000000000000000
0000000000000000
0000000000000000
0000000000000000
0000000000000000
1111111111111111
1000110001110001
1000110001110001
1000110001110001
1000110001110001
1110011100111100
0000000000000000
0000000000000000
0000000000000000
0000000000000000
1110111101011101
1000110001110001
1000110001110001
1000110001110001
1000110001110001
0000000000100000
0000000000000000
1111111111111111
1111111111111111
1111111111111111
1111111111111111
1111111111111111
1111111111111111
1111011110011110
0000000000100000
1000110001010001
1000110001110001
1000110001110001
1000110001110001
1000110001110001
1001100000010000
1001100000010000
1001100000010000
1001100000010000
1001100000010000
1001100000010000
1001100000010000
1001100000010000
1001100000010000
1001100000010000
1000110001110000
1000110001110001
1000110001110001
1000110001110001
1001010010010010
1000110001010001
1000110001110001
1000110001110001
1000110001110001
1000110001110001
1001010010010010
1000110001110001
1000110001110001
1000110001110001
1000110001110001
1000110001110001
1001010010110010
1111111111111111
1111111111111111
1111011110111110
0000000000000000
0000000000000000
0000000000000000
0000000000000000
0000000000000000
0000000000000000
0000000000000000
0000000000000000
0000000000000000
0000000000000000
0000000000000000
0000000000000000
0000000000000000
0000000000000000
0000000000000000
0000000000000000
0000000000000000
0000000000000000
0000000000000000
0000000000000000
0000000000000000
0000000000000000
0000000000000000
0000000000000000
1111011110111110
1111111111111111
1111111111111111
1001010010110010
1001010010010010
1001010010010010
1000110001110001
1000110001110001
1000110001110001
1000110001110001
1000110001110001
1000110001110001
1000110001110001
1000110001110001
1000110001110001
1000110001110001
1000110001110001
1000110001110001
1000110001110001
1000110010010011
0000010101111111
0000010101011111
0000010101011111
0000010101011111
0000010101011111
0000010101011111
0000010101011111
0000010101011111
0000010101011111
0000010101111110
1000110010010010
1000110001110001
1000110001110001
1000110001110001
1000110001110001
1111111111111111
0010000100100100
0000000000100000
0000000000000000
0000000000000000
0000000000000000
0000000000000000
0000000000000000
1110111101111101
1111111111111111
1000110001110001
1000110001110001
1000110001110001
1000110001110001
1110011100111100
0000000000000000
0000000000000000
0000000000000000
0000000000000000
1110111101111101
1000110001110001
1000110001110001
1000110001110001
1000110001110001
0000000000000000
0001000010000010
0000000000000000
1111111111111111
1111111111111111
1111111111111111
1111111111011111
1100111001111001
0000000000000000
0000000000000000
1001110011010011
1000110001110001
1000110001110001
1000110001110001
1000110001110001
1000100000010000
1000000001001110
1000000001001110
1000000001001110
1000000001001110
0111100000001101
1000000001001110
1000000001001110
1000000001001110
1000000001001110
1000010001110001
1000110001110001
1000110001110001
1000110001110001
1000110001110001
1000110001110001
1000110001110001
1000110001110001
1000110001110001
1000110001110001
1000110001110001
1000110001110001
1000110001110001
1000110001110001
1000110001110001
1000110001110001
1000110001110001
1000110001010001
1111011110111110
1111011110011110
0000000000000000
0000100010000000
0000000000000000
0000000000000000
0000000000000000
0000000000000000
0000000000000000
0000000000000000
0000100000000000
0000100000000000
0000000000100000
0000000000100000
0000000000100000
0000000000100000
0000000000100000
0000000000000000
0000000000000000
0000000000000000
0000000000000000
0000000000000000
0000000000000000
0000000000000000
0000000000100000
0000000001000000
1110111101011011
1111111111111111
1001110011010011
1000110001110001
1001010010010010
1000110001110001
1000110001110001
1000110001110001
1000110001110001
1001010010010010
1000110001010001
1000110001110001
1000110001110001
1000110001110001
1000110001110001
1000110001010001
1000110001110001
1000110001110001
1000110001110001
1000010001110000
0000110011011111
0000010110111111
0000010110111111
0000010110111111
0000010101111111
0000010110111111
0000010110111111
0000010110111111
0000010110111111
0000010100111111
1001010001010000
1000110001110001
1000110001110001
1000110001110001
1000110001110001
1111111111111111
1111111111111111
0100001000001000
0000000000000000
0000000000000000
0000000000000000
0000100001000001
1111111111011111
1111111111111111
1111111111111111
1000110001010001
1000110001110001
1000110001110001
1000110001110001
1110111101011101
0000000000000000
0000000000000000
1111111111111111
1111111111111111
1101111011111011
1001010010110010
1001010010110010
1001010010110010
1001010010110010
1010010100110100
1000110001010001
0111001110101110
1000010000110000
1000110001010001
1000010000110000
0111101111101111
1001010010010010
1000110001010001
1000110001110001
1001110011010011
1001010010110010
1001010010110010
1001010010110010
1001010010110010
1000110100010100
1001110010110001
1001110010110001
1001110010110001
1001110010110001
1001110010110001
1001110010110001
1001110010110001
1001110010110001
1001110010110001
1000110010110010
1001010010110010
1001010010110010
1001010010110010
1001010010110010
1001010010010010
1001010010110010
1001010010110010
1001010010110010
1000110001110001
1001110011010011
1001010010110010
1001010010110010
1001110011110011
1000110001110001
1001010010110010
1001010010110010
1001010010110010
1001010010110010
1011110111010111
1101011101000000
1111111111100100
1111111111100000
1111111111100000
1111111111100000
1111111111100000
1111111111100000
1111111111100000
1111111111100001
1110101000000000
1111100000000000
1111100000000000
1111100000000000
1111100000100000
1111101000100000
1111111111100000
1111111111100000
1111111111100000
1111111111100000
1111111111100000
1111111111100000
1111111111100000
1111111111100000
1101011100100011
1011010110011010
1001010010110010
1001110011010011
1001010010110010
1001010010010010
1000110001110001
1001010010110010
1001010010110010
1001010010110010
1001010010110010
1001010010010010
1001010010110010
1001010010110010
1001010010110010
1001010010110010
1001010010010010
1001010010110010
1001010010110010
1001010010110010
0111110011101111
1001110001110001
1000110001110100
1000110001110100
1000110001110100
1001110011010101
1001110011110101
1000110001110100
1000110001110100
1000110001110100
1001010010110001
1000010100010000
1001010010110010
1001010010110010
1001010010110010
1010010100010100
1001010010110010
1001010010010010
1000110001010001
1001010010010010
1001010010010010
1001110011010011
1000110001010001
1001010010010010
1001010010110010
1011110111010111
1001010010010010
1001010010110010
1001010010110010
1001010010110010
1101111011111011
1111111111111111
1111111111111111
1111111111111111
1111111111111111
1110011100111100
1000110001110001
1000110001110001
1000110001110001
1000110001110001
1011110111110111
1000110001110001
1000110001110001
1000110001110001
1000110001110001
1000110001110001
1000110001110001
1000110001110001
1000110001110001
1000110001110001
1000110001110001
1000110001110001
1000110001110001
1000110001110001
1000110001110001
1000110001010001
1000110001110001
1000110001110001
1000110001110001
1000110001110001
1001010010010010
1000110001110001
1000110001110001
1000110001110001
1000110001110001
1000110001010001
1000110001110001
1000110001110001
1000110001110001
1001010010010010
1000110001010001
1000110001110001
1000110001110001
1000110001110001
1000110001110001
1001010010010010
1000110001110001
1000110001110001
1000110001110001
1000110001110001
1000110001110001
1001010010010010
1000110001110001
1001010010010010
1010110101110101
1001010010010010
1000110001110001
1000110001010001
1101111100100001
1111111111100001
1111111111100000
1111111111100010
1111111111100000
1111111111100010
1111100101100000
1111100000000000
1111100000000000
1111100000000000
1111100000000000
1111100110000001
1111111111100000
1111111111100000
1111111111100000
1111111111000000
1111111111100001
1101111100100000
1000110000110000
1001110011010000
1000110001110001
1010110101110101
1000110001110001
1000110001110001
1000110001110001
1000110001110001
1000110001110001
1000110001110001
1000110001110001
1000110001110001
1000110001110001
1000110001110001
1000110001110001
1000110001110001
1000110001110001
1000110001110001
1000110001110001
1000110001110001
1000110001110001
1000110001110001
1000110001110001
1000110001110001
1000110001110001
1000110001110001
1000110001110001
1000110001110001
1000110001010001
1000110001110001
1000110001110001
1000110001110001
1000110001110001
1000110001110001
1000110001110001
1000110001110001
1000110001110001
1000110001110001
1000110001110001
1000110001110001
1000110001110001
1000110001110001
1000110001110001
1000110001110001
1000110001110001
1000110001110001
1000110001110001
1011110111010111
1000110001110001
1000110001110001
1000110001110001
1000110001110001
1110011100111100
1111111111111111
1111111111111111
1111111111111111
1111111111111111
1110011100111100
1000110001110001
1000110001110001
1000110001110001
1000110001110001
1011110111110111
1000110001110001
1000110001110001
1000110001110001
1000110001110001
1000110001110001
1000110001110001
1000110001110001
1000110001110001
1000110001110001
1000110001110001
1000110001110001
1000110001110001
1000110001110001
1000110001110001
1000110001010001
1000110001110001
1000110001110001
1000110001110001
1000110001110001
1001010010010010
1000110001110001
1000110001110001
1000110001110001
1000110001110001
1000110001010001
1000110001110001
1000110001110001
1000110001110001
1001010010010010
1000110001010001
1000110001110001
1000110001110001
1000110001110001
1000110001110001
1001010010010010
1000110001110001
1000110001110001
1000110001110001
1000110001110001
1000110001110001
1001010010010010
1000110001110001
1001010010010010
1010110101110101
1000110001110001
1000110001110001
1000110001110001
1001010010010010
1101111011111011
1000110001110001
1000110001110001
1001110011101111
1110011010100000
1111001010100000
1111000000000000
1111100000000000
1111100000000000
1111100000100000
1101101010000000
1110011101000010
1010010100001110
1000110001110001
1000110001010001
1101111011111011
1000110001110001
1000110001110001
1000110001110001
1000110001110001
1010110101110101
1000110001110001
1000110001110001
1000110001110001
1000110001110001
1000110001110001
1000110001110001
1000110001110001
1000110001110001
1000110001110001
1000110001110001
1000110001110001
1000110001110001
1000110001110001
1000110001110001
1000110001110001
1000110001110001
1000110001110001
1000110001110001
1000110001110001
1000110001110001
1000110001110001
1000110001110001
1000110001110001
1000110001110001
1000110001010001
1000110001110001
1000110001110001
1000110001110001
1000110001110001
1000110001110001
1000110001110001
1000110001110001
1000110001110001
1000110001110001
1000110001110001
1000110001110001
1000110001110001
1000110001110001
1000110001110001
1000110001110001
1000110001110001
1000110001110001
1000110001110001
1011110111010111
1000110001110001
1000110001110001
1000110001110001
1000110001110001
1110011100111100
1111111111111111
1111111111111111
1111111111111111
1111111111111111
1110011100111100
1000110001110001
1000110001110001
1000110001110001
1000110001110001
1011110111110111
1000110001110001
1000110001110001
1000110001110001
1000110001110001
1000110001110001
1000110001110001
1000110001110001
1000110001110001
1000110001110001
1000110001110001
1000110001110001
1000110001110001
1000110001110001
1000110001110001
1000110001010001
1000110001110001
1000110001110001
1000110001110001
1000110001110001
1001010010010010
1000110001110001
1000110001110001
1000110001110001
1000110001110001
1000110001010001
1000110001110001
1000110001110001
1000110001110001
1001010010010010
1000110001010001
1000110001110001
1000110001110001
1000110001110001
1000110001110001
1001010010010010
1000110001110001
1000110001110001
1000110001110001
1000110001110001
1000110001110001
1001010010010010
1000110001110001
1001010010010010
1010110101110101
1000110001110001
1000110001110001
1000110001110001
1001010010010010
1101111011111011
1000110001110001
1000110001110001
1000110001110000
0111110010001110
1111011110111111
1000110001110010
1000010001010001
1001110001110010
1001110010110010
1110011101011101
1001010010010001
1001110010110000
1000110001110001
1000110001010001
1101111011111011
1000110001110001
1000110001110001
1000110001110001
1000110001110001
1010110101110101
1000110001110001
1000110001110001
1000110001110001
1000110001110001
1000110001110001
1000110001110001
1000110001110001
1000110001110001
1000110001110001
1000110001110001
1000110001110001
1000110001110001
1000110001110001
1000110001110001
1000110001110001
1000110001110001
1000110001110001
1000110001110001
1000110001110001
1000110001110001
1000110001110001
1000110001110001
1000110001110001
1000110001110001
1000110001010001
1000110001110001
1000110001110001
1000110001110001
1000110001110001
1000110001110001
1000110001110001
1000110001110001
1000110001110001
1000110001110001
1000110001110001
1000110001110001
1000110001110001
1000110001110001
1000110001110001
1000110001110001
1000110001110001
1000110001110001
1000110001110001
1011110111010111
1000110001110001
1000110001110001
1000110001110001
1000110001110001
1110011100111100
1111111111111111
1111111111111111
1111111111111111
1111111111111111
1110111101011101
1000110001110001
1000110001110001
1000110001110001
1000110001110001
1100011000111000
1000110001110001
1000110001110001
1000110001110001
1000110001110001
1000110001110001
1000110001110001
1000110001110001
1000110001110001
1000110001110001
1001010010010010
1000110001110001
1000110001110001
1000110001110001
1000110001110001
1001010010110010
1000110001110001
1000110001110001
1000110001110001
1000110001110001
1000010000110000
1000110001110001
1000110001110001
1000110001110001
1000110001110001
1001110011010011
1000110001110001
1000110001110001
1000110001110001
1001010010010010
1000110001010001
1000110001110001
1000110001110001
1000010000110000
1001010010010010
1000110001110001
1000110001110001
1000110001110001
1000110001110001
1001010010010010
1000110001110001
1001010010010010
1000110001110001
1000110001110001
1011110111110111
1000110001110001
1000110001110001
1000110001110001
1001010010110010
1101011010011010
1000110001110001
1000110001110001
1000110001110001
1000110001010001
1111011110011110
1000110001110001
1000110001110001
1000110001110001
1001010010010010
1110111101011101
1000110001110001
1000110001110001
1000110001110001
1000010000110000
1101111011111011
1000110001110001
1000110001110001
1000110001110001
1001010010010010
1011110111110111
1000110001110001
1000110001110001
1000110001110001
1000110001010001
1001010010010010
1000110001110001
1000110001110001
1000110001110001
1001010010010010
1001010010010010
1000110001110001
1000110001110001
1000110001110001
1001010010010010
1000110001110001
1000110001110001
1000110001110001
1000110001110001
1001010010110010
1000010000110000
1000110001110001
1000110001110001
1000110001110001
0111101111101111
1000110001110001
1000110001110001
1000110001110001
1000110001110001
1001010010110010
1000010000010000
1000110001110001
1000110001110001
1000110001110001
1000010000110000
1000110001110001
1000110001110001
1000110001110001
1000110001110001
1001010010110010
1000110001010001
1000110001110001
1000110001110001
1000110001110001
1011110111010111
1001010010010010
1000110001110001
1000110001110001
1000110001110001
1110011100111100
1111111111111111
1111111111111111
0000000000000000
0000000000000000
1101111011111011
1111111111111111
1111111111111111
1111111111111111
1111111111111111
0001000010000010
0000000000000000
0000000000000000
0000000000000000
0000000000000000
1111111111111111
1111111111111111
1111111111111111
1111111111111111
1111111111111111
0000000000000000
0000000000000000
0000000000000000
0000000000000000
0000000000000000
1111111111111111
1111111111111111
1111111111111111
1111111111111111
1111111111111111
0000000000000000
0000000000000000
0000000000000000
0000000000000000
0000000000000000
1111011110011110
1111111111111111
1111111111111111
1111111111111111
1111111111111111
0000000000000000
0000000000000000
0000000000000000
0000000000000000
0000000000000000
1111011110111110
1111111111111111
1111111111111111
1111111111111111
1111111111111111
0000000000000000
0000000000000000
0000000000000000
0000000000000000
0000000000000000
1111111111111111
1111111111111111
1111111111111111
1111111111111111
1110111101011101
0000000000000000
0000000000000000
0000000000000000
0000000000000000
1011110111010111
1111111111111111
1111111111111111
1111111111111111
1111111111111111
1011110111110111
0000000000000000
0000000000000000
0000000000000000
0000000000000000
1110111101111101
1111111111111111
1111111111111111
1111111111111111
1111111111111111
0000000000000000
0000000000000000
0000000000000000
0000000000000000
0000000000100000
1111111111111111
1111111111111111
1111111111111111
1111111111111111
1111111111111111
0000000000000000
0000000000000000
0000000000000000
0000000000000000
0000000000000000
1111111111111111
1111111111111111
1111111111111111
1111111111111111
1111111111011111
0000000000000000
0000000000000000
0000000000000000
0000000000000000
0000000000000000
1111111111111111
1111111111111111
1111111111111111
1111111111111111
1111111111111111
0000000000100000
0000000000000000
0000000000000000
0000000000000000
0000000000000000
1111111111111111
1111111111111111
1111111111111111
1111111111111111
1111111111111111
0000000000100000
0000000000000000
0000000000000000
0000000000000000
0001000010100010
1111111111011111
1111111111111111
1111111111111111
1111111111111111
1101011010111010
0000000000000000
0000000000000000
0000000000000000
0000000000000000
1101011010111010
1111111111111111
1111111111111111
1111111111111111
1111111111111111
0000100001100001
0000000000000000
0000000000000000
0000000000000000
0000000000000000
1111111111011111
1111111111111111
1111111111111111
1111111111111111
1111111111111111
0000000000000000
0000000000000000
0000000000000000
0000000000000000
0000000000000000
1111111111111111
1111111111111111
1111111111111111
1111111111111111
1111111111111111
0000000000000000
0000000000000000
0000000000000000
0000000000000000
0000000000000000
1111111111011111
1111111111111111
1111111111111111
1111111111111111
1111111111111111
0000000000000000
0000000000000000
0000000000000000
0000000000000000
0000000000000000
1111111111111111
1111111111111111
1111111111111111
1111111111111111
1111111111111111
0000000000000000
0000000000000000
0000000000000000
0000000000000000
0000000000100000
1111111111111111
1111111111111111
1111111111111111
1111111111111111
1110111101011101
0000000000000000
0000000000000000
0000000000000000
0000000000000000
1100011000111000
1111111111111111
1111111111111111
1111111111111111
1111111111111111
1100111001011001
0000000000000000
0000000000000000
0000000000000000
0000000000000000
1110111101111101
1111111111111111
1111111111111111
1111111111111111
1111111111111111
0000000000100000
0000000000000000
0000000000000000
0000000000000000
0000000000000000
1111111111111111
1111111111111111
1111111111111111
1111111111111111
1111111111111111
0000000000000000
0000000000000000
0000000000000000
0000000000000000
0000000000000000
1111111111111111
1111111111111111
1111111111111111
1111111111111111
1111111111111111
0000000000000000
0000000000000000
0000000000000000
0000000000000000
0000000000000000
1111111111111111
1111111111111111
1111111111111111
1111111111111111
1111111111111111
0000000000000000
0000000000000000
0000000000000000
0000000000000000
0000000000000000
1111111111111111
1111111111111111
1111111111111111
1111111111111111
1111111111111111
0000000000000000
0000000000000000
0000000000000000
0000000000000000
0001000010000010
1111111111111111
1111111111111111
1111111111111111
1111111111111111
1101011010111010
0000000000000000
0000000000000000
0000000000000000
0000000000000000
1101011010111010
1111111111111111
1111111111111111
1111111111111111
1111111111111111
0000100001100001
0000000000000000
0000000000000000
0000000000000000
0000000000000000
1111111111011111
1111111111111111
1111111111111111
1111111111111111
1111111111111111
0000000000000000
0000000000000000
0000000000000000
0000000000000000
0000000000000000
1111111111111111
1111111111111111
1111111111111111
1111111111111111
1111111111111111
0000000000000000
0000000000000000
0000000000000000
0000000000000000
0000000000000000
1111111111011111
1111111111111111
1111111111111111
1111111111111111
1111111111111111
0000000000000000
0000000000000000
0000000000000000
0000000000000000
0000000000000000
1111111111111111
1111111111111111
1111111111111111
1111111111111111
1111111111111111
0000000000000000
0000000000000000
0000000000000000
0000000000000000
0000000000100000
1111111111111111
1111111111111111
1111111111111111
1111111111111111
1110111101011101
0000000000000000
0000000000000000
0000000000000000
0000000000000000
1100011000111000
1111111111111111
1111111111111111
1111111111111111
1111111111111111
1100111001011001
0000000000000000
0000000000000000
0000000000000000
0000000000000000
1110111101111101
1111111111111111
1111111111111111
1111111111111111
1111111111111111
0000000000100000
0000000000000000
0000000000000000
0000000000000000
0000000000000000
1111111111111111
1111111111111111
1111111111111111
1111111111111111
1111111111111111
0000000000000000
0000000000000000
0000000000000000
0000000000000000
0000000000000000
1111111111111111
1111111111111111
1111111111111111
1111111111111111
1111111111111111
0000000000000000
0000000000000000
0000000000000000
0000000000000000
0000000000000000
1111111111111111
1111111111111111
1111111111111111
1111111111111111
1111111111111111
0000000000000000
0000000000000000
0000000000000000
0000000000000000
0000000000000000
1111111111111111
1111111111111111
1111111111111111
1111111111111111
1111111111111111
0000000000000000
0000000000000000
0000000000000000
0000000000000000
0001000010000010
1111111111111111
1111111111111111
1111111111111111
1111111111111111
1101011010111010
0000000000000000
0000000000000000
0000000000000000
0000000000000000
1101011010111010
1111111111111111
1111111111111111
1111111111111111
1111111111111111
0000100001100001
0000000000000000
0000000000000000
0000000000000000
0000000000000000
1111111111011111
1111111111111111
1111111111111111
1111111111111111
1111111111111111
0000000000000000
0000000000000000
0000000000000000
0000000000000000
0000000000000000
1111111111111111
1111111111111111
1111111111111111
1111111111111111
1111111111111111
0000000000000000
0000000000000000
0000000000000000
0000000000000000
0000000000000000
1111111111011111
1111111111111111
1111111111111111
1111111111111111
1111111111111111
0000000000000000
0000000000000000
0000000000000000
0000000000000000
0000000000000000
1111111111111111
1111111111111111
1111111111111111
1111111111111111
1111111111111111
0000000000000000
0000000000000000
0000000000000000
0000000000000000
0000000000100000
1111111111111111
1111111111111111
1111111111111111
1111111111111111
1110111101011101
0000000000000000
0000000000000000
0000000000000000
0000000000000000
1100011000111000
1111111111111111
1111111111111111
1111111111111111
1111111111111111
1100111001011001
0000000000000000
0000000000000000
0000000000000000
0000000000000000
1110111101111101
1111111111111111
1111111111111111
1111111111111111
1111111111111111
0000000000100000
0000000000000000
0000000000000000
0000000000000000
0000000000000000
1111111111111111
1111111111111111
1111111111111111
1111111111111111
1111111111111111
0000000000000000
0000000000000000
0000000000000000
0000000000000000
0000000000000000
1111111111111111
1111111111111111
1111111111111111
1111111111111111
1111111111111111
0000000000000000
0000000000000000
0000000000000000
0000000000000000
0000000000000000
1111111111111111
1111111111111111
1111111111111111
1111111111111111
1111111111111111
0000000000000000
0000000000000000
0000000000000000
0000000000000000
0000000000000000
1111111111111111
1111111111111111
1111111111111111
1111111111111111
1111111111111111
0000000000000000
0000000000000000
0000000000000000
0000000000000000
0001000010000010
1111111111111111
1111111111111111
1111111111111111
1111111111111111
1101011010111010
0000000000000000
0000000000000000
